/****************************************************************************
** Resource object code
**
** Created by: The Resource Compiler for Qt version 6.11.2
**
** WARNING! All changes made in this file will be lost!
*****************************************************************************/

#ifdef _MSC_VER
// disable informational message "function ... selected for automatic inline expansion"
#pragma warning (disable: 4711)
#endif

static const unsigned char qt_resource_data[] = {
  // Main.qml
  0x0,0x0,0x1,0xe9,
  0x69,
  0x6d,0x70,0x6f,0x72,0x74,0x20,0x51,0x74,0x51,0x75,0x69,0x63,0x6b,0xd,0xa,0x69,
  0x6d,0x70,0x6f,0x72,0x74,0x20,0x51,0x74,0x51,0x75,0x69,0x63,0x6b,0x2e,0x43,0x6f,
  0x6e,0x74,0x72,0x6f,0x6c,0x73,0xd,0xa,0x69,0x6d,0x70,0x6f,0x72,0x74,0x20,0x51,
  0x74,0x51,0x75,0x69,0x63,0x6b,0x2e,0x4c,0x61,0x79,0x6f,0x75,0x74,0x73,0xd,0xa,
  0x69,0x6d,0x70,0x6f,0x72,0x74,0x20,0x41,0x6e,0x74,0x72,0x6f,0xd,0xa,0xd,0xa,
  0x57,0x69,0x6e,0x64,0x6f,0x77,0x20,0x7b,0xd,0xa,0x20,0x20,0x20,0x20,0x69,0x64,
  0x3a,0x20,0x77,0x69,0x6e,0x64,0x6f,0x77,0xd,0xa,0x20,0x20,0x20,0x20,0x77,0x69,
  0x64,0x74,0x68,0x3a,0x20,0x31,0x32,0x38,0x30,0xd,0xa,0x20,0x20,0x20,0x20,0x68,
  0x65,0x69,0x67,0x68,0x74,0x3a,0x20,0x37,0x32,0x30,0xd,0xa,0x20,0x20,0x20,0x20,
  0x6d,0x69,0x6e,0x69,0x6d,0x75,0x6d,0x57,0x69,0x64,0x74,0x68,0x3a,0x20,0x39,0x30,
  0x30,0xd,0xa,0x20,0x20,0x20,0x20,0x6d,0x69,0x6e,0x69,0x6d,0x75,0x6d,0x48,0x65,
  0x69,0x67,0x68,0x74,0x3a,0x20,0x36,0x30,0x30,0xd,0xa,0xd,0xa,0x20,0x20,0x20,
  0x20,0x76,0x69,0x73,0x69,0x62,0x6c,0x65,0x3a,0x20,0x74,0x72,0x75,0x65,0xd,0xa,
  0x20,0x20,0x20,0x20,0x74,0x69,0x74,0x6c,0x65,0x3a,0x20,0x71,0x73,0x54,0x72,0x28,
  0x22,0x41,0x6e,0x74,0x72,0x6f,0x22,0x29,0xd,0xa,0x20,0x20,0x20,0x20,0x43,0x6f,
  0x6e,0x6e,0x65,0x63,0x74,0x69,0x6f,0x6e,0x73,0x20,0x7b,0xd,0xa,0x20,0x20,0x20,
  0x20,0x20,0x20,0x20,0x20,0x74,0x61,0x72,0x67,0x65,0x74,0x3a,0x20,0x41,0x75,0x74,
  0x68,0x43,0x6f,0x6e,0x74,0x72,0x6f,0x6c,0x6c,0x65,0x72,0xd,0xa,0x20,0x20,0x20,
  0x20,0x20,0x20,0x20,0x20,0x66,0x75,0x6e,0x63,0x74,0x69,0x6f,0x6e,0x20,0x6f,0x6e,
  0x55,0x73,0x75,0x61,0x72,0x69,0x6f,0x43,0x68,0x61,0x6e,0x67,0x65,0x64,0x28,0x29,
  0x20,0x7b,0x20,0x43,0x6f,0x6d,0x70,0x72,0x61,0x64,0x6f,0x72,0x43,0x6f,0x6e,0x74,
  0x72,0x6f,0x6c,0x6c,0x65,0x72,0x2e,0x6c,0x69,0x6d,0x70,0x61,0x72,0x28,0x29,0x20,
  0x7d,0xd,0xa,0x20,0x20,0x20,0x20,0x7d,0xd,0xa,0x20,0x20,0x20,0x20,0x53,0x74,
  0x61,0x63,0x6b,0x56,0x69,0x65,0x77,0x20,0x7b,0xd,0xa,0x20,0x20,0x20,0x20,0x20,
  0x20,0x20,0x20,0x69,0x64,0x3a,0x20,0x73,0x74,0x61,0x63,0x6b,0x56,0x69,0x65,0x77,
  0xd,0xa,0x20,0x20,0x20,0x20,0x20,0x20,0x20,0x20,0x61,0x6e,0x63,0x68,0x6f,0x72,
  0x73,0x2e,0x66,0x69,0x6c,0x6c,0x3a,0x20,0x70,0x61,0x72,0x65,0x6e,0x74,0xd,0xa,
  0x20,0x20,0x20,0x20,0x20,0x20,0x20,0x20,0x69,0x6e,0x69,0x74,0x69,0x61,0x6c,0x49,
  0x74,0x65,0x6d,0x3a,0x20,0x22,0x74,0x65,0x6c,0x61,0x73,0x2f,0x4c,0x6f,0x67,0x69,
  0x6e,0x53,0x63,0x72,0x65,0x65,0x6e,0x2e,0x71,0x6d,0x6c,0x22,0xd,0xa,0x20,0x20,
  0x20,0x20,0x7d,0xd,0xa,0x7d,0xd,0xa,
    // HomeScreen.qml
  0x0,0x0,0xc,0xce,
  0x69,
  0x6d,0x70,0x6f,0x72,0x74,0x20,0x51,0x74,0x51,0x75,0x69,0x63,0x6b,0xd,0xa,0x69,
  0x6d,0x70,0x6f,0x72,0x74,0x20,0x51,0x74,0x51,0x75,0x69,0x63,0x6b,0x2e,0x43,0x6f,
  0x6e,0x74,0x72,0x6f,0x6c,0x73,0xd,0xa,0x69,0x6d,0x70,0x6f,0x72,0x74,0x20,0x51,
  0x74,0x51,0x75,0x69,0x63,0x6b,0x2e,0x4c,0x61,0x79,0x6f,0x75,0x74,0x73,0xd,0xa,
  0x69,0x6d,0x70,0x6f,0x72,0x74,0x20,0x41,0x6e,0x74,0x72,0x6f,0xd,0xa,0xd,0xa,
  0x50,0x61,0x67,0x69,0x6e,0x61,0x43,0x6f,0x6d,0x70,0x72,0x61,0x64,0x6f,0x72,0x20,
  0x7b,0xd,0xa,0x20,0x20,0x20,0x20,0x69,0x64,0x3a,0x20,0x68,0x6f,0x6d,0x65,0x50,
  0x61,0x67,0x65,0xd,0xa,0x20,0x20,0x20,0x20,0x72,0x65,0x61,0x64,0x6f,0x6e,0x6c,
  0x79,0x20,0x70,0x72,0x6f,0x70,0x65,0x72,0x74,0x79,0x20,0x62,0x6f,0x6f,0x6c,0x20,
  0x69,0x73,0x46,0x61,0x72,0x6d,0x65,0x72,0x3a,0x20,0x41,0x75,0x74,0x68,0x43,0x6f,
  0x6e,0x74,0x72,0x6f,0x6c,0x6c,0x65,0x72,0x2e,0x70,0x65,0x72,0x66,0x69,0x6c,0x55,
  0x73,0x75,0x61,0x72,0x69,0x6f,0x20,0x3d,0x3d,0x3d,0x20,0x22,0x66,0x65,0x69,0x72,
  0x61,0x6e,0x74,0x65,0x22,0xd,0xa,0x20,0x20,0x20,0x20,0x69,0x6e,0x69,0x63,0x69,
  0x6f,0x3a,0x20,0x74,0x72,0x75,0x65,0xd,0xa,0x20,0x20,0x20,0x20,0x6d,0x6f,0x73,
  0x74,0x72,0x61,0x72,0x56,0x6f,0x6c,0x74,0x61,0x72,0x3a,0x20,0x66,0x61,0x6c,0x73,
  0x65,0xd,0xa,0x20,0x20,0x20,0x20,0x6d,0x6f,0x73,0x74,0x72,0x61,0x72,0x53,0x61,
  0x63,0x6f,0x6c,0x61,0x3a,0x20,0x21,0x69,0x73,0x46,0x61,0x72,0x6d,0x65,0x72,0xd,
  0xa,0xd,0xa,0x20,0x20,0x20,0x20,0x43,0x6f,0x6c,0x75,0x6d,0x6e,0x4c,0x61,0x79,
  0x6f,0x75,0x74,0x20,0x7b,0xd,0xa,0x20,0x20,0x20,0x20,0x20,0x20,0x20,0x20,0x61,
  0x6e,0x63,0x68,0x6f,0x72,0x73,0x2e,0x66,0x69,0x6c,0x6c,0x3a,0x20,0x70,0x61,0x72,
  0x65,0x6e,0x74,0xd,0xa,0x20,0x20,0x20,0x20,0x20,0x20,0x20,0x20,0x61,0x6e,0x63,
  0x68,0x6f,0x72,0x73,0x2e,0x6d,0x61,0x72,0x67,0x69,0x6e,0x73,0x3a,0x20,0x33,0x36,
  0xd,0xa,0x20,0x20,0x20,0x20,0x20,0x20,0x20,0x20,0x73,0x70,0x61,0x63,0x69,0x6e,
  0x67,0x3a,0x20,0x31,0x38,0xd,0xa,0x20,0x20,0x20,0x20,0x20,0x20,0x20,0x20,0x4c,
  0x61,0x62,0x65,0x6c,0x20,0x7b,0xd,0xa,0x20,0x20,0x20,0x20,0x20,0x20,0x20,0x20,
  0x20,0x20,0x20,0x20,0x74,0x65,0x78,0x74,0x3a,0x20,0x68,0x6f,0x6d,0x65,0x50,0x61,
  0x67,0x65,0x2e,0x69,0x73,0x46,0x61,0x72,0x6d,0x65,0x72,0x20,0x3f,0x20,0x22,0x53,
  0x65,0x75,0x73,0x20,0x70,0x72,0x6f,0x64,0x75,0x74,0x6f,0x73,0x22,0x20,0x3a,0x20,
  0x22,0x46,0x65,0x69,0x72,0x61,0x73,0x20,0x64,0x6f,0x20,0x52,0x65,0x63,0x69,0x66,
  0x65,0x22,0xd,0xa,0x20,0x20,0x20,0x20,0x20,0x20,0x20,0x20,0x20,0x20,0x20,0x20,
  0x66,0x6f,0x6e,0x74,0x2e,0x70,0x69,0x78,0x65,0x6c,0x53,0x69,0x7a,0x65,0x3a,0x20,
  0x33,0x36,0xd,0xa,0x20,0x20,0x20,0x20,0x20,0x20,0x20,0x20,0x20,0x20,0x20,0x20,
  0x66,0x6f,0x6e,0x74,0x2e,0x62,0x6f,0x6c,0x64,0x3a,0x20,0x74,0x72,0x75,0x65,0xd,
  0xa,0x20,0x20,0x20,0x20,0x20,0x20,0x20,0x20,0x20,0x20,0x20,0x20,0x63,0x6f,0x6c,
  0x6f,0x72,0x3a,0x20,0x22,0x23,0x31,0x37,0x32,0x30,0x31,0x42,0x22,0xd,0xa,0x20,
  0x20,0x20,0x20,0x20,0x20,0x20,0x20,0x7d,0xd,0xa,0x20,0x20,0x20,0x20,0x20,0x20,
  0x20,0x20,0x43,0x6f,0x6c,0x75,0x6d,0x6e,0x4c,0x61,0x79,0x6f,0x75,0x74,0x20,0x7b,
  0xd,0xa,0x20,0x20,0x20,0x20,0x20,0x20,0x20,0x20,0x20,0x20,0x20,0x20,0x76,0x69,
  0x73,0x69,0x62,0x6c,0x65,0x3a,0x20,0x68,0x6f,0x6d,0x65,0x50,0x61,0x67,0x65,0x2e,
  0x69,0x73,0x46,0x61,0x72,0x6d,0x65,0x72,0xd,0xa,0x20,0x20,0x20,0x20,0x20,0x20,
  0x20,0x20,0x20,0x20,0x20,0x20,0x4c,0x61,0x62,0x65,0x6c,0x20,0x7b,0x20,0x74,0x65,
  0x78,0x74,0x3a,0x20,0x22,0x56,0x6f,0x63,0xc3,0xaa,0x20,0x61,0x69,0x6e,0x64,0x61,
  0x20,0x6e,0xc3,0xa3,0x6f,0x20,0x63,0x61,0x64,0x61,0x73,0x74,0x72,0x6f,0x75,0x20,
  0x6e,0x65,0x6e,0x68,0x75,0x6d,0x20,0x70,0x72,0x6f,0x64,0x75,0x74,0x6f,0x2e,0x22,
  0x3b,0x20,0x63,0x6f,0x6c,0x6f,0x72,0x3a,0x20,0x22,0x23,0x36,0x36,0x37,0x30,0x36,
  0x41,0x22,0x20,0x7d,0xd,0xa,0x20,0x20,0x20,0x20,0x20,0x20,0x20,0x20,0x20,0x20,
  0x20,0x20,0x42,0x6f,0x74,0x61,0x6f,0x41,0x6e,0x74,0x72,0x6f,0x20,0x7b,0x20,0x74,
  0x65,0x78,0x74,0x3a,0x20,0x22,0x41,0x64,0x69,0x63,0x69,0x6f,0x6e,0x61,0x72,0x20,
  0x70,0x72,0x6f,0x64,0x75,0x74,0x6f,0x22,0x20,0x20,0x7d,0xd,0xa,0x20,0x20,0x20,
  0x20,0x20,0x20,0x20,0x20,0x20,0x20,0x20,0x20,0x49,0x74,0x65,0x6d,0x20,0x7b,0x20,
  0x4c,0x61,0x79,0x6f,0x75,0x74,0x2e,0x66,0x69,0x6c,0x6c,0x48,0x65,0x69,0x67,0x68,
  0x74,0x3a,0x20,0x74,0x72,0x75,0x65,0x20,0x7d,0xd,0xa,0x20,0x20,0x20,0x20,0x20,
  0x20,0x20,0x20,0x7d,0xd,0xa,0x20,0x20,0x20,0x20,0x20,0x20,0x20,0x20,0x4c,0x61,
  0x62,0x65,0x6c,0x20,0x7b,0xd,0xa,0x20,0x20,0x20,0x20,0x20,0x20,0x20,0x20,0x20,
  0x20,0x20,0x20,0x76,0x69,0x73,0x69,0x62,0x6c,0x65,0x3a,0x20,0x21,0x68,0x6f,0x6d,
  0x65,0x50,0x61,0x67,0x65,0x2e,0x69,0x73,0x46,0x61,0x72,0x6d,0x65,0x72,0xd,0xa,
  0x20,0x20,0x20,0x20,0x20,0x20,0x20,0x20,0x20,0x20,0x20,0x20,0x74,0x65,0x78,0x74,
  0x3a,0x20,0x22,0x45,0x73,0x63,0x6f,0x6c,0x68,0x61,0x20,0x75,0x6d,0x61,0x20,0x66,
  0x65,0x69,0x72,0x61,0x20,0x70,0x61,0x72,0x61,0x20,0x63,0x6f,0x6e,0x68,0x65,0x63,
  0x65,0x72,0x20,0x6f,0x73,0x20,0x76,0x65,0x6e,0x64,0x65,0x64,0x6f,0x72,0x65,0x73,
  0x20,0x65,0x20,0x73,0x65,0x75,0x73,0x20,0x70,0x72,0x6f,0x64,0x75,0x74,0x6f,0x73,
  0x2e,0x22,0xd,0xa,0x20,0x20,0x20,0x20,0x20,0x20,0x20,0x20,0x20,0x20,0x20,0x20,
  0x63,0x6f,0x6c,0x6f,0x72,0x3a,0x20,0x22,0x23,0x36,0x36,0x37,0x30,0x36,0x41,0x22,
  0xd,0xa,0x20,0x20,0x20,0x20,0x20,0x20,0x20,0x20,0x20,0x20,0x20,0x20,0x77,0x72,
  0x61,0x70,0x4d,0x6f,0x64,0x65,0x3a,0x20,0x54,0x65,0x78,0x74,0x2e,0x57,0x6f,0x72,
  0x64,0x57,0x72,0x61,0x70,0xd,0xa,0x20,0x20,0x20,0x20,0x20,0x20,0x20,0x20,0x20,
  0x20,0x20,0x20,0x4c,0x61,0x79,0x6f,0x75,0x74,0x2e,0x66,0x69,0x6c,0x6c,0x57,0x69,
  0x64,0x74,0x68,0x3a,0x20,0x74,0x72,0x75,0x65,0xd,0xa,0x20,0x20,0x20,0x20,0x20,
  0x20,0x20,0x20,0x7d,0xd,0xa,0x20,0x20,0x20,0x20,0x20,0x20,0x20,0x20,0x4c,0x61,
  0x62,0x65,0x6c,0x20,0x7b,0xd,0xa,0x20,0x20,0x20,0x20,0x20,0x20,0x20,0x20,0x20,
  0x20,0x20,0x20,0x76,0x69,0x73,0x69,0x62,0x6c,0x65,0x3a,0x20,0x21,0x68,0x6f,0x6d,
  0x65,0x50,0x61,0x67,0x65,0x2e,0x69,0x73,0x46,0x61,0x72,0x6d,0x65,0x72,0xd,0xa,
  0x20,0x20,0x20,0x20,0x20,0x20,0x20,0x20,0x20,0x20,0x20,0x20,0x74,0x65,0x78,0x74,
  0x3a,0x20,0x22,0x44,0x65,0x6d,0x6f,0x6e,0x73,0x74,0x72,0x61,0xc3,0xa7,0xc3,0xa3,
  0x6f,0x3a,0x20,0x76,0x65,0x6e,0x64,0x65,0x64,0x6f,0x72,0x65,0x73,0x20,0x65,0x20,
  0x70,0x72,0x6f,0x64,0x75,0x74,0x6f,0x73,0x20,0x64,0x65,0x20,0x65,0x78,0x65,0x6d,
  0x70,0x6c,0x6f,0x2e,0x20,0x43,0x6f,0x6e,0x66,0x69,0x72,0x6d,0x65,0x20,0x6f,0x73,
  0x20,0x68,0x6f,0x72,0xc3,0xa1,0x72,0x69,0x6f,0x73,0x20,0x63,0x6f,0x6d,0x20,0x61,
  0x20,0x6f,0x72,0x67,0x61,0x6e,0x69,0x7a,0x61,0xc3,0xa7,0xc3,0xa3,0x6f,0x2e,0x22,
  0xd,0xa,0x20,0x20,0x20,0x20,0x20,0x20,0x20,0x20,0x20,0x20,0x20,0x20,0x63,0x6f,
  0x6c,0x6f,0x72,0x3a,0x20,0x22,0x23,0x36,0x36,0x37,0x30,0x36,0x41,0x22,0xd,0xa,
  0x20,0x20,0x20,0x20,0x20,0x20,0x20,0x20,0x20,0x20,0x20,0x20,0x66,0x6f,0x6e,0x74,
  0x2e,0x70,0x69,0x78,0x65,0x6c,0x53,0x69,0x7a,0x65,0x3a,0x20,0x31,0x32,0xd,0xa,
  0x20,0x20,0x20,0x20,0x20,0x20,0x20,0x20,0x20,0x20,0x20,0x20,0x77,0x72,0x61,0x70,
  0x4d,0x6f,0x64,0x65,0x3a,0x20,0x54,0x65,0x78,0x74,0x2e,0x57,0x6f,0x72,0x64,0x57,
  0x72,0x61,0x70,0xd,0xa,0x20,0x20,0x20,0x20,0x20,0x20,0x20,0x20,0x20,0x20,0x20,
  0x20,0x4c,0x61,0x79,0x6f,0x75,0x74,0x2e,0x66,0x69,0x6c,0x6c,0x57,0x69,0x64,0x74,
  0x68,0x3a,0x20,0x74,0x72,0x75,0x65,0xd,0xa,0x20,0x20,0x20,0x20,0x20,0x20,0x20,
  0x20,0x7d,0xd,0xa,0x20,0x20,0x20,0x20,0x20,0x20,0x20,0x20,0x4c,0x69,0x73,0x74,
  0x56,0x69,0x65,0x77,0x20,0x7b,0xd,0xa,0x20,0x20,0x20,0x20,0x20,0x20,0x20,0x20,
  0x20,0x20,0x20,0x20,0x69,0x64,0x3a,0x20,0x6c,0x69,0x73,0x74,0x61,0x46,0x65,0x69,
  0x72,0x61,0x73,0xd,0xa,0x20,0x20,0x20,0x20,0x20,0x20,0x20,0x20,0x20,0x20,0x20,
  0x20,0x76,0x69,0x73,0x69,0x62,0x6c,0x65,0x3a,0x20,0x21,0x68,0x6f,0x6d,0x65,0x50,
  0x61,0x67,0x65,0x2e,0x69,0x73,0x46,0x61,0x72,0x6d,0x65,0x72,0xd,0xa,0x20,0x20,
  0x20,0x20,0x20,0x20,0x20,0x20,0x20,0x20,0x20,0x20,0x4c,0x61,0x79,0x6f,0x75,0x74,
  0x2e,0x66,0x69,0x6c,0x6c,0x57,0x69,0x64,0x74,0x68,0x3a,0x20,0x74,0x72,0x75,0x65,
  0xd,0xa,0x20,0x20,0x20,0x20,0x20,0x20,0x20,0x20,0x20,0x20,0x20,0x20,0x4c,0x61,
  0x79,0x6f,0x75,0x74,0x2e,0x66,0x69,0x6c,0x6c,0x48,0x65,0x69,0x67,0x68,0x74,0x3a,
  0x20,0x74,0x72,0x75,0x65,0xd,0xa,0x20,0x20,0x20,0x20,0x20,0x20,0x20,0x20,0x20,
  0x20,0x20,0x20,0x63,0x6c,0x69,0x70,0x3a,0x20,0x74,0x72,0x75,0x65,0xd,0xa,0x20,
  0x20,0x20,0x20,0x20,0x20,0x20,0x20,0x20,0x20,0x20,0x20,0x73,0x70,0x61,0x63,0x69,
  0x6e,0x67,0x3a,0x20,0x31,0x38,0xd,0xa,0x20,0x20,0x20,0x20,0x20,0x20,0x20,0x20,
  0x20,0x20,0x20,0x20,0x6d,0x6f,0x64,0x65,0x6c,0x3a,0x20,0x43,0x6f,0x6d,0x70,0x72,
  0x61,0x64,0x6f,0x72,0x43,0x6f,0x6e,0x74,0x72,0x6f,0x6c,0x6c,0x65,0x72,0x2e,0x66,
  0x65,0x69,0x72,0x61,0x73,0x28,0x29,0xd,0xa,0x20,0x20,0x20,0x20,0x20,0x20,0x20,
  0x20,0x20,0x20,0x20,0x20,0x53,0x63,0x72,0x6f,0x6c,0x6c,0x42,0x61,0x72,0x2e,0x76,
  0x65,0x72,0x74,0x69,0x63,0x61,0x6c,0x3a,0x20,0x53,0x63,0x72,0x6f,0x6c,0x6c,0x42,
  0x61,0x72,0x20,0x7b,0x7d,0xd,0xa,0x20,0x20,0x20,0x20,0x20,0x20,0x20,0x20,0x20,
  0x20,0x20,0x20,0x64,0x65,0x6c,0x65,0x67,0x61,0x74,0x65,0x3a,0x20,0x52,0x65,0x63,
  0x74,0x61,0x6e,0x67,0x6c,0x65,0x20,0x7b,0xd,0xa,0x20,0x20,0x20,0x20,0x20,0x20,
  0x20,0x20,0x20,0x20,0x20,0x20,0x20,0x20,0x20,0x20,0x72,0x65,0x71,0x75,0x69,0x72,
  0x65,0x64,0x20,0x70,0x72,0x6f,0x70,0x65,0x72,0x74,0x79,0x20,0x76,0x61,0x72,0x20,
  0x6d,0x6f,0x64,0x65,0x6c,0x44,0x61,0x74,0x61,0xd,0xa,0x20,0x20,0x20,0x20,0x20,
  0x20,0x20,0x20,0x20,0x20,0x20,0x20,0x20,0x20,0x20,0x20,0x77,0x69,0x64,0x74,0x68,
  0x3a,0x20,0x6c,0x69,0x73,0x74,0x61,0x46,0x65,0x69,0x72,0x61,0x73,0x2e,0x77,0x69,
  0x64,0x74,0x68,0xd,0xa,0x20,0x20,0x20,0x20,0x20,0x20,0x20,0x20,0x20,0x20,0x20,
  0x20,0x20,0x20,0x20,0x20,0x68,0x65,0x69,0x67,0x68,0x74,0x3a,0x20,0x63,0x6f,0x6e,
  0x74,0x65,0x75,0x64,0x6f,0x2e,0x69,0x6d,0x70,0x6c,0x69,0x63,0x69,0x74,0x48,0x65,
  0x69,0x67,0x68,0x74,0x20,0x2b,0x20,0x35,0x36,0xd,0xa,0x20,0x20,0x20,0x20,0x20,
  0x20,0x20,0x20,0x20,0x20,0x20,0x20,0x20,0x20,0x20,0x20,0x63,0x6f,0x6c,0x6f,0x72,
  0x3a,0x20,0x22,0x77,0x68,0x69,0x74,0x65,0x22,0xd,0xa,0x20,0x20,0x20,0x20,0x20,
  0x20,0x20,0x20,0x20,0x20,0x20,0x20,0x20,0x20,0x20,0x20,0x72,0x61,0x64,0x69,0x75,
  0x73,0x3a,0x20,0x31,0x34,0xd,0xa,0x20,0x20,0x20,0x20,0x20,0x20,0x20,0x20,0x20,
  0x20,0x20,0x20,0x20,0x20,0x20,0x20,0x62,0x6f,0x72,0x64,0x65,0x72,0x2e,0x63,0x6f,
  0x6c,0x6f,0x72,0x3a,0x20,0x22,0x23,0x45,0x34,0x45,0x38,0x45,0x35,0x22,0xd,0xa,
  0x20,0x20,0x20,0x20,0x20,0x20,0x20,0x20,0x20,0x20,0x20,0x20,0x20,0x20,0x20,0x20,
  0x52,0x6f,0x77,0x4c,0x61,0x79,0x6f,0x75,0x74,0x20,0x7b,0xd,0xa,0x20,0x20,0x20,
  0x20,0x20,0x20,0x20,0x20,0x20,0x20,0x20,0x20,0x20,0x20,0x20,0x20,0x20,0x20,0x20,
  0x20,0x69,0x64,0x3a,0x20,0x63,0x6f,0x6e,0x74,0x65,0x75,0x64,0x6f,0xd,0xa,0x20,
  0x20,0x20,0x20,0x20,0x20,0x20,0x20,0x20,0x20,0x20,0x20,0x20,0x20,0x20,0x20,0x20,
  0x20,0x20,0x20,0x61,0x6e,0x63,0x68,0x6f,0x72,0x73,0x2e,0x66,0x69,0x6c,0x6c,0x3a,
  0x20,0x70,0x61,0x72,0x65,0x6e,0x74,0xd,0xa,0x20,0x20,0x20,0x20,0x20,0x20,0x20,
  0x20,0x20,0x20,0x20,0x20,0x20,0x20,0x20,0x20,0x20,0x20,0x20,0x20,0x61,0x6e,0x63,
  0x68,0x6f,0x72,0x73,0x2e,0x6d,0x61,0x72,0x67,0x69,0x6e,0x73,0x3a,0x20,0x32,0x38,
  0xd,0xa,0x20,0x20,0x20,0x20,0x20,0x20,0x20,0x20,0x20,0x20,0x20,0x20,0x20,0x20,
  0x20,0x20,0x20,0x20,0x20,0x20,0x52,0x65,0x63,0x74,0x61,0x6e,0x67,0x6c,0x65,0x20,
  0x7b,0xd,0xa,0x20,0x20,0x20,0x20,0x20,0x20,0x20,0x20,0x20,0x20,0x20,0x20,0x20,
  0x20,0x20,0x20,0x20,0x20,0x20,0x20,0x20,0x20,0x20,0x20,0x4c,0x61,0x79,0x6f,0x75,
  0x74,0x2e,0x70,0x72,0x65,0x66,0x65,0x72,0x72,0x65,0x64,0x57,0x69,0x64,0x74,0x68,
  0x3a,0x20,0x37,0x32,0xd,0xa,0x20,0x20,0x20,0x20,0x20,0x20,0x20,0x20,0x20,0x20,
  0x20,0x20,0x20,0x20,0x20,0x20,0x20,0x20,0x20,0x20,0x20,0x20,0x20,0x20,0x4c,0x61,
  0x79,0x6f,0x75,0x74,0x2e,0x70,0x72,0x65,0x66,0x65,0x72,0x72,0x65,0x64,0x48,0x65,
  0x69,0x67,0x68,0x74,0x3a,0x20,0x37,0x32,0xd,0xa,0x20,0x20,0x20,0x20,0x20,0x20,
  0x20,0x20,0x20,0x20,0x20,0x20,0x20,0x20,0x20,0x20,0x20,0x20,0x20,0x20,0x20,0x20,
  0x20,0x20,0x72,0x61,0x64,0x69,0x75,0x73,0x3a,0x20,0x33,0x36,0xd,0xa,0x20,0x20,
  0x20,0x20,0x20,0x20,0x20,0x20,0x20,0x20,0x20,0x20,0x20,0x20,0x20,0x20,0x20,0x20,
  0x20,0x20,0x20,0x20,0x20,0x20,0x63,0x6f,0x6c,0x6f,0x72,0x3a,0x20,0x22,0x23,0x45,
  0x35,0x45,0x45,0x45,0x38,0x22,0xd,0xa,0x20,0x20,0x20,0x20,0x20,0x20,0x20,0x20,
  0x20,0x20,0x20,0x20,0x20,0x20,0x20,0x20,0x20,0x20,0x20,0x20,0x20,0x20,0x20,0x20,
  0x4c,0x61,0x62,0x65,0x6c,0x20,0x7b,0x20,0x61,0x6e,0x63,0x68,0x6f,0x72,0x73,0x2e,
  0x63,0x65,0x6e,0x74,0x65,0x72,0x49,0x6e,0x3a,0x20,0x70,0x61,0x72,0x65,0x6e,0x74,
  0x3b,0x20,0x74,0x65,0x78,0x74,0x3a,0x20,0x22,0xe2,0x8c,0x82,0x22,0x3b,0x20,0x66,
  0x6f,0x6e,0x74,0x2e,0x70,0x69,0x78,0x65,0x6c,0x53,0x69,0x7a,0x65,0x3a,0x20,0x33,
  0x36,0x3b,0x20,0x63,0x6f,0x6c,0x6f,0x72,0x3a,0x20,0x22,0x23,0x32,0x32,0x35,0x34,
  0x33,0x44,0x22,0x20,0x7d,0xd,0xa,0x20,0x20,0x20,0x20,0x20,0x20,0x20,0x20,0x20,
  0x20,0x20,0x20,0x20,0x20,0x20,0x20,0x20,0x20,0x20,0x20,0x7d,0xd,0xa,0x20,0x20,
  0x20,0x20,0x20,0x20,0x20,0x20,0x20,0x20,0x20,0x20,0x20,0x20,0x20,0x20,0x20,0x20,
  0x20,0x20,0x43,0x6f,0x6c,0x75,0x6d,0x6e,0x4c,0x61,0x79,0x6f,0x75,0x74,0x20,0x7b,
  0xd,0xa,0x20,0x20,0x20,0x20,0x20,0x20,0x20,0x20,0x20,0x20,0x20,0x20,0x20,0x20,
  0x20,0x20,0x20,0x20,0x20,0x20,0x20,0x20,0x20,0x20,0x4c,0x61,0x79,0x6f,0x75,0x74,
  0x2e,0x66,0x69,0x6c,0x6c,0x57,0x69,0x64,0x74,0x68,0x3a,0x20,0x74,0x72,0x75,0x65,
  0xd,0xa,0x20,0x20,0x20,0x20,0x20,0x20,0x20,0x20,0x20,0x20,0x20,0x20,0x20,0x20,
  0x20,0x20,0x20,0x20,0x20,0x20,0x20,0x20,0x20,0x20,0x4c,0x61,0x62,0x65,0x6c,0x20,
  0x7b,0x20,0x74,0x65,0x78,0x74,0x3a,0x20,0x6d,0x6f,0x64,0x65,0x6c,0x44,0x61,0x74,
  0x61,0x2e,0x62,0x61,0x69,0x72,0x72,0x6f,0x3b,0x20,0x63,0x6f,0x6c,0x6f,0x72,0x3a,
  0x20,0x22,0x23,0x36,0x36,0x37,0x30,0x36,0x41,0x22,0x3b,0x20,0x66,0x6f,0x6e,0x74,
  0x2e,0x70,0x69,0x78,0x65,0x6c,0x53,0x69,0x7a,0x65,0x3a,0x20,0x31,0x33,0x20,0x7d,
  0xd,0xa,0x20,0x20,0x20,0x20,0x20,0x20,0x20,0x20,0x20,0x20,0x20,0x20,0x20,0x20,
  0x20,0x20,0x20,0x20,0x20,0x20,0x20,0x20,0x20,0x20,0x4c,0x61,0x62,0x65,0x6c,0x20,
  0x7b,0x20,0x74,0x65,0x78,0x74,0x3a,0x20,0x6d,0x6f,0x64,0x65,0x6c,0x44,0x61,0x74,
  0x61,0x2e,0x6e,0x6f,0x6d,0x65,0x3b,0x20,0x66,0x6f,0x6e,0x74,0x2e,0x62,0x6f,0x6c,
  0x64,0x3a,0x20,0x74,0x72,0x75,0x65,0x3b,0x20,0x66,0x6f,0x6e,0x74,0x2e,0x70,0x69,
  0x78,0x65,0x6c,0x53,0x69,0x7a,0x65,0x3a,0x20,0x32,0x34,0x3b,0x20,0x63,0x6f,0x6c,
  0x6f,0x72,0x3a,0x20,0x22,0x23,0x32,0x32,0x35,0x34,0x33,0x44,0x22,0x3b,0x20,0x77,
  0x72,0x61,0x70,0x4d,0x6f,0x64,0x65,0x3a,0x20,0x54,0x65,0x78,0x74,0x2e,0x57,0x6f,
  0x72,0x64,0x57,0x72,0x61,0x70,0x3b,0x20,0x4c,0x61,0x79,0x6f,0x75,0x74,0x2e,0x66,
  0x69,0x6c,0x6c,0x57,0x69,0x64,0x74,0x68,0x3a,0x20,0x74,0x72,0x75,0x65,0x20,0x7d,
  0xd,0xa,0x20,0x20,0x20,0x20,0x20,0x20,0x20,0x20,0x20,0x20,0x20,0x20,0x20,0x20,
  0x20,0x20,0x20,0x20,0x20,0x20,0x20,0x20,0x20,0x20,0x4c,0x61,0x62,0x65,0x6c,0x20,
  0x7b,0x20,0x74,0x65,0x78,0x74,0x3a,0x20,0x6d,0x6f,0x64,0x65,0x6c,0x44,0x61,0x74,
  0x61,0x2e,0x6c,0x6f,0x63,0x61,0x6c,0x20,0x2b,0x20,0x22,0x20,0xc2,0xb7,0x20,0x22,
  0x20,0x2b,0x20,0x6d,0x6f,0x64,0x65,0x6c,0x44,0x61,0x74,0x61,0x2e,0x68,0x6f,0x72,
  0x61,0x72,0x69,0x6f,0x3b,0x20,0x77,0x72,0x61,0x70,0x4d,0x6f,0x64,0x65,0x3a,0x20,
  0x54,0x65,0x78,0x74,0x2e,0x57,0x6f,0x72,0x64,0x57,0x72,0x61,0x70,0x3b,0x20,0x4c,
  0x61,0x79,0x6f,0x75,0x74,0x2e,0x66,0x69,0x6c,0x6c,0x57,0x69,0x64,0x74,0x68,0x3a,
  0x20,0x74,0x72,0x75,0x65,0x20,0x7d,0xd,0xa,0x20,0x20,0x20,0x20,0x20,0x20,0x20,
  0x20,0x20,0x20,0x20,0x20,0x20,0x20,0x20,0x20,0x20,0x20,0x20,0x20,0x7d,0xd,0xa,
  0x20,0x20,0x20,0x20,0x20,0x20,0x20,0x20,0x20,0x20,0x20,0x20,0x20,0x20,0x20,0x20,
  0x20,0x20,0x20,0x20,0x42,0x6f,0x74,0x61,0x6f,0x41,0x6e,0x74,0x72,0x6f,0x20,0x7b,
  0xd,0xa,0x20,0x20,0x20,0x20,0x20,0x20,0x20,0x20,0x20,0x20,0x20,0x20,0x20,0x20,
  0x20,0x20,0x20,0x20,0x20,0x20,0x20,0x20,0x20,0x20,0x74,0x65,0x78,0x74,0x3a,0x20,
  0x22,0x56,0x65,0x72,0x20,0x76,0x65,0x6e,0x64,0x65,0x64,0x6f,0x72,0x65,0x73,0x22,
  0xd,0xa,0x20,0x20,0x20,0x20,0x20,0x20,0x20,0x20,0x20,0x20,0x20,0x20,0x20,0x20,
  0x20,0x20,0x20,0x20,0x20,0x20,0x20,0x20,0x20,0x20,0x6f,0x6e,0x43,0x6c,0x69,0x63,
  0x6b,0x65,0x64,0x3a,0x20,0x68,0x6f,0x6d,0x65,0x50,0x61,0x67,0x65,0x2e,0x53,0x74,
  0x61,0x63,0x6b,0x56,0x69,0x65,0x77,0x2e,0x76,0x69,0x65,0x77,0x2e,0x70,0x75,0x73,
  0x68,0x28,0x51,0x74,0x2e,0x72,0x65,0x73,0x6f,0x6c,0x76,0x65,0x64,0x55,0x72,0x6c,
  0x28,0x22,0x46,0x65,0x69,0x72,0x61,0x53,0x63,0x72,0x65,0x65,0x6e,0x2e,0x71,0x6d,
  0x6c,0x22,0x29,0x2c,0x20,0x7b,0x66,0x65,0x69,0x72,0x61,0x49,0x64,0x3a,0x20,0x6d,
  0x6f,0x64,0x65,0x6c,0x44,0x61,0x74,0x61,0x2e,0x69,0x64,0x7d,0x29,0xd,0xa,0x20,
  0x20,0x20,0x20,0x20,0x20,0x20,0x20,0x20,0x20,0x20,0x20,0x20,0x20,0x20,0x20,0x20,
  0x20,0x20,0x20,0x7d,0xd,0xa,0x20,0x20,0x20,0x20,0x20,0x20,0x20,0x20,0x20,0x20,
  0x20,0x20,0x20,0x20,0x20,0x20,0x7d,0xd,0xa,0x20,0x20,0x20,0x20,0x20,0x20,0x20,
  0x20,0x20,0x20,0x20,0x20,0x7d,0xd,0xa,0x20,0x20,0x20,0x20,0x20,0x20,0x20,0x20,
  0x7d,0xd,0xa,0x20,0x20,0x20,0x20,0x7d,0xd,0xa,0x7d,0xd,0xa,
    // FeiraScreen.qml
  0x0,0x0,0xb,0x3d,
  0x69,
  0x6d,0x70,0x6f,0x72,0x74,0x20,0x51,0x74,0x51,0x75,0x69,0x63,0x6b,0xd,0xa,0x69,
  0x6d,0x70,0x6f,0x72,0x74,0x20,0x51,0x74,0x51,0x75,0x69,0x63,0x6b,0x2e,0x43,0x6f,
  0x6e,0x74,0x72,0x6f,0x6c,0x73,0xd,0xa,0x69,0x6d,0x70,0x6f,0x72,0x74,0x20,0x51,
  0x74,0x51,0x75,0x69,0x63,0x6b,0x2e,0x4c,0x61,0x79,0x6f,0x75,0x74,0x73,0xd,0xa,
  0x69,0x6d,0x70,0x6f,0x72,0x74,0x20,0x41,0x6e,0x74,0x72,0x6f,0xd,0xa,0xd,0xa,
  0x50,0x61,0x67,0x69,0x6e,0x61,0x43,0x6f,0x6d,0x70,0x72,0x61,0x64,0x6f,0x72,0x20,
  0x7b,0xd,0xa,0x20,0x20,0x20,0x20,0x69,0x64,0x3a,0x20,0x66,0x65,0x69,0x72,0x61,
  0x50,0x61,0x67,0x65,0xd,0xa,0x20,0x20,0x20,0x20,0x70,0x72,0x6f,0x70,0x65,0x72,
  0x74,0x79,0x20,0x69,0x6e,0x74,0x20,0x66,0x65,0x69,0x72,0x61,0x49,0x64,0x3a,0x20,
  0x2d,0x31,0xd,0xa,0x20,0x20,0x20,0x20,0x72,0x65,0x61,0x64,0x6f,0x6e,0x6c,0x79,
  0x20,0x70,0x72,0x6f,0x70,0x65,0x72,0x74,0x79,0x20,0x76,0x61,0x72,0x20,0x64,0x61,
  0x64,0x6f,0x73,0x46,0x65,0x69,0x72,0x61,0x3a,0x20,0x43,0x6f,0x6d,0x70,0x72,0x61,
  0x64,0x6f,0x72,0x43,0x6f,0x6e,0x74,0x72,0x6f,0x6c,0x6c,0x65,0x72,0x2e,0x66,0x65,
  0x69,0x72,0x61,0x28,0x66,0x65,0x69,0x72,0x61,0x49,0x64,0x29,0xd,0xa,0x20,0x20,
  0x20,0x20,0x74,0x69,0x74,0x75,0x6c,0x6f,0x3a,0x20,0x64,0x61,0x64,0x6f,0x73,0x46,
  0x65,0x69,0x72,0x61,0x2e,0x6e,0x6f,0x6d,0x65,0x20,0x7c,0x7c,0x20,0x22,0x46,0x65,
  0x69,0x72,0x61,0x20,0x6e,0xc3,0xa3,0x6f,0x20,0x65,0x6e,0x63,0x6f,0x6e,0x74,0x72,
  0x61,0x64,0x61,0x22,0xd,0xa,0xd,0xa,0x20,0x20,0x20,0x20,0x43,0x6f,0x6c,0x75,
  0x6d,0x6e,0x4c,0x61,0x79,0x6f,0x75,0x74,0x20,0x7b,0xd,0xa,0x20,0x20,0x20,0x20,
  0x20,0x20,0x20,0x20,0x61,0x6e,0x63,0x68,0x6f,0x72,0x73,0x2e,0x66,0x69,0x6c,0x6c,
  0x3a,0x20,0x70,0x61,0x72,0x65,0x6e,0x74,0xd,0xa,0x20,0x20,0x20,0x20,0x20,0x20,
  0x20,0x20,0x61,0x6e,0x63,0x68,0x6f,0x72,0x73,0x2e,0x6d,0x61,0x72,0x67,0x69,0x6e,
  0x73,0x3a,0x20,0x33,0x36,0xd,0xa,0x20,0x20,0x20,0x20,0x20,0x20,0x20,0x20,0x73,
  0x70,0x61,0x63,0x69,0x6e,0x67,0x3a,0x20,0x31,0x38,0xd,0xa,0x20,0x20,0x20,0x20,
  0x20,0x20,0x20,0x20,0x4c,0x61,0x62,0x65,0x6c,0x20,0x7b,0x20,0x74,0x65,0x78,0x74,
  0x3a,0x20,0x66,0x65,0x69,0x72,0x61,0x50,0x61,0x67,0x65,0x2e,0x74,0x69,0x74,0x75,
  0x6c,0x6f,0x3b,0x20,0x66,0x6f,0x6e,0x74,0x2e,0x70,0x69,0x78,0x65,0x6c,0x53,0x69,
  0x7a,0x65,0x3a,0x20,0x33,0x36,0x3b,0x20,0x66,0x6f,0x6e,0x74,0x2e,0x62,0x6f,0x6c,
  0x64,0x3a,0x20,0x74,0x72,0x75,0x65,0x3b,0x20,0x63,0x6f,0x6c,0x6f,0x72,0x3a,0x20,
  0x22,0x23,0x31,0x37,0x32,0x30,0x31,0x42,0x22,0x3b,0x20,0x77,0x72,0x61,0x70,0x4d,
  0x6f,0x64,0x65,0x3a,0x20,0x54,0x65,0x78,0x74,0x2e,0x57,0x6f,0x72,0x64,0x57,0x72,
  0x61,0x70,0x3b,0x20,0x4c,0x61,0x79,0x6f,0x75,0x74,0x2e,0x66,0x69,0x6c,0x6c,0x57,
  0x69,0x64,0x74,0x68,0x3a,0x20,0x74,0x72,0x75,0x65,0x20,0x7d,0xd,0xa,0x20,0x20,
  0x20,0x20,0x20,0x20,0x20,0x20,0x4c,0x61,0x62,0x65,0x6c,0x20,0x7b,0x20,0x74,0x65,
  0x78,0x74,0x3a,0x20,0x28,0x66,0x65,0x69,0x72,0x61,0x50,0x61,0x67,0x65,0x2e,0x64,
  0x61,0x64,0x6f,0x73,0x46,0x65,0x69,0x72,0x61,0x2e,0x6c,0x6f,0x63,0x61,0x6c,0x20,
  0x7c,0x7c,0x20,0x22,0x22,0x29,0x20,0x2b,0x20,0x22,0x20,0xc2,0xb7,0x20,0x22,0x20,
  0x2b,0x20,0x28,0x66,0x65,0x69,0x72,0x61,0x50,0x61,0x67,0x65,0x2e,0x64,0x61,0x64,
  0x6f,0x73,0x46,0x65,0x69,0x72,0x61,0x2e,0x68,0x6f,0x72,0x61,0x72,0x69,0x6f,0x20,
  0x7c,0x7c,0x20,0x22,0x22,0x29,0x3b,0x20,0x77,0x72,0x61,0x70,0x4d,0x6f,0x64,0x65,
  0x3a,0x20,0x54,0x65,0x78,0x74,0x2e,0x57,0x6f,0x72,0x64,0x57,0x72,0x61,0x70,0x3b,
  0x20,0x4c,0x61,0x79,0x6f,0x75,0x74,0x2e,0x66,0x69,0x6c,0x6c,0x57,0x69,0x64,0x74,
  0x68,0x3a,0x20,0x74,0x72,0x75,0x65,0x20,0x7d,0xd,0xa,0x20,0x20,0x20,0x20,0x20,
  0x20,0x20,0x20,0x4c,0x61,0x62,0x65,0x6c,0x20,0x7b,0x20,0x74,0x65,0x78,0x74,0x3a,
  0x20,0x22,0x56,0x65,0x6e,0x64,0x65,0x64,0x6f,0x72,0x65,0x73,0x20,0x70,0x61,0x72,
  0x74,0x69,0x63,0x69,0x70,0x61,0x6e,0x74,0x65,0x73,0x22,0x3b,0x20,0x66,0x6f,0x6e,
  0x74,0x2e,0x70,0x69,0x78,0x65,0x6c,0x53,0x69,0x7a,0x65,0x3a,0x20,0x32,0x34,0x3b,
  0x20,0x63,0x6f,0x6c,0x6f,0x72,0x3a,0x20,0x22,0x23,0x32,0x32,0x35,0x34,0x33,0x44,
  0x22,0x20,0x7d,0xd,0xa,0x20,0x20,0x20,0x20,0x20,0x20,0x20,0x20,0x4c,0x61,0x62,
  0x65,0x6c,0x20,0x7b,0xd,0xa,0x20,0x20,0x20,0x20,0x20,0x20,0x20,0x20,0x20,0x20,
  0x20,0x20,0x76,0x69,0x73,0x69,0x62,0x6c,0x65,0x3a,0x20,0x6c,0x69,0x73,0x74,0x61,
  0x56,0x65,0x6e,0x64,0x65,0x64,0x6f,0x72,0x65,0x73,0x2e,0x63,0x6f,0x75,0x6e,0x74,
  0x20,0x3d,0x3d,0x3d,0x20,0x30,0xd,0xa,0x20,0x20,0x20,0x20,0x20,0x20,0x20,0x20,
  0x20,0x20,0x20,0x20,0x74,0x65,0x78,0x74,0x3a,0x20,0x22,0x41,0x69,0x6e,0x64,0x61,
  0x20,0x6e,0xc3,0xa3,0x6f,0x20,0x68,0xc3,0xa1,0x20,0x76,0x65,0x6e,0x64,0x65,0x64,
  0x6f,0x72,0x65,0x73,0x20,0x63,0x61,0x64,0x61,0x73,0x74,0x72,0x61,0x64,0x6f,0x73,
  0x20,0x6e,0x65,0x73,0x74,0x61,0x20,0x66,0x65,0x69,0x72,0x61,0x2e,0x20,0x56,0x6f,
  0x63,0xc3,0xaa,0x20,0x70,0x6f,0x64,0x65,0x20,0x76,0x6f,0x6c,0x74,0x61,0x72,0x20,
  0x65,0x20,0x65,0x73,0x63,0x6f,0x6c,0x68,0x65,0x72,0x20,0x6f,0x75,0x74,0x72,0x61,
  0x2e,0x22,0xd,0xa,0x20,0x20,0x20,0x20,0x20,0x20,0x20,0x20,0x20,0x20,0x20,0x20,
  0x77,0x72,0x61,0x70,0x4d,0x6f,0x64,0x65,0x3a,0x20,0x54,0x65,0x78,0x74,0x2e,0x57,
  0x6f,0x72,0x64,0x57,0x72,0x61,0x70,0xd,0xa,0x20,0x20,0x20,0x20,0x20,0x20,0x20,
  0x20,0x20,0x20,0x20,0x20,0x4c,0x61,0x79,0x6f,0x75,0x74,0x2e,0x66,0x69,0x6c,0x6c,
  0x57,0x69,0x64,0x74,0x68,0x3a,0x20,0x74,0x72,0x75,0x65,0xd,0xa,0x20,0x20,0x20,
  0x20,0x20,0x20,0x20,0x20,0x7d,0xd,0xa,0x20,0x20,0x20,0x20,0x20,0x20,0x20,0x20,
  0x4c,0x69,0x73,0x74,0x56,0x69,0x65,0x77,0x20,0x7b,0xd,0xa,0x20,0x20,0x20,0x20,
  0x20,0x20,0x20,0x20,0x20,0x20,0x20,0x20,0x69,0x64,0x3a,0x20,0x6c,0x69,0x73,0x74,
  0x61,0x56,0x65,0x6e,0x64,0x65,0x64,0x6f,0x72,0x65,0x73,0xd,0xa,0x20,0x20,0x20,
  0x20,0x20,0x20,0x20,0x20,0x20,0x20,0x20,0x20,0x4c,0x61,0x79,0x6f,0x75,0x74,0x2e,
  0x66,0x69,0x6c,0x6c,0x57,0x69,0x64,0x74,0x68,0x3a,0x20,0x74,0x72,0x75,0x65,0xd,
  0xa,0x20,0x20,0x20,0x20,0x20,0x20,0x20,0x20,0x20,0x20,0x20,0x20,0x4c,0x61,0x79,
  0x6f,0x75,0x74,0x2e,0x66,0x69,0x6c,0x6c,0x48,0x65,0x69,0x67,0x68,0x74,0x3a,0x20,
  0x74,0x72,0x75,0x65,0xd,0xa,0x20,0x20,0x20,0x20,0x20,0x20,0x20,0x20,0x20,0x20,
  0x20,0x20,0x73,0x70,0x61,0x63,0x69,0x6e,0x67,0x3a,0x20,0x31,0x38,0xd,0xa,0x20,
  0x20,0x20,0x20,0x20,0x20,0x20,0x20,0x20,0x20,0x20,0x20,0x63,0x6c,0x69,0x70,0x3a,
  0x20,0x74,0x72,0x75,0x65,0xd,0xa,0x20,0x20,0x20,0x20,0x20,0x20,0x20,0x20,0x20,
  0x20,0x20,0x20,0x6d,0x6f,0x64,0x65,0x6c,0x3a,0x20,0x43,0x6f,0x6d,0x70,0x72,0x61,
  0x64,0x6f,0x72,0x43,0x6f,0x6e,0x74,0x72,0x6f,0x6c,0x6c,0x65,0x72,0x2e,0x76,0x65,
  0x6e,0x64,0x65,0x64,0x6f,0x72,0x65,0x73,0x28,0x66,0x65,0x69,0x72,0x61,0x50,0x61,
  0x67,0x65,0x2e,0x66,0x65,0x69,0x72,0x61,0x49,0x64,0x29,0xd,0xa,0x20,0x20,0x20,
  0x20,0x20,0x20,0x20,0x20,0x20,0x20,0x20,0x20,0x53,0x63,0x72,0x6f,0x6c,0x6c,0x42,
  0x61,0x72,0x2e,0x76,0x65,0x72,0x74,0x69,0x63,0x61,0x6c,0x3a,0x20,0x53,0x63,0x72,
  0x6f,0x6c,0x6c,0x42,0x61,0x72,0x20,0x7b,0x7d,0xd,0xa,0x20,0x20,0x20,0x20,0x20,
  0x20,0x20,0x20,0x20,0x20,0x20,0x20,0x64,0x65,0x6c,0x65,0x67,0x61,0x74,0x65,0x3a,
  0x20,0x52,0x65,0x63,0x74,0x61,0x6e,0x67,0x6c,0x65,0x20,0x7b,0xd,0xa,0x20,0x20,
  0x20,0x20,0x20,0x20,0x20,0x20,0x20,0x20,0x20,0x20,0x20,0x20,0x20,0x20,0x72,0x65,
  0x71,0x75,0x69,0x72,0x65,0x64,0x20,0x70,0x72,0x6f,0x70,0x65,0x72,0x74,0x79,0x20,
  0x76,0x61,0x72,0x20,0x6d,0x6f,0x64,0x65,0x6c,0x44,0x61,0x74,0x61,0xd,0xa,0x20,
  0x20,0x20,0x20,0x20,0x20,0x20,0x20,0x20,0x20,0x20,0x20,0x20,0x20,0x20,0x20,0x77,
  0x69,0x64,0x74,0x68,0x3a,0x20,0x6c,0x69,0x73,0x74,0x61,0x56,0x65,0x6e,0x64,0x65,
  0x64,0x6f,0x72,0x65,0x73,0x2e,0x77,0x69,0x64,0x74,0x68,0xd,0xa,0x20,0x20,0x20,
  0x20,0x20,0x20,0x20,0x20,0x20,0x20,0x20,0x20,0x20,0x20,0x20,0x20,0x68,0x65,0x69,
  0x67,0x68,0x74,0x3a,0x20,0x63,0x6f,0x6e,0x74,0x65,0x75,0x64,0x6f,0x2e,0x69,0x6d,
  0x70,0x6c,0x69,0x63,0x69,0x74,0x48,0x65,0x69,0x67,0x68,0x74,0x20,0x2b,0x20,0x35,
  0x36,0xd,0xa,0x20,0x20,0x20,0x20,0x20,0x20,0x20,0x20,0x20,0x20,0x20,0x20,0x20,
  0x20,0x20,0x20,0x63,0x6f,0x6c,0x6f,0x72,0x3a,0x20,0x22,0x77,0x68,0x69,0x74,0x65,
  0x22,0xd,0xa,0x20,0x20,0x20,0x20,0x20,0x20,0x20,0x20,0x20,0x20,0x20,0x20,0x20,
  0x20,0x20,0x20,0x72,0x61,0x64,0x69,0x75,0x73,0x3a,0x20,0x31,0x34,0xd,0xa,0x20,
  0x20,0x20,0x20,0x20,0x20,0x20,0x20,0x20,0x20,0x20,0x20,0x20,0x20,0x20,0x20,0x62,
  0x6f,0x72,0x64,0x65,0x72,0x2e,0x63,0x6f,0x6c,0x6f,0x72,0x3a,0x20,0x22,0x23,0x45,
  0x34,0x45,0x38,0x45,0x35,0x22,0xd,0xa,0x20,0x20,0x20,0x20,0x20,0x20,0x20,0x20,
  0x20,0x20,0x20,0x20,0x20,0x20,0x20,0x20,0x52,0x6f,0x77,0x4c,0x61,0x79,0x6f,0x75,
  0x74,0x20,0x7b,0xd,0xa,0x20,0x20,0x20,0x20,0x20,0x20,0x20,0x20,0x20,0x20,0x20,
  0x20,0x20,0x20,0x20,0x20,0x20,0x20,0x20,0x20,0x69,0x64,0x3a,0x20,0x63,0x6f,0x6e,
  0x74,0x65,0x75,0x64,0x6f,0xd,0xa,0x20,0x20,0x20,0x20,0x20,0x20,0x20,0x20,0x20,
  0x20,0x20,0x20,0x20,0x20,0x20,0x20,0x20,0x20,0x20,0x20,0x61,0x6e,0x63,0x68,0x6f,
  0x72,0x73,0x2e,0x66,0x69,0x6c,0x6c,0x3a,0x20,0x70,0x61,0x72,0x65,0x6e,0x74,0xd,
  0xa,0x20,0x20,0x20,0x20,0x20,0x20,0x20,0x20,0x20,0x20,0x20,0x20,0x20,0x20,0x20,
  0x20,0x20,0x20,0x20,0x20,0x61,0x6e,0x63,0x68,0x6f,0x72,0x73,0x2e,0x6d,0x61,0x72,
  0x67,0x69,0x6e,0x73,0x3a,0x20,0x32,0x38,0xd,0xa,0x20,0x20,0x20,0x20,0x20,0x20,
  0x20,0x20,0x20,0x20,0x20,0x20,0x20,0x20,0x20,0x20,0x20,0x20,0x20,0x20,0x52,0x65,
  0x63,0x74,0x61,0x6e,0x67,0x6c,0x65,0x20,0x7b,0xd,0xa,0x20,0x20,0x20,0x20,0x20,
  0x20,0x20,0x20,0x20,0x20,0x20,0x20,0x20,0x20,0x20,0x20,0x20,0x20,0x20,0x20,0x20,
  0x20,0x20,0x20,0x4c,0x61,0x79,0x6f,0x75,0x74,0x2e,0x70,0x72,0x65,0x66,0x65,0x72,
  0x72,0x65,0x64,0x57,0x69,0x64,0x74,0x68,0x3a,0x20,0x37,0x32,0xd,0xa,0x20,0x20,
  0x20,0x20,0x20,0x20,0x20,0x20,0x20,0x20,0x20,0x20,0x20,0x20,0x20,0x20,0x20,0x20,
  0x20,0x20,0x20,0x20,0x20,0x20,0x4c,0x61,0x79,0x6f,0x75,0x74,0x2e,0x70,0x72,0x65,
  0x66,0x65,0x72,0x72,0x65,0x64,0x48,0x65,0x69,0x67,0x68,0x74,0x3a,0x20,0x37,0x32,
  0xd,0xa,0x20,0x20,0x20,0x20,0x20,0x20,0x20,0x20,0x20,0x20,0x20,0x20,0x20,0x20,
  0x20,0x20,0x20,0x20,0x20,0x20,0x20,0x20,0x20,0x20,0x72,0x61,0x64,0x69,0x75,0x73,
  0x3a,0x20,0x33,0x36,0xd,0xa,0x20,0x20,0x20,0x20,0x20,0x20,0x20,0x20,0x20,0x20,
  0x20,0x20,0x20,0x20,0x20,0x20,0x20,0x20,0x20,0x20,0x20,0x20,0x20,0x20,0x63,0x6f,
  0x6c,0x6f,0x72,0x3a,0x20,0x22,0x23,0x45,0x35,0x45,0x45,0x45,0x38,0x22,0xd,0xa,
  0x20,0x20,0x20,0x20,0x20,0x20,0x20,0x20,0x20,0x20,0x20,0x20,0x20,0x20,0x20,0x20,
  0x20,0x20,0x20,0x20,0x20,0x20,0x20,0x20,0x4c,0x61,0x62,0x65,0x6c,0x20,0x7b,0x20,
  0x61,0x6e,0x63,0x68,0x6f,0x72,0x73,0x2e,0x63,0x65,0x6e,0x74,0x65,0x72,0x49,0x6e,
  0x3a,0x20,0x70,0x61,0x72,0x65,0x6e,0x74,0x3b,0x20,0x74,0x65,0x78,0x74,0x3a,0x20,
  0x6d,0x6f,0x64,0x65,0x6c,0x44,0x61,0x74,0x61,0x2e,0x6e,0x6f,0x6d,0x65,0x2e,0x63,
  0x68,0x61,0x72,0x41,0x74,0x28,0x30,0x29,0x3b,0x20,0x66,0x6f,0x6e,0x74,0x2e,0x70,
  0x69,0x78,0x65,0x6c,0x53,0x69,0x7a,0x65,0x3a,0x20,0x33,0x30,0x3b,0x20,0x66,0x6f,
  0x6e,0x74,0x2e,0x62,0x6f,0x6c,0x64,0x3a,0x20,0x74,0x72,0x75,0x65,0x3b,0x20,0x63,
  0x6f,0x6c,0x6f,0x72,0x3a,0x20,0x22,0x23,0x32,0x32,0x35,0x34,0x33,0x44,0x22,0x20,
  0x7d,0xd,0xa,0x20,0x20,0x20,0x20,0x20,0x20,0x20,0x20,0x20,0x20,0x20,0x20,0x20,
  0x20,0x20,0x20,0x20,0x20,0x20,0x20,0x7d,0xd,0xa,0x20,0x20,0x20,0x20,0x20,0x20,
  0x20,0x20,0x20,0x20,0x20,0x20,0x20,0x20,0x20,0x20,0x20,0x20,0x20,0x20,0x43,0x6f,
  0x6c,0x75,0x6d,0x6e,0x4c,0x61,0x79,0x6f,0x75,0x74,0x20,0x7b,0xd,0xa,0x20,0x20,
  0x20,0x20,0x20,0x20,0x20,0x20,0x20,0x20,0x20,0x20,0x20,0x20,0x20,0x20,0x20,0x20,
  0x20,0x20,0x20,0x20,0x20,0x20,0x4c,0x61,0x79,0x6f,0x75,0x74,0x2e,0x66,0x69,0x6c,
  0x6c,0x57,0x69,0x64,0x74,0x68,0x3a,0x20,0x74,0x72,0x75,0x65,0xd,0xa,0x20,0x20,
  0x20,0x20,0x20,0x20,0x20,0x20,0x20,0x20,0x20,0x20,0x20,0x20,0x20,0x20,0x20,0x20,
  0x20,0x20,0x20,0x20,0x20,0x20,0x4c,0x61,0x62,0x65,0x6c,0x20,0x7b,0x20,0x74,0x65,
  0x78,0x74,0x3a,0x20,0x6d,0x6f,0x64,0x65,0x6c,0x44,0x61,0x74,0x61,0x2e,0x62,0x61,
  0x6e,0x63,0x61,0x3b,0x20,0x66,0x6f,0x6e,0x74,0x2e,0x70,0x69,0x78,0x65,0x6c,0x53,
  0x69,0x7a,0x65,0x3a,0x20,0x32,0x34,0x3b,0x20,0x66,0x6f,0x6e,0x74,0x2e,0x62,0x6f,
  0x6c,0x64,0x3a,0x20,0x74,0x72,0x75,0x65,0x3b,0x20,0x63,0x6f,0x6c,0x6f,0x72,0x3a,
  0x20,0x22,0x23,0x32,0x32,0x35,0x34,0x33,0x44,0x22,0x20,0x7d,0xd,0xa,0x20,0x20,
  0x20,0x20,0x20,0x20,0x20,0x20,0x20,0x20,0x20,0x20,0x20,0x20,0x20,0x20,0x20,0x20,
  0x20,0x20,0x20,0x20,0x20,0x20,0x4c,0x61,0x62,0x65,0x6c,0x20,0x7b,0x20,0x74,0x65,
  0x78,0x74,0x3a,0x20,0x6d,0x6f,0x64,0x65,0x6c,0x44,0x61,0x74,0x61,0x2e,0x6e,0x6f,
  0x6d,0x65,0x3b,0x20,0x66,0x6f,0x6e,0x74,0x2e,0x62,0x6f,0x6c,0x64,0x3a,0x20,0x74,
  0x72,0x75,0x65,0x20,0x7d,0xd,0xa,0x20,0x20,0x20,0x20,0x20,0x20,0x20,0x20,0x20,
  0x20,0x20,0x20,0x20,0x20,0x20,0x20,0x20,0x20,0x20,0x20,0x20,0x20,0x20,0x20,0x4c,
  0x61,0x62,0x65,0x6c,0x20,0x7b,0x20,0x74,0x65,0x78,0x74,0x3a,0x20,0x6d,0x6f,0x64,
  0x65,0x6c,0x44,0x61,0x74,0x61,0x2e,0x64,0x65,0x73,0x63,0x72,0x69,0x63,0x61,0x6f,
  0x3b,0x20,0x77,0x72,0x61,0x70,0x4d,0x6f,0x64,0x65,0x3a,0x20,0x54,0x65,0x78,0x74,
  0x2e,0x57,0x6f,0x72,0x64,0x57,0x72,0x61,0x70,0x3b,0x20,0x4c,0x61,0x79,0x6f,0x75,
  0x74,0x2e,0x66,0x69,0x6c,0x6c,0x57,0x69,0x64,0x74,0x68,0x3a,0x20,0x74,0x72,0x75,
  0x65,0x3b,0x20,0x63,0x6f,0x6c,0x6f,0x72,0x3a,0x20,0x22,0x23,0x36,0x36,0x37,0x30,
  0x36,0x41,0x22,0x20,0x7d,0xd,0xa,0x20,0x20,0x20,0x20,0x20,0x20,0x20,0x20,0x20,
  0x20,0x20,0x20,0x20,0x20,0x20,0x20,0x20,0x20,0x20,0x20,0x7d,0xd,0xa,0x20,0x20,
  0x20,0x20,0x20,0x20,0x20,0x20,0x20,0x20,0x20,0x20,0x20,0x20,0x20,0x20,0x20,0x20,
  0x20,0x20,0x42,0x6f,0x74,0x61,0x6f,0x41,0x6e,0x74,0x72,0x6f,0x20,0x7b,0xd,0xa,
  0x20,0x20,0x20,0x20,0x20,0x20,0x20,0x20,0x20,0x20,0x20,0x20,0x20,0x20,0x20,0x20,
  0x20,0x20,0x20,0x20,0x20,0x20,0x20,0x20,0x74,0x65,0x78,0x74,0x3a,0x20,0x22,0x56,
  0x65,0x72,0x20,0x70,0x72,0x6f,0x64,0x75,0x74,0x6f,0x73,0x22,0xd,0xa,0x20,0x20,
  0x20,0x20,0x20,0x20,0x20,0x20,0x20,0x20,0x20,0x20,0x20,0x20,0x20,0x20,0x20,0x20,
  0x20,0x20,0x20,0x20,0x20,0x20,0x6f,0x6e,0x43,0x6c,0x69,0x63,0x6b,0x65,0x64,0x3a,
  0x20,0x66,0x65,0x69,0x72,0x61,0x50,0x61,0x67,0x65,0x2e,0x53,0x74,0x61,0x63,0x6b,
  0x56,0x69,0x65,0x77,0x2e,0x76,0x69,0x65,0x77,0x2e,0x70,0x75,0x73,0x68,0x28,0x51,
  0x74,0x2e,0x72,0x65,0x73,0x6f,0x6c,0x76,0x65,0x64,0x55,0x72,0x6c,0x28,0x22,0x43,
  0x61,0x74,0x61,0x6c,0x6f,0x67,0x6f,0x53,0x63,0x72,0x65,0x65,0x6e,0x2e,0x71,0x6d,
  0x6c,0x22,0x29,0x2c,0x20,0x7b,0x66,0x65,0x69,0x72,0x61,0x49,0x64,0x3a,0x20,0x66,
  0x65,0x69,0x72,0x61,0x50,0x61,0x67,0x65,0x2e,0x66,0x65,0x69,0x72,0x61,0x49,0x64,
  0x2c,0x20,0x76,0x65,0x6e,0x64,0x65,0x64,0x6f,0x72,0x49,0x64,0x3a,0x20,0x6d,0x6f,
  0x64,0x65,0x6c,0x44,0x61,0x74,0x61,0x2e,0x69,0x64,0x7d,0x29,0xd,0xa,0x20,0x20,
  0x20,0x20,0x20,0x20,0x20,0x20,0x20,0x20,0x20,0x20,0x20,0x20,0x20,0x20,0x20,0x20,
  0x20,0x20,0x7d,0xd,0xa,0x20,0x20,0x20,0x20,0x20,0x20,0x20,0x20,0x20,0x20,0x20,
  0x20,0x20,0x20,0x20,0x20,0x7d,0xd,0xa,0x20,0x20,0x20,0x20,0x20,0x20,0x20,0x20,
  0x20,0x20,0x20,0x20,0x7d,0xd,0xa,0x20,0x20,0x20,0x20,0x20,0x20,0x20,0x20,0x7d,
  0xd,0xa,0x20,0x20,0x20,0x20,0x7d,0xd,0xa,0x7d,0xd,0xa,
    // PedidosVendedorScreen.qml
  0x0,0x0,0xa,0xbd,
  0x0,
  0x0,0x44,0x5a,0x78,0xda,0xcd,0x1b,0x4d,0x6f,0xdb,0xc8,0xf5,0x1e,0x20,0xff,0x61,
  0xc0,0x2d,0xb0,0x32,0x12,0x30,0x12,0x25,0x59,0xb6,0x80,0x60,0x41,0xdb,0x52,0xed,
  0x85,0x62,0x3b,0x96,0x9d,0x1e,0x8b,0x31,0x39,0x96,0x66,0x97,0xe4,0x30,0x43,0x52,
  0x49,0xb6,0x30,0xd0,0xed,0x65,0x2f,0xed,0xa9,0xe8,0x61,0x8b,0x9e,0xda,0x43,0x7f,
  0x88,0xff,0xc9,0xfe,0x92,0xbe,0xa1,0x48,0x89,0xdf,0xe4,0x50,0x4a,0x52,0x22,0x70,
  0xa4,0x99,0xf7,0x86,0xf3,0xde,0xbc,0xef,0x37,0xa2,0xb6,0xcb,0xb8,0x8f,0xde,0xfa,
  0x6f,0x3,0x6a,0xfc,0xf8,0xfc,0x19,0x4d,0x7d,0x57,0x4f,0x99,0xe3,0x73,0x66,0x79,
  0xb9,0x89,0x19,0xfe,0xc4,0x2,0x7f,0x3b,0xae,0xb,0xb8,0xe7,0xcf,0x9e,0x3f,0xbb,
  0xc6,0xb,0x82,0xfe,0xf4,0xfc,0x19,0x82,0x87,0x9a,0x63,0xe4,0x12,0x93,0x9a,0xcc,
  0x13,0xc3,0x62,0x5a,0xc,0x3f,0xc0,0xa2,0xea,0x3,0xb6,0xa9,0xf5,0x69,0x8c,0x94,
  0x39,0x59,0x30,0x82,0xee,0x2e,0x94,0x78,0xfa,0x1e,0x1b,0x3f,0x2e,0x38,0xb,0x1c,
  0xc0,0xbe,0x21,0x86,0x8f,0x9d,0x85,0xb5,0x59,0x52,0x3c,0x6,0xb3,0x18,0x7,0xcc,
  0x6f,0xa6,0xfa,0xf4,0x64,0xaa,0x2b,0xeb,0x99,0xc7,0x18,0x7f,0xfd,0xf7,0xd5,0x2b,
  0x74,0xa6,0x9f,0x5d,0xcd,0xd1,0xed,0xe4,0xcd,0xf5,0xd5,0xcd,0xd3,0xcf,0x37,0x17,
  0x57,0xf3,0xed,0x14,0x71,0x19,0xf5,0x90,0x17,0xdc,0x7b,0x3e,0xf5,0x3,0xca,0x89,
  0xcd,0x3c,0x4,0x94,0xa0,0xc0,0x46,0xef,0x88,0x63,0x12,0x93,0xf1,0x88,0x78,0x8b,
  0x70,0x44,0x6c,0x74,0xfa,0xe2,0x45,0xbc,0xfe,0xfa,0xff,0x19,0xf5,0xfc,0x37,0xcc,
  0x24,0x56,0x72,0x6f,0x49,0x92,0xc5,0x32,0x8e,0x4f,0xbc,0x18,0x21,0x46,0x9a,0x58,
  0xc4,0x86,0x89,0x24,0x9a,0x78,0xd6,0x68,0x17,0xb0,0x40,0xaf,0xab,0xd,0xd2,0x73,
  0x86,0x45,0xc5,0x52,0x40,0xb4,0xee,0x60,0x34,0xa7,0xd6,0xa,0x2b,0x69,0x88,0xf7,
  0x1,0x76,0x7c,0x6a,0x62,0x93,0x5c,0xf8,0xc4,0xf1,0xc6,0xa8,0x9f,0x9e,0xf7,0x99,
  0x8f,0xad,0x31,0xd2,0x46,0xea,0xb0,0x9b,0x9e,0x59,0x32,0x8e,0x39,0x65,0xb0,0xf6,
  0x39,0xfb,0x81,0xbc,0x44,0xdd,0xe3,0x71,0x4f,0x4b,0xac,0xfe,0xd8,0x66,0xff,0xc3,
  0xb2,0xfd,0x9f,0x62,0x6e,0x1,0xab,0xdf,0x8,0xe6,0x78,0x75,0x34,0x68,0x85,0x34,
  0xc,0x34,0xb5,0x5b,0x43,0x43,0xaf,0x3b,0xee,0xf6,0x77,0xa5,0xe1,0xb0,0x8c,0x86,
  0x37,0xf0,0x2e,0xc,0xe7,0x70,0x65,0xd1,0x15,0xa1,0xbc,0xe5,0x51,0xf4,0x8e,0xd4,
  0xe3,0x3a,0x32,0x7a,0x63,0xad,0xbb,0x2b,0x19,0xa3,0x32,0x32,0xbe,0x67,0x4f,0xff,
  0x61,0xe8,0x9a,0xf0,0xf6,0x34,0xf4,0xf,0xeb,0x8f,0xa2,0x3f,0x1e,0xc,0xd3,0x34,
  0xa4,0x48,0xa9,0x53,0x23,0xd0,0xc2,0x7,0xca,0x6d,0xc,0x1f,0x5b,0x50,0xdf,0x3b,
  0x2a,0xa3,0x7e,0x4a,0xb8,0x83,0x1d,0x13,0xa3,0x53,0xe6,0xf9,0x59,0xf2,0xb7,0x44,
  0x74,0x8f,0xc6,0x5a,0x6f,0xc7,0x23,0xe8,0x95,0x1e,0xc1,0xd,0x35,0x30,0x37,0x19,
  0xd2,0x2d,0x9b,0x0,0xb7,0xab,0x76,0x31,0xdc,0x55,0x10,0x7a,0xa5,0xf2,0xfc,0x7d,
  0x60,0x85,0xf2,0x3c,0x87,0x33,0x67,0x5e,0xf9,0x26,0xc0,0x30,0xc,0x77,0xdd,0x44,
  0xa9,0x61,0xb8,0x26,0x26,0x67,0xe8,0x9c,0x38,0x9c,0xbe,0xf,0x48,0xd5,0x26,0x6,
  0xbb,0x5a,0xa7,0xde,0xa0,0xdc,0x3a,0x81,0x57,0xc2,0xe8,0x86,0x19,0xcb,0xf2,0xc3,
  0x0,0xe3,0xd2,0x3b,0xda,0x75,0xb,0xfd,0xb2,0x2d,0xcc,0x2,0x3,0x83,0x7d,0xc4,
  0xdc,0xa7,0x8e,0x57,0xb5,0x87,0xfe,0xa8,0x42,0xab,0x36,0x9e,0xee,0x54,0x3f,0x99,
  0x3c,0xfd,0xa2,0xcf,0xce,0xaf,0xd2,0xde,0x6b,0x49,0x40,0xb7,0x79,0x89,0x87,0x5,
  0xa7,0x6e,0x51,0x83,0xfa,0xe7,0x84,0x2e,0x96,0xfe,0x18,0x1d,0x6b,0x49,0x12,0x63,
  0xff,0xfb,0x61,0x49,0x7d,0xa2,0x24,0x67,0xee,0x19,0x87,0x45,0xd5,0x8d,0x83,0x9e,
  0x68,0x93,0xd1,0x24,0x69,0x87,0x23,0x80,0xf,0xd4,0xf4,0x97,0xc0,0x86,0x24,0xee,
  0xd,0xfb,0xb0,0xe,0x2a,0xb2,0x6c,0xc3,0x8e,0x1,0x74,0x7b,0xea,0x3,0xb5,0xc0,
  0xe2,0xb8,0x98,0x3,0xa3,0x8a,0x21,0x2c,0xf2,0xe0,0x3,0xe3,0x16,0xd4,0x11,0x96,
  0xa9,0x18,0x86,0xb,0x8a,0x92,0x40,0x69,0x30,0xcf,0xc5,0x6,0x75,0x16,0xc2,0x3a,
  0x67,0xa7,0x80,0x99,0x33,0xb6,0x60,0xe9,0xc1,0x42,0xf6,0x6d,0x64,0x21,0xa4,0x47,
  0x75,0x39,0x79,0x20,0x9c,0x13,0xf3,0xf,0x11,0xd9,0x47,0xc3,0x7a,0xd8,0x98,0xf5,
  0xc3,0xdc,0x16,0xc5,0xc3,0xb1,0x49,0x3,0x4f,0x8,0x52,0x7e,0x6e,0xc3,0xfd,0xde,
  0xa8,0x3f,0xd1,0xce,0x94,0x22,0xfc,0xb,0x3b,0x11,0xa6,0x65,0x9f,0x7a,0x86,0x67,
  0x21,0xed,0x90,0x9f,0xb0,0x9f,0x41,0xd1,0xcb,0x42,0xbe,0xb2,0x80,0x1b,0x20,0xde,
  0x6f,0x7d,0x95,0x13,0x8f,0x59,0x2b,0x62,0xde,0x71,0xab,0xa3,0xa8,0xea,0x2b,0xec,
  0x79,0xc4,0xf7,0x5e,0x85,0x11,0xe4,0x9,0x59,0x10,0xd5,0x5b,0x2d,0x94,0x83,0xb2,
  0x85,0xc4,0xa6,0x84,0xbb,0x18,0xaf,0x69,0x50,0xaf,0x61,0x39,0xc2,0x57,0x44,0xf7,
  0x5c,0x38,0x8a,0x29,0x2d,0xd8,0xe9,0x63,0x7a,0xe8,0xb1,0xe0,0x60,0xcf,0x99,0x4d,
  0xd2,0x83,0x27,0xe0,0xe0,0x58,0xb8,0xa7,0x22,0x36,0xf9,0xe4,0x23,0x9c,0x8d,0xf2,
  0xdb,0x5f,0xff,0x82,0x42,0xdc,0x42,0x26,0x7b,0xc4,0x80,0x20,0x76,0xad,0xb0,0x3e,
  0xf,0x48,0x11,0x84,0x45,0xc,0xca,0x1c,0x70,0x6e,0x31,0x48,0x73,0x29,0x1a,0x74,
  0xeb,0xe9,0x2,0xe7,0xe,0xc,0x6b,0x43,0xd9,0xaf,0xbf,0xa2,0x8,0x7b,0x1f,0xb4,
  0x3d,0x60,0xcb,0x93,0x26,0x2e,0xf,0xcd,0x9c,0x53,0xb0,0x4b,0x3f,0x12,0x30,0xa1,
  0x25,0xb2,0xbb,0x89,0xed,0xc7,0xa5,0xf3,0x89,0x8c,0x44,0x9d,0xfb,0x90,0x6c,0xbc,
  0xa3,0xe4,0x83,0xba,0x12,0x7f,0xdc,0xc0,0x5b,0x76,0x4a,0x11,0xc5,0x93,0x95,0xdf,
  0x35,0x8b,0xe2,0x8c,0x61,0x6e,0x70,0x42,0x1c,0xf5,0xbd,0x6d,0x9,0x1,0x2e,0x59,
  0xe6,0x40,0x5e,0x42,0x21,0x6,0xb3,0x2b,0xc,0x8c,0xd0,0x89,0x88,0x71,0xf9,0xb3,
  0xc8,0x2d,0x36,0xc3,0xf7,0xe9,0x60,0x2b,0x7d,0xf4,0x7a,0xe0,0x2f,0xb7,0x99,0x8f,
  0xea,0x80,0x74,0xdf,0x79,0x81,0x38,0xe9,0xa2,0x13,0xd9,0x18,0x9b,0xe1,0xf1,0x61,
  0x7f,0x38,0x51,0xf2,0x10,0x61,0xb6,0xe7,0xd2,0x8f,0xc4,0x9a,0xd3,0x9f,0x40,0x6d,
  0xb3,0x11,0x40,0x6e,0x7f,0x8d,0xe4,0x73,0x8e,0x29,0x57,0x9a,0x88,0x65,0x1b,0x21,
  0x5a,0x61,0x8e,0x5c,0x6a,0x2d,0x31,0x7a,0x5d,0x21,0x2d,0xe5,0xb8,0x16,0x3,0x6b,
  0x8,0xb8,0x59,0x61,0x99,0x89,0xf1,0xb4,0x8c,0x14,0x2f,0x92,0x39,0x3,0xf,0x88,
  0xed,0x94,0x2,0xc3,0x5b,0xc,0x6c,0x59,0x33,0xec,0x13,0xde,0x79,0x8,0x1c,0xc3,
  0x7,0xad,0xeb,0x1c,0x94,0x11,0x17,0x46,0x22,0x82,0x38,0xd5,0xb0,0x8,0xe,0xd7,
  0xad,0x6,0xb,0x95,0x22,0x24,0xa9,0x4,0xf4,0xb1,0x91,0x44,0xd7,0x46,0x2a,0xd3,
  0xbb,0xcb,0xa7,0x5f,0x9e,0xfe,0x31,0x49,0xa6,0xec,0xfa,0x3c,0x1d,0xb5,0xc4,0xe4,
  0x21,0x6c,0x10,0xea,0x63,0x7e,0x1d,0x9e,0x4e,0x87,0x3a,0x26,0x35,0x48,0x48,0xf2,
  0xf6,0x45,0xe1,0x29,0x86,0xf3,0x89,0x63,0x8c,0x73,0x72,0x75,0x41,0xfc,0x18,0x2d,
  0x89,0x94,0x4f,0x3a,0x54,0xec,0xba,0x80,0xd5,0xc9,0xb0,0x53,0x89,0xa3,0x39,0x25,
  0xce,0x54,0xd4,0x78,0xe4,0x65,0x6,0x32,0x8a,0xed,0xb6,0x80,0xd1,0x40,0x16,0x2e,
  0x8a,0xee,0xb6,0x70,0xd1,0x0,0x8,0x91,0x6b,0x1,0xc1,0x9d,0x28,0xa3,0x52,0xe0,
  0x5f,0xd2,0xbe,0x3c,0x16,0x51,0xb0,0xa5,0x54,0xd4,0x36,0x56,0x64,0x4b,0x6c,0x8a,
  0xfb,0x1b,0x86,0x72,0xd0,0x1c,0xaf,0x9a,0xa1,0xc2,0x9f,0x30,0x8e,0x88,0x13,0x26,
  0x87,0xc,0x61,0xe0,0xb,0x84,0xaa,0xeb,0xf5,0x45,0xfd,0x4,0x92,0x29,0xb,0xc2,
  0x5f,0xac,0xa6,0x70,0xa2,0x5a,0xcb,0xa,0xb,0x10,0x88,0xab,0x21,0x58,0x40,0x4c,
  0x94,0x53,0x10,0x41,0xd8,0x2,0xa1,0xd,0xbf,0x3,0x9a,0x1f,0xc0,0x12,0x22,0x21,
  0xd,0x89,0x6f,0x4f,0xd3,0x36,0xf6,0xbd,0xba,0xbc,0x9d,0x3c,0xfd,0xf3,0xec,0xa,
  0x9d,0xe9,0xe8,0xfa,0xe9,0xe7,0xdf,0x5f,0x5c,0xea,0x69,0x79,0x2,0x65,0x4,0x15,
  0x13,0x2a,0x9d,0x54,0x97,0xe2,0x0,0x28,0x11,0x0,0x5b,0xd4,0xcd,0xdb,0x17,0x3,
  0x14,0x16,0x0,0x23,0x43,0x8c,0x57,0x18,0x32,0x89,0x7b,0x8b,0x84,0xdf,0x93,0x70,
  0xa7,0xcc,0xa,0x6c,0xa7,0x38,0xd6,0x8d,0x2,0xe3,0xf5,0x2b,0xd7,0x61,0x72,0x69,
  0x84,0xaa,0xd,0xa,0x1c,0xbe,0x88,0x6c,0xc1,0x57,0x78,0x81,0x4b,0x40,0x72,0xb8,
  0x94,0x1b,0xc9,0xc5,0x9e,0x3d,0xad,0x3e,0xc2,0xc8,0xd,0xdc,0x3e,0xfd,0xed,0xf6,
  0x6e,0x76,0x55,0x0,0x98,0x1e,0xaa,0x62,0x43,0x95,0x6f,0x2b,0x85,0x4c,0x46,0xff,
  0x83,0x6e,0x29,0x58,0x2a,0x1,0x28,0xe,0x33,0x36,0x2c,0x1e,0x14,0xbf,0xae,0xc4,
  0x7f,0x26,0xdc,0xd3,0x5a,0x86,0x3d,0xa5,0x34,0x8a,0xcd,0x38,0xc5,0x6c,0xb6,0x92,
  0x82,0xbb,0x67,0x96,0x59,0x4e,0x7d,0x26,0xe4,0xd7,0xba,0xbd,0x13,0xa5,0xd0,0x1e,
  0xb7,0xa3,0x44,0x37,0x98,0xed,0x62,0x67,0x49,0x40,0x5b,0x8d,0xb5,0x55,0x24,0x48,
  0xd4,0x4a,0xd7,0x14,0xa,0xbb,0x41,0xee,0xc3,0x4f,0x2e,0xb1,0x40,0x8d,0x21,0x25,
  0x54,0x1b,0x93,0x2d,0x62,0x81,0x1a,0x8a,0xe,0xf,0x47,0xdd,0x43,0x5d,0x69,0x15,
  0xd5,0xe7,0x6,0xce,0xee,0xf4,0x39,0x58,0x85,0xd9,0xdd,0x65,0xec,0x58,0x2a,0x4,
  0xb4,0x34,0x21,0xfd,0xa2,0xd2,0x59,0x2,0x77,0xcf,0x7c,0x9f,0xd9,0xd,0xc5,0x58,
  0x2b,0xcc,0x21,0xf3,0x23,0xc2,0xc0,0x4f,0xce,0x2e,0x44,0xd5,0xfc,0x7a,0x72,0x79,
  0x36,0x1,0xeb,0x39,0x2f,0xc2,0xcb,0x8f,0xd5,0x29,0x73,0xd3,0x60,0x35,0x3,0x8b,
  0x2d,0xba,0x70,0x44,0x29,0x25,0x4c,0x1c,0x75,0xf1,0xed,0x96,0xb9,0xa5,0x39,0xe6,
  0x26,0x77,0x2f,0x4d,0x43,0x2b,0xcf,0x54,0xfe,0x6c,0x1b,0x29,0x52,0xce,0x34,0x44,
  0x4e,0x4c,0xa9,0x5a,0xb1,0x48,0x5b,0xb4,0x6e,0x3,0xf8,0x7a,0x63,0xd1,0xdc,0x68,
  0x54,0x1a,0x8f,0x16,0xb4,0xe7,0xdc,0xb8,0xc1,0x2,0xc7,0x47,0x2f,0x90,0x12,0x4f,
  0x49,0xf3,0x24,0x5b,0xdf,0xdd,0x17,0x4f,0x34,0x6d,0x38,0xe8,0x9f,0xb5,0xe5,0x49,
  0x99,0xa3,0x6d,0xab,0xe,0x5,0xf6,0xae,0x76,0x1f,0x37,0xc4,0x25,0x22,0x25,0xa8,
  0xda,0x87,0x2d,0xea,0xee,0xd5,0xd,0xab,0xec,0x3,0x8,0x64,0x81,0x45,0xa5,0xb2,
  0xb2,0xf4,0x95,0x2a,0x56,0x91,0xf7,0xa2,0xc3,0x66,0x22,0x97,0x33,0x8,0x4b,0xfc,
  0x4f,0x88,0xc2,0xa9,0x43,0xec,0x46,0x3e,0xb6,0x41,0x8c,0xc3,0x6c,0x59,0x5c,0xcf,
  0xe7,0x60,0x1d,0xe2,0x4a,0x6b,0x9b,0x37,0x67,0x9a,0x22,0xb2,0x4b,0x98,0x2c,0x80,
  0x78,0x70,0xdd,0x3a,0x69,0xb9,0xf9,0x28,0x23,0xa8,0x13,0x63,0x59,0xd9,0xaa,0xe,
  0x2,0xf,0x9b,0x6a,0x4d,0xbe,0x20,0x5c,0x48,0x5c,0x5c,0xbb,0xd4,0xea,0x20,0x6b,
  0xcb,0xc9,0x15,0x48,0x45,0x25,0xe6,0xd6,0x1e,0x41,0xbe,0x32,0x5a,0x59,0x25,0xd5,
  0x6a,0x29,0x4f,0xbb,0xef,0x6e,0x13,0x70,0x11,0xde,0x88,0x7c,0x55,0xa4,0x50,0x6b,
  0x15,0xa9,0xc7,0x69,0xe2,0xb6,0x77,0xf7,0x8e,0x85,0x44,0xd,0x9b,0x62,0x48,0x1d,
  0x50,0x3e,0x14,0xe8,0x36,0x7d,0x4f,0x63,0x5f,0x56,0xe2,0xd7,0xbf,0x51,0xc0,0x91,
  0x6d,0x6d,0x93,0xdc,0x1a,0x75,0x45,0xb2,0x46,0xf8,0xcd,0xdd,0x5c,0x7b,0xb7,0x27,
  0xe5,0x6,0xf7,0xc8,0xde,0x8d,0xd5,0xde,0x91,0xaf,0xa3,0xaf,0xc3,0xd7,0xda,0x10,
  0xab,0xa1,0xb7,0x6f,0xcd,0x7e,0x69,0xd6,0x87,0x6c,0x97,0xa3,0x56,0xca,0x3d,0x66,
  0x9f,0x17,0xa8,0x93,0xc1,0x47,0xaf,0x5f,0xbf,0x16,0xf6,0x1b,0xc9,0x3d,0xdf,0x41,
  0x34,0x9,0x6e,0xc8,0x56,0xa4,0x31,0xc7,0x6b,0x4c,0xc7,0x53,0xe,0x64,0xf7,0xae,
  0xc0,0xdf,0xdf,0xfe,0xfc,0x6f,0x61,0xae,0x7e,0x87,0x14,0x59,0xec,0xcb,0xc0,0xbe,
  0x27,0xbc,0x13,0x6,0x6,0x7,0xaa,0xcf,0x66,0xcc,0xc0,0x16,0x99,0x87,0x2e,0xbf,
  0x23,0x4d,0x86,0x48,0x95,0xac,0x70,0x85,0x8e,0xe2,0xfa,0x7f,0x3c,0xb9,0x51,0xe,
  0x5e,0xca,0x2f,0xf2,0xed,0xc3,0xb7,0x2d,0xb0,0x34,0x39,0x94,0x3,0x19,0x85,0xca,
  0xe9,0xf2,0x40,0x6,0xbb,0xbe,0xa0,0xf0,0x15,0xf4,0xab,0x69,0x3c,0x57,0xc9,0x6,
  0xad,0x15,0x1b,0x8e,0x75,0xbd,0x7f,0x3c,0x69,0xce,0x86,0xbd,0x70,0xa,0x62,0x94,
  0x9b,0x75,0x9d,0xb9,0x1e,0xf6,0x24,0xf0,0x7d,0xe6,0x34,0x65,0x69,0xe4,0x84,0xa3,
  0xd5,0x95,0xa6,0x2c,0x89,0x2f,0x3a,0xc4,0x6d,0xc7,0xee,0x50,0xe,0x2f,0xe,0x92,
  0x7,0x8d,0x65,0x71,0xc9,0x56,0x84,0x4f,0x1c,0x51,0x19,0x96,0x74,0x2a,0xb5,0xf7,
  0x22,0xeb,0x9e,0x38,0xf0,0x3e,0x92,0x17,0x18,0x39,0xb5,0x8e,0xca,0xd7,0x21,0xa9,
  0xc4,0x94,0xc3,0xfd,0x4e,0xdc,0xeb,0x9c,0x4e,0x87,0xd3,0xa1,0xa4,0x19,0x6d,0x9c,
  0x7f,0x54,0x66,0x18,0xd3,0x43,0xbd,0xb1,0x71,0x28,0xcc,0x36,0xf6,0x6a,0x55,0xa2,
  0x96,0x82,0x28,0x27,0x8c,0xd1,0x2d,0x88,0xb8,0xbc,0x85,0x89,0xce,0x42,0x7c,0x69,
  0x65,0x27,0xce,0x8e,0xfa,0xd3,0xfe,0x54,0xd9,0xd5,0x50,0x4b,0xe1,0x7e,0x88,0xb4,
  0x6a,0x2a,0xbe,0x9c,0x11,0x9b,0x9e,0x40,0x4,0x26,0xb3,0x3,0x30,0xab,0xf4,0x27,
  0x40,0xc6,0x96,0xbe,0xa9,0x20,0xca,0x49,0x93,0x60,0xf6,0xba,0xe0,0x78,0x7e,0x2a,
  0x2,0x4f,0x2e,0xf3,0x7a,0x10,0x7b,0x9f,0x1a,0xfb,0x78,0xf9,0xbb,0xf8,0xe5,0x7b,
  0x15,0xab,0xfa,0xe,0x78,0xa1,0x56,0x27,0x3a,0xe1,0xb9,0x6e,0x21,0xf9,0x78,0xf0,
  0xc5,0x5d,0x89,0xbe,0xee,0x1,0x37,0x70,0x25,0x95,0x37,0xa,0x2a,0x9b,0x1f,0xe1,
  0x1b,0x76,0x72,0x27,0x5f,0xea,0x48,0x72,0x1d,0xf1,0x3d,0x1f,0x49,0xcb,0x69,0xd9,
  0xb2,0xa5,0x68,0xdb,0x62,0x8f,0x21,0x47,0xdc,0x4d,0x5e,0xe2,0x1f,0x70,0x4c,0x64,
  0x59,0x95,0xb3,0x81,0x23,0x5c,0x51,0x8f,0x82,0xbf,0x2d,0x2d,0x40,0x8b,0x44,0xa3,
  0x5b,0x5d,0xe3,0x96,0xab,0xa7,0x95,0xd7,0xd2,0x2a,0x5f,0xd3,0xbc,0x8e,0xd6,0xac,
  0x86,0x56,0x5a,0x3f,0xdb,0xb1,0x9a,0x1f,0x17,0xb4,0x8c,0xd0,0x38,0x5d,0x38,0x45,
  0x3d,0xf2,0xa,0xad,0xba,0x24,0xce,0x32,0xb0,0xe3,0xbb,0x19,0x78,0x11,0x60,0x6e,
  0x62,0x7,0x3e,0x46,0xfd,0x45,0xfc,0xf4,0x5f,0x38,0x7c,0x55,0x69,0x5c,0xac,0x1f,
  0x8d,0x8e,0x7a,0xa3,0x53,0xf9,0xde,0xc1,0xb0,0x8d,0xd8,0x36,0x92,0xe4,0xc2,0xde,
  0xda,0xe9,0xd5,0xe5,0xf4,0xe2,0xe6,0x8d,0xf8,0x55,0x4a,0x13,0x8c,0x5a,0xd1,0x2e,
  0xb9,0x3b,0xd7,0x3f,0xea,0x36,0x83,0x8f,0xa5,0xf2,0xb0,0xdb,0xdd,0x63,0x17,0x6e,
  0x23,0x9a,0x83,0x9a,0xce,0xee,0xb4,0x37,0x3d,0x9c,0x6a,0xa5,0xa7,0xd6,0xb4,0x36,
  0x29,0x57,0x93,0x2d,0xac,0xc5,0xd6,0x57,0x11,0xb5,0x7d,0x75,0xff,0x12,0x17,0x8b,
  0x14,0xc9,0xee,0x9f,0x26,0xd9,0xe9,0xda,0x4f,0x61,0xaa,0xd2,0x19,0x83,0x50,0x6f,
  0x8b,0x36,0xc8,0xc6,0xb9,0x1b,0x27,0x2d,0xd9,0x54,0x70,0xb,0x2b,0x6e,0x15,0x76,
  0x4a,0xe7,0xc2,0x72,0x51,0x58,0xfe,0x59,0x83,0x28,0x61,0x41,0x27,0x6e,0x2c,0x1e,
  0x7c,0xe6,0xbe,0xe2,0x7e,0xca,0xab,0xfb,0xea,0x2a,0xe6,0x74,0xbc,0xdf,0xb6,0xbb,
  0x4b,0x3d,0x3f,0x7b,0x3d,0xaa,0x30,0xf2,0x1,0x46,0x84,0x77,0xbf,0x4a,0x7e,0xae,
  0xb3,0xf,0xaf,0x9a,0xc1,0x89,0x49,0x6b,0xd4,0xd7,0x4d,0xdc,0xd8,0x6a,0xd6,0x37,
  0xa8,0xd1,0xb6,0x74,0xe7,0x54,0x82,0xe8,0xf5,0x8d,0xb3,0x13,0xcc,0xd5,0x38,0x4b,
  0x18,0x6f,0xc7,0x9a,0xc4,0x7e,0x2e,0x83,0x40,0xf1,0x53,0x2,0x49,0xd5,0xbd,0x4b,
  0x42,0xcc,0xba,0x44,0xbb,0x36,0xaa,0x6e,0xd1,0xd9,0xd,0xed,0xfd,0xe,0x4d,0xda,
  0x62,0x7c,0x99,0x46,0x6d,0xe5,0xa,0x12,0xd5,0xb5,0x28,0x81,0xcf,0x8a,0x70,0x7c,
  0x5,0xaf,0x36,0xe1,0x8c,0x64,0x71,0xd4,0xa8,0xb6,0x52,0xf5,0xeb,0x8d,0xf6,0x31,
  0xe1,0x26,0x6e,0x90,0x6d,0x98,0xb5,0xeb,0x6a,0x16,0x7a,0xd3,0xa6,0xa9,0x7e,0x43,
  0xcf,0x2a,0x1d,0xe9,0x37,0xd,0x91,0x6,0xed,0x97,0xd8,0x58,0xd4,0x81,0x7c,0xe5,
  0x4d,0xa6,0xfd,0x94,0x88,0xda,0xa7,0xdd,0xc9,0x48,0xf9,0xec,0x8d,0xb6,0xf2,0xa8,
  0x5e,0x66,0x95,0xf8,0xf7,0x23,0xff,0xfa,0xbb,0xf2,0xa5,0x7a,0x90,0x85,0xfe,0x7b,
  0xd7,0x46,0x5f,0x53,0xc4,0x7d,0x37,0xea,0xda,0xb4,0xe4,0xdb,0x3a,0xd3,0x42,0x8d,
  0xfc,0x5a,0xd,0xf3,0x5d,0x4e,0x5b,0xeb,0x7e,0xa1,0xd3,0x96,0x8b,0x9d,0x5b,0xb,
  0xc1,0x8e,0xac,0x6d,0xec,0x39,0x2b,0x35,0xa8,0xdf,0x92,0x2d,0x52,0xd,0xb6,0xcf,
  0xa1,0x42,0xbb,0xf6,0xe2,0x5a,0x73,0x4c,0xfb,0xff,0xe8,0xc3,0xed,0xbd,0x52,0x57,
  0x33,0x54,0xf8,0xe3,0x9e,0xc7,0xff,0x1,0xbc,0x26,0x9,0xd0,
    // CatalogoScreen.qml
  0x0,0x0,0x5,0x72,
  0x0,
  0x0,0x13,0x24,0x78,0xda,0xb5,0x58,0x5d,0x6f,0xdb,0x36,0x14,0x7d,0xf,0x90,0xff,
  0x70,0xa1,0xd,0xa8,0xb5,0x7a,0x4c,0xec,0xc4,0x6e,0x20,0x23,0x2d,0x92,0xd4,0xc1,
  0x2,0xa4,0x45,0x3e,0xb6,0xe6,0x71,0x60,0x24,0xda,0x26,0x42,0x93,0xa,0x49,0x39,
  0xe9,0xd2,0xfc,0x97,0x1,0x7b,0xd8,0xd3,0x9e,0xf7,0xbe,0xfc,0xb1,0x5d,0x7d,0x59,
  0x56,0x24,0x4b,0xd,0xd6,0x9,0x6d,0x60,0x53,0x87,0x97,0x87,0xf7,0x9e,0x7b,0x2f,
  0x69,0x3e,0xf,0x95,0xb6,0x70,0x6e,0xcf,0x23,0xee,0xdf,0x6c,0x6e,0xf0,0xd2,0x77,
  0x72,0xa4,0xa4,0xd5,0x4a,0x98,0xca,0x8b,0x53,0xfa,0x59,0x45,0xb6,0x18,0x3f,0x88,
  0x71,0x9b,0x1b,0x9b,0x1b,0x67,0x74,0xca,0x25,0x3d,0x52,0xf3,0x50,0xd3,0x40,0x69,
  0x78,0xd8,0xdc,0x0,0x7c,0x78,0xe0,0x81,0x4f,0x2d,0x15,0x6a,0xaa,0x10,0xc2,0xd2,
  0xd1,0x50,0xab,0x90,0x69,0xfb,0x19,0xb8,0xb4,0x30,0x61,0x5c,0xd3,0x13,0xc4,0xfd,
  0xd8,0xab,0x79,0xbb,0x60,0x32,0x60,0x68,0x70,0x15,0xa0,0x19,0x2e,0x21,0xc5,0xe7,
  0x2,0xb9,0xa0,0x1a,0x2,0x1c,0x34,0x9f,0x32,0xb8,0x7,0x4b,0x2a,0xd9,0x5e,0x4,
  0xd3,0x24,0x37,0xd6,0x29,0xac,0xba,0xad,0x26,0x8f,0x63,0x7e,0xf5,0xf6,0x12,0xea,
  0x9d,0x6c,0x3,0xee,0x33,0xf6,0xc6,0x6a,0x2e,0xa7,0x30,0x67,0xd2,0xe0,0xc6,0xe7,
  0x1e,0x38,0x4e,0x8a,0xb0,0xdc,0x46,0x42,0x79,0x65,0xc2,0xe4,0x9a,0x4a,0x9f,0xc2,
  0x97,0x2f,0xe0,0x9c,0x69,0x15,0x44,0x56,0x19,0x8,0xd4,0x72,0xfb,0xd9,0x54,0x5c,
  0x5b,0x32,0xdf,0x72,0x25,0x4d,0xee,0xe1,0xc4,0x22,0xd5,0x53,0x66,0x6b,0x39,0x16,
  0xa0,0x49,0x24,0x93,0x99,0xa0,0xe4,0x25,0xf5,0x95,0xa0,0x47,0x33,0x2a,0xa7,0x2c,
  0xe8,0xb8,0xab,0xa6,0xe2,0xe7,0xdc,0x12,0x9f,0xa,0x71,0x4a,0x2d,0xd3,0x9d,0x7c,
  0x5a,0x15,0x16,0x3f,0x82,0x1b,0x4b,0x73,0xc2,0x64,0xae,0x2,0x26,0x60,0xbf,0xd6,
  0x57,0x61,0x6,0xea,0xac,0xca,0x81,0x64,0xbe,0xeb,0x96,0x44,0x42,0x2a,0xe1,0xc9,
  0x9f,0xc7,0x95,0xef,0x8f,0xe9,0xc7,0xc7,0xdc,0x33,0x22,0x9a,0xcb,0x54,0x9e,0xab,
  0x44,0xd1,0xab,0x33,0xa5,0xd,0x99,0x70,0x21,0x3c,0x8,0xa9,0x66,0xd2,0x56,0xdf,
  0xce,0xd1,0x81,0x5c,0x1a,0xf,0x76,0x86,0xc5,0x4b,0x13,0x52,0x1f,0x23,0xe8,0x41,
  0x6f,0xaf,0x18,0x3c,0xa5,0xd7,0xb8,0xc5,0x7,0xb0,0xec,0xde,0x96,0xa5,0x4d,0xd2,
  0xb8,0x8e,0x60,0x82,0x9b,0x26,0x21,0xbf,0x67,0xe2,0x92,0xff,0xc6,0x62,0x9b,0xd9,
  0xd8,0xb5,0x12,0xa8,0x62,0xab,0x23,0x36,0x2,0xc,0x40,0xac,0x52,0xe7,0xbb,0xde,
  0x9b,0xfe,0x76,0xef,0xd0,0xc9,0xf7,0x51,0x5d,0xa3,0xec,0xb0,0xb2,0x68,0xa4,0x9a,
  0xb3,0x44,0x33,0x8e,0xb,0xaf,0xc1,0x81,0x7f,0xfe,0xc6,0x3f,0xaf,0xeb,0xa6,0x24,
  0x2a,0x5e,0xc5,0x8f,0xe0,0x4e,0xd3,0xf0,0x3,0x46,0xcc,0x83,0x9f,0x71,0x21,0x72,
  0xa5,0x74,0x70,0x85,0x43,0x23,0x48,0xbd,0x98,0xb8,0xec,0x8a,0x7,0x76,0x96,0x72,
  0x5e,0xcf,0xd0,0xb9,0x64,0x82,0xf9,0xa8,0x11,0x6,0xa8,0xda,0x3c,0xd0,0xb1,0xb3,
  0x29,0x50,0x30,0x89,0xd8,0x8,0x1c,0x80,0x41,0xd8,0xd3,0x9f,0x4f,0x7f,0x28,0xa0,
  0x5c,0x6,0x14,0x64,0xfc,0xd1,0x57,0x72,0xc2,0xf5,0x9c,0x42,0x84,0xff,0x35,0x33,
  0x4c,0x2f,0x28,0x71,0x5e,0xcc,0x6e,0xc5,0xa3,0xc3,0xe1,0x9b,0xed,0xe1,0x41,0x83,
  0x47,0x4b,0xde,0xc9,0xf3,0x73,0x4,0xb,0x6e,0xf8,0xb5,0xc0,0x5,0x63,0x14,0x11,
  0x4c,0x4e,0xed,0xc,0xde,0xc2,0xf6,0x7f,0xe1,0xd2,0xef,0xf,0x76,0x77,0xde,0xd7,
  0x72,0x59,0x2e,0x57,0xce,0x21,0x5f,0x45,0x58,0xf6,0xf6,0xf7,0xf7,0xe3,0x85,0x33,
  0xff,0x8e,0x8d,0x65,0xcb,0x52,0x90,0xba,0xcd,0xb2,0x79,0xe1,0xe9,0x80,0x9b,0x50,
  0xc9,0xa7,0xbf,0x16,0x8c,0x1b,0x90,0xc,0xcd,0xa5,0x55,0x95,0x94,0x17,0xc6,0x75,
  0x3e,0x71,0x76,0xf7,0x3c,0x8f,0xe3,0x1a,0x5d,0xe2,0x50,0x7e,0x5d,0xbf,0xc7,0xb5,
  0x98,0x9f,0x18,0x9f,0xce,0x6c,0x1d,0xc8,0x17,0x3c,0xac,0x1b,0xaf,0xcd,0xb3,0xf8,
  0x49,0xca,0x89,0xf7,0xff,0x55,0x93,0x4b,0x3f,0xb6,0x76,0x48,0xe3,0xc6,0xa0,0x2d,
  0xc7,0x9a,0xe7,0x15,0x63,0xf0,0xf0,0x58,0x46,0x23,0x17,0x36,0xc5,0x92,0xe8,0xc1,
  0x5,0x96,0x60,0x2c,0x9d,0x82,0xd5,0x55,0xc4,0xd8,0x9b,0x19,0xbb,0x23,0xaa,0x83,
  0x2a,0x40,0xb3,0xdb,0x88,0x6b,0x16,0x94,0x5b,0x4d,0xb2,0xd7,0xf7,0x48,0xbb,0x3a,
  0xe1,0x2e,0xf5,0x7a,0x59,0x26,0xc9,0x60,0x15,0x3b,0xcb,0xbc,0x8f,0x59,0x65,0x59,
  0x14,0x28,0x82,0x7d,0x5a,0x70,0x9f,0xdb,0x34,0x2c,0x58,0x1b,0x6,0xc3,0xea,0xac,
  0x5c,0xae,0x77,0x33,0x6e,0x99,0x53,0x43,0x99,0x6,0x3c,0xc2,0xea,0xd8,0xdb,0xad,
  0xbe,0xbb,0xc6,0x64,0xc0,0x80,0x2c,0x15,0x3f,0xde,0x1d,0xef,0x8d,0x7,0x35,0x46,
  0x2e,0xd4,0x5d,0xb5,0x3c,0x3f,0xf7,0x5c,0xce,0xbb,0x1e,0xd1,0x5c,0xcc,0xeb,0x90,
  0xcb,0xc2,0xde,0xdf,0xab,0x7,0x16,0xe2,0x1b,0xd6,0x3,0x1a,0x83,0xfd,0x4c,0xff,
  0xa1,0x66,0x13,0xa6,0x31,0xb6,0x59,0xa2,0xbc,0xe9,0x7f,0xfd,0x94,0x3c,0x6f,0x9a,
  0xe6,0xe4,0x71,0xd8,0x19,0xae,0xc7,0x14,0x81,0x18,0x8c,0xc7,0xe3,0x3d,0x67,0x3d,
  0xf2,0x64,0x8e,0xd9,0x81,0x85,0xa8,0xce,0xab,0xa3,0xaa,0x7,0x7b,0x7b,0x23,0x30,
  0x2a,0xd2,0x3e,0x66,0x0,0x9e,0x10,0xb0,0x54,0x2b,0xb1,0x60,0xc1,0x2f,0x5a,0x74,
  0x1c,0x42,0xb6,0xa8,0x31,0xcc,0x9a,0xad,0x63,0x25,0x66,0xf4,0x4,0xc3,0xc8,0x88,
  0x59,0x4c,0xe3,0x36,0x13,0x9b,0x4d,0x8b,0x67,0xb2,0x20,0x39,0x4b,0x8b,0x3c,0x3b,
  0x30,0x21,0xba,0xf6,0x98,0x5b,0x78,0xac,0xe7,0xb8,0x66,0x78,0x5d,0xa7,0x5f,0xe3,
  0xe0,0xc6,0xba,0x55,0xc6,0xaf,0xf6,0x88,0x95,0x14,0x26,0xcb,0xdc,0x4c,0xfa,0x67,
  0xb5,0xc1,0xf7,0x77,0x9b,0x1a,0x7c,0x4d,0xb,0x68,0x5e,0xda,0xb9,0xf8,0x3e,0xe9,
  0xe2,0x1f,0xa3,0xf9,0x35,0x1e,0xc0,0xea,0x99,0xa0,0x6e,0x7c,0xe5,0x12,0xab,0x4e,
  0x15,0xd6,0x2d,0x76,0x99,0x1c,0x36,0x3b,0x18,0x17,0x91,0x7c,0xef,0x38,0xa1,0xfd,
  0xf5,0xf0,0xc2,0x71,0xbb,0xf0,0x6a,0xf2,0xaa,0xb,0xfd,0xf4,0x7c,0xb0,0x95,0x18,
  0xae,0xb7,0x18,0x49,0x8e,0x27,0x5,0xf6,0x2,0x9e,0xef,0x97,0x6d,0x7,0x75,0xb3,
  0xde,0x70,0xda,0x9d,0x38,0xa2,0x12,0xe,0xad,0xc,0x9a,0x5b,0xf9,0x37,0x55,0x48,
  0x7b,0xc4,0xf1,0x96,0x73,0x86,0x4a,0x87,0x77,0xe0,0x9c,0x47,0x54,0xda,0xd4,0x47,
  0x9d,0x10,0xe5,0x1e,0x37,0x5e,0x6,0xdb,0xdd,0x1,0xdc,0x4c,0x5d,0x7,0xbc,0x32,
  0x22,0xdb,0x8c,0x71,0x9d,0xaa,0x60,0x7a,0xfd,0x26,0x2f,0x5f,0x86,0x5c,0x1e,0xaa,
  0xfb,0x26,0xe6,0x79,0xb9,0xbc,0x5d,0x2e,0xd8,0x8c,0x9d,0x68,0x85,0x17,0x90,0x5e,
  0x33,0xc8,0xe2,0x9d,0xe4,0x3,0xb5,0x33,0x4c,0xf9,0xfb,0x4e,0xaf,0x9b,0x7e,0x9e,
  0x8,0xa5,0xd6,0x69,0x70,0x25,0xb0,0x3f,0x40,0xa7,0xcd,0x7f,0x7d,0xf4,0x50,0xcf,
  0x75,0xdd,0x66,0x12,0xb,0x2a,0x22,0xd6,0x4a,0x95,0x49,0x8a,0x47,0xa7,0xc0,0x6b,
  0x57,0xdc,0xdb,0xfd,0x76,0x66,0xdb,0x64,0x90,0x70,0x6b,0x71,0xf,0xaa,0xe4,0x18,
  0xfd,0xf8,0x29,0x65,0xb8,0xbc,0x17,0x21,0x63,0xa5,0xbb,0x90,0xe6,0x9d,0xdb,0x16,
  0xb5,0xf4,0x4,0x60,0x23,0x2d,0x5b,0x5,0x97,0x5a,0xc6,0x9c,0xed,0x57,0xf2,0x3c,
  0x5d,0x2c,0xcb,0xed,0x9e,0x8b,0xec,0x13,0x2c,0xc2,0x32,0x40,0xcb,0x5e,0x1a,0xd4,
  0xf7,0xb2,0x54,0x3b,0x54,0x96,0xaa,0xe4,0x47,0x80,0xa6,0x8d,0x67,0xf5,0xe2,0x20,
  0xe0,0xf1,0x2d,0x1,0x4f,0x3b,0x4f,0xbf,0x67,0xd7,0x82,0x86,0xf6,0xb4,0x8c,0x71,
  0x21,0x72,0x92,0x8d,0xad,0x9f,0xa4,0xe4,0x11,0x1e,0x77,0x6e,0xe2,0x69,0xf,0x6d,
  0x42,0xd3,0x70,0x6b,0x3,0xbc,0xad,0xae,0xd8,0x4f,0xd4,0x87,0x1e,0xff,0x4a,0x31,
  0xb7,0xaf,0x90,0x5c,0xb8,0xf6,0x1b,0xba,0x49,0xbb,0x9,0x75,0xb3,0xe6,0x46,0x4d,
  0x73,0x77,0xbe,0xec,0x10,0xdc,0x5d,0xc3,0x86,0xe3,0x1b,0x74,0x48,0xcb,0xa6,0x6a,
  0xef,0x4e,0x48,0x10,0x59,0xbe,0x4b,0x77,0x1b,0xd7,0xf8,0x9c,0x5a,0xa0,0x8a,0x50,
  0x93,0xa4,0x44,0x7e,0x8c,0x2f,0x2f,0x13,0xc5,0x21,0x54,0xc6,0x24,0xad,0x63,0x9,
  0xd6,0x24,0xfe,0x7d,0x3,0x2f,0x83,0xf1,0xad,0xb1,0x8,0xca,0xca,0xed,0x46,0x10,
  0xe7,0x5b,0x8,0xf7,0xd9,0xd0,0x63,0xdd,0x6f,0xa,0xf8,0xef,0x5f,0x7f,0xe6,0x5c,
  0x78,
    // SacolaScreen.qml
  0x0,0x0,0xa,0x26,
  0x69,
  0x6d,0x70,0x6f,0x72,0x74,0x20,0x51,0x74,0x51,0x75,0x69,0x63,0x6b,0xd,0xa,0x69,
  0x6d,0x70,0x6f,0x72,0x74,0x20,0x51,0x74,0x51,0x75,0x69,0x63,0x6b,0x2e,0x43,0x6f,
  0x6e,0x74,0x72,0x6f,0x6c,0x73,0xd,0xa,0x69,0x6d,0x70,0x6f,0x72,0x74,0x20,0x51,
  0x74,0x51,0x75,0x69,0x63,0x6b,0x2e,0x4c,0x61,0x79,0x6f,0x75,0x74,0x73,0xd,0xa,
  0x69,0x6d,0x70,0x6f,0x72,0x74,0x20,0x41,0x6e,0x74,0x72,0x6f,0xd,0xa,0xd,0xa,
  0x50,0x61,0x67,0x69,0x6e,0x61,0x43,0x6f,0x6d,0x70,0x72,0x61,0x64,0x6f,0x72,0x20,
  0x7b,0xd,0xa,0x20,0x20,0x20,0x20,0x69,0x64,0x3a,0x20,0x73,0x61,0x63,0x6f,0x6c,
  0x61,0x50,0x61,0x67,0x65,0xd,0xa,0x20,0x20,0x20,0x20,0x74,0x69,0x74,0x75,0x6c,
  0x6f,0x3a,0x20,0x22,0x4d,0x69,0x6e,0x68,0x61,0x20,0x73,0x61,0x63,0x6f,0x6c,0x61,
  0x22,0xd,0xa,0x20,0x20,0x20,0x20,0x6d,0x6f,0x73,0x74,0x72,0x61,0x72,0x53,0x61,
  0x63,0x6f,0x6c,0x61,0x3a,0x20,0x66,0x61,0x6c,0x73,0x65,0xd,0xa,0x20,0x20,0x20,
  0x20,0x43,0x6f,0x6c,0x75,0x6d,0x6e,0x4c,0x61,0x79,0x6f,0x75,0x74,0x20,0x7b,0xd,
  0xa,0x20,0x20,0x20,0x20,0x20,0x20,0x20,0x20,0x61,0x6e,0x63,0x68,0x6f,0x72,0x73,
  0x2e,0x66,0x69,0x6c,0x6c,0x3a,0x20,0x70,0x61,0x72,0x65,0x6e,0x74,0xd,0xa,0x20,
  0x20,0x20,0x20,0x20,0x20,0x20,0x20,0x61,0x6e,0x63,0x68,0x6f,0x72,0x73,0x2e,0x6d,
  0x61,0x72,0x67,0x69,0x6e,0x73,0x3a,0x20,0x33,0x36,0xd,0xa,0x20,0x20,0x20,0x20,
  0x20,0x20,0x20,0x20,0x73,0x70,0x61,0x63,0x69,0x6e,0x67,0x3a,0x20,0x31,0x38,0xd,
  0xa,0x20,0x20,0x20,0x20,0x20,0x20,0x20,0x20,0x4c,0x61,0x62,0x65,0x6c,0x20,0x7b,
  0x20,0x74,0x65,0x78,0x74,0x3a,0x20,0x22,0x4d,0x69,0x6e,0x68,0x61,0x20,0x73,0x61,
  0x63,0x6f,0x6c,0x61,0x22,0x3b,0x20,0x66,0x6f,0x6e,0x74,0x2e,0x70,0x69,0x78,0x65,
  0x6c,0x53,0x69,0x7a,0x65,0x3a,0x20,0x33,0x36,0x3b,0x20,0x66,0x6f,0x6e,0x74,0x2e,
  0x62,0x6f,0x6c,0x64,0x3a,0x20,0x74,0x72,0x75,0x65,0x3b,0x20,0x63,0x6f,0x6c,0x6f,
  0x72,0x3a,0x20,0x22,0x23,0x31,0x37,0x32,0x30,0x31,0x42,0x22,0x20,0x7d,0xd,0xa,
  0x20,0x20,0x20,0x20,0x20,0x20,0x20,0x20,0x4c,0x61,0x62,0x65,0x6c,0x20,0x7b,0xd,
  0xa,0x20,0x20,0x20,0x20,0x20,0x20,0x20,0x20,0x20,0x20,0x20,0x20,0x74,0x65,0x78,
  0x74,0x3a,0x20,0x22,0x53,0x65,0x6c,0x65,0xc3,0xa7,0xc3,0xa3,0x6f,0x20,0x74,0x65,
  0x6d,0x70,0x6f,0x72,0xc3,0xa1,0x72,0x69,0x61,0x2e,0x20,0x41,0x20,0x63,0x6f,0x6e,
  0x66,0x69,0x72,0x6d,0x61,0xc3,0xa7,0xc3,0xa3,0x6f,0x20,0x64,0x65,0x20,0x72,0x65,
  0x73,0x65,0x72,0x76,0x61,0x20,0x65,0x20,0x72,0x65,0x74,0x69,0x72,0x61,0x64,0x61,
  0x20,0x73,0x65,0x72,0xc3,0xa1,0x20,0x69,0x6e,0x74,0x65,0x67,0x72,0x61,0x64,0x61,
  0x20,0xc3,0xa0,0x20,0x65,0x74,0x61,0x70,0x61,0x20,0x64,0x65,0x20,0x70,0x65,0x64,
  0x69,0x64,0x6f,0x73,0x2e,0x20,0x4e,0xc3,0xa3,0x6f,0x20,0x68,0xc3,0xa1,0x20,0x70,
  0x61,0x67,0x61,0x6d,0x65,0x6e,0x74,0x6f,0x20,0x70,0x65,0x6c,0x6f,0x20,0x61,0x70,
  0x6c,0x69,0x63,0x61,0x74,0x69,0x76,0x6f,0x2e,0x22,0xd,0xa,0x20,0x20,0x20,0x20,
  0x20,0x20,0x20,0x20,0x20,0x20,0x20,0x20,0x77,0x72,0x61,0x70,0x4d,0x6f,0x64,0x65,
  0x3a,0x20,0x54,0x65,0x78,0x74,0x2e,0x57,0x6f,0x72,0x64,0x57,0x72,0x61,0x70,0xd,
  0xa,0x20,0x20,0x20,0x20,0x20,0x20,0x20,0x20,0x20,0x20,0x20,0x20,0x4c,0x61,0x79,
  0x6f,0x75,0x74,0x2e,0x66,0x69,0x6c,0x6c,0x57,0x69,0x64,0x74,0x68,0x3a,0x20,0x74,
  0x72,0x75,0x65,0xd,0xa,0x20,0x20,0x20,0x20,0x20,0x20,0x20,0x20,0x20,0x20,0x20,
  0x20,0x63,0x6f,0x6c,0x6f,0x72,0x3a,0x20,0x22,0x23,0x36,0x36,0x37,0x30,0x36,0x41,
  0x22,0xd,0xa,0x20,0x20,0x20,0x20,0x20,0x20,0x20,0x20,0x7d,0xd,0xa,0x20,0x20,
  0x20,0x20,0x20,0x20,0x20,0x20,0x4c,0x61,0x62,0x65,0x6c,0x20,0x7b,0x20,0x76,0x69,
  0x73,0x69,0x62,0x6c,0x65,0x3a,0x20,0x43,0x6f,0x6d,0x70,0x72,0x61,0x64,0x6f,0x72,
  0x43,0x6f,0x6e,0x74,0x72,0x6f,0x6c,0x6c,0x65,0x72,0x2e,0x74,0x69,0x70,0x6f,0x73,
  0x4e,0x61,0x53,0x61,0x63,0x6f,0x6c,0x61,0x20,0x3d,0x3d,0x3d,0x20,0x30,0x3b,0x20,
  0x74,0x65,0x78,0x74,0x3a,0x20,0x22,0x53,0x75,0x61,0x20,0x73,0x61,0x63,0x6f,0x6c,
  0x61,0x20,0x65,0x73,0x74,0xc3,0xa1,0x20,0x76,0x61,0x7a,0x69,0x61,0x2e,0x20,0x56,
  0x6f,0x6c,0x74,0x65,0x20,0x70,0x61,0x72,0x61,0x20,0x65,0x73,0x63,0x6f,0x6c,0x68,
  0x65,0x72,0x20,0x70,0x72,0x6f,0x64,0x75,0x74,0x6f,0x73,0x2e,0x22,0x20,0x7d,0xd,
  0xa,0x20,0x20,0x20,0x20,0x20,0x20,0x20,0x20,0x4c,0x69,0x73,0x74,0x56,0x69,0x65,
  0x77,0x20,0x7b,0xd,0xa,0x20,0x20,0x20,0x20,0x20,0x20,0x20,0x20,0x20,0x20,0x20,
  0x20,0x69,0x64,0x3a,0x20,0x6c,0x69,0x73,0x74,0x61,0x53,0x61,0x63,0x6f,0x6c,0x61,
  0xd,0xa,0x20,0x20,0x20,0x20,0x20,0x20,0x20,0x20,0x20,0x20,0x20,0x20,0x4c,0x61,
  0x79,0x6f,0x75,0x74,0x2e,0x66,0x69,0x6c,0x6c,0x57,0x69,0x64,0x74,0x68,0x3a,0x20,
  0x74,0x72,0x75,0x65,0xd,0xa,0x20,0x20,0x20,0x20,0x20,0x20,0x20,0x20,0x20,0x20,
  0x20,0x20,0x4c,0x61,0x79,0x6f,0x75,0x74,0x2e,0x66,0x69,0x6c,0x6c,0x48,0x65,0x69,
  0x67,0x68,0x74,0x3a,0x20,0x74,0x72,0x75,0x65,0xd,0xa,0x20,0x20,0x20,0x20,0x20,
  0x20,0x20,0x20,0x20,0x20,0x20,0x20,0x63,0x6c,0x69,0x70,0x3a,0x20,0x74,0x72,0x75,
  0x65,0xd,0xa,0x20,0x20,0x20,0x20,0x20,0x20,0x20,0x20,0x20,0x20,0x20,0x20,0x73,
  0x70,0x61,0x63,0x69,0x6e,0x67,0x3a,0x20,0x31,0x38,0xd,0xa,0x20,0x20,0x20,0x20,
  0x20,0x20,0x20,0x20,0x20,0x20,0x20,0x20,0x6d,0x6f,0x64,0x65,0x6c,0x3a,0x20,0x43,
  0x6f,0x6d,0x70,0x72,0x61,0x64,0x6f,0x72,0x43,0x6f,0x6e,0x74,0x72,0x6f,0x6c,0x6c,
  0x65,0x72,0x2e,0x73,0x61,0x63,0x6f,0x6c,0x61,0xd,0xa,0x20,0x20,0x20,0x20,0x20,
  0x20,0x20,0x20,0x20,0x20,0x20,0x20,0x53,0x63,0x72,0x6f,0x6c,0x6c,0x42,0x61,0x72,
  0x2e,0x76,0x65,0x72,0x74,0x69,0x63,0x61,0x6c,0x3a,0x20,0x53,0x63,0x72,0x6f,0x6c,
  0x6c,0x42,0x61,0x72,0x20,0x7b,0x7d,0xd,0xa,0x20,0x20,0x20,0x20,0x20,0x20,0x20,
  0x20,0x20,0x20,0x20,0x20,0x64,0x65,0x6c,0x65,0x67,0x61,0x74,0x65,0x3a,0x20,0x52,
  0x65,0x63,0x74,0x61,0x6e,0x67,0x6c,0x65,0x20,0x7b,0xd,0xa,0x20,0x20,0x20,0x20,
  0x20,0x20,0x20,0x20,0x20,0x20,0x20,0x20,0x20,0x20,0x20,0x20,0x72,0x65,0x71,0x75,
  0x69,0x72,0x65,0x64,0x20,0x70,0x72,0x6f,0x70,0x65,0x72,0x74,0x79,0x20,0x76,0x61,
  0x72,0x20,0x6d,0x6f,0x64,0x65,0x6c,0x44,0x61,0x74,0x61,0xd,0xa,0x20,0x20,0x20,
  0x20,0x20,0x20,0x20,0x20,0x20,0x20,0x20,0x20,0x20,0x20,0x20,0x20,0x72,0x65,0x71,
  0x75,0x69,0x72,0x65,0x64,0x20,0x70,0x72,0x6f,0x70,0x65,0x72,0x74,0x79,0x20,0x69,
  0x6e,0x74,0x20,0x69,0x6e,0x64,0x65,0x78,0xd,0xa,0x20,0x20,0x20,0x20,0x20,0x20,
  0x20,0x20,0x20,0x20,0x20,0x20,0x20,0x20,0x20,0x20,0x77,0x69,0x64,0x74,0x68,0x3a,
  0x20,0x6c,0x69,0x73,0x74,0x61,0x53,0x61,0x63,0x6f,0x6c,0x61,0x2e,0x77,0x69,0x64,
  0x74,0x68,0xd,0xa,0x20,0x20,0x20,0x20,0x20,0x20,0x20,0x20,0x20,0x20,0x20,0x20,
  0x20,0x20,0x20,0x20,0x68,0x65,0x69,0x67,0x68,0x74,0x3a,0x20,0x63,0x6f,0x6e,0x74,
  0x65,0x75,0x64,0x6f,0x2e,0x69,0x6d,0x70,0x6c,0x69,0x63,0x69,0x74,0x48,0x65,0x69,
  0x67,0x68,0x74,0x20,0x2b,0x20,0x35,0x36,0xd,0xa,0x20,0x20,0x20,0x20,0x20,0x20,
  0x20,0x20,0x20,0x20,0x20,0x20,0x20,0x20,0x20,0x20,0x63,0x6f,0x6c,0x6f,0x72,0x3a,
  0x20,0x22,0x77,0x68,0x69,0x74,0x65,0x22,0xd,0xa,0x20,0x20,0x20,0x20,0x20,0x20,
  0x20,0x20,0x20,0x20,0x20,0x20,0x20,0x20,0x20,0x20,0x72,0x61,0x64,0x69,0x75,0x73,
  0x3a,0x20,0x31,0x34,0xd,0xa,0x20,0x20,0x20,0x20,0x20,0x20,0x20,0x20,0x20,0x20,
  0x20,0x20,0x20,0x20,0x20,0x20,0x62,0x6f,0x72,0x64,0x65,0x72,0x2e,0x63,0x6f,0x6c,
  0x6f,0x72,0x3a,0x20,0x22,0x23,0x45,0x34,0x45,0x38,0x45,0x35,0x22,0xd,0xa,0x20,
  0x20,0x20,0x20,0x20,0x20,0x20,0x20,0x20,0x20,0x20,0x20,0x20,0x20,0x20,0x20,0x52,
  0x6f,0x77,0x4c,0x61,0x79,0x6f,0x75,0x74,0x20,0x7b,0xd,0xa,0x20,0x20,0x20,0x20,
  0x20,0x20,0x20,0x20,0x20,0x20,0x20,0x20,0x20,0x20,0x20,0x20,0x20,0x20,0x20,0x20,
  0x69,0x64,0x3a,0x20,0x63,0x6f,0x6e,0x74,0x65,0x75,0x64,0x6f,0xd,0xa,0x20,0x20,
  0x20,0x20,0x20,0x20,0x20,0x20,0x20,0x20,0x20,0x20,0x20,0x20,0x20,0x20,0x20,0x20,
  0x20,0x20,0x61,0x6e,0x63,0x68,0x6f,0x72,0x73,0x2e,0x66,0x69,0x6c,0x6c,0x3a,0x20,
  0x70,0x61,0x72,0x65,0x6e,0x74,0xd,0xa,0x20,0x20,0x20,0x20,0x20,0x20,0x20,0x20,
  0x20,0x20,0x20,0x20,0x20,0x20,0x20,0x20,0x20,0x20,0x20,0x20,0x61,0x6e,0x63,0x68,
  0x6f,0x72,0x73,0x2e,0x6d,0x61,0x72,0x67,0x69,0x6e,0x73,0x3a,0x20,0x32,0x38,0xd,
  0xa,0x20,0x20,0x20,0x20,0x20,0x20,0x20,0x20,0x20,0x20,0x20,0x20,0x20,0x20,0x20,
  0x20,0x20,0x20,0x20,0x20,0x43,0x6f,0x6c,0x75,0x6d,0x6e,0x4c,0x61,0x79,0x6f,0x75,
  0x74,0x20,0x7b,0xd,0xa,0x20,0x20,0x20,0x20,0x20,0x20,0x20,0x20,0x20,0x20,0x20,
  0x20,0x20,0x20,0x20,0x20,0x20,0x20,0x20,0x20,0x20,0x20,0x20,0x20,0x4c,0x61,0x79,
  0x6f,0x75,0x74,0x2e,0x66,0x69,0x6c,0x6c,0x57,0x69,0x64,0x74,0x68,0x3a,0x20,0x74,
  0x72,0x75,0x65,0xd,0xa,0x20,0x20,0x20,0x20,0x20,0x20,0x20,0x20,0x20,0x20,0x20,
  0x20,0x20,0x20,0x20,0x20,0x20,0x20,0x20,0x20,0x20,0x20,0x20,0x20,0x4c,0x61,0x62,
  0x65,0x6c,0x20,0x7b,0x20,0x74,0x65,0x78,0x74,0x3a,0x20,0x6d,0x6f,0x64,0x65,0x6c,
  0x44,0x61,0x74,0x61,0x2e,0x6e,0x6f,0x6d,0x65,0x3b,0x20,0x66,0x6f,0x6e,0x74,0x2e,
  0x62,0x6f,0x6c,0x64,0x3a,0x20,0x74,0x72,0x75,0x65,0x3b,0x20,0x66,0x6f,0x6e,0x74,
  0x2e,0x70,0x69,0x78,0x65,0x6c,0x53,0x69,0x7a,0x65,0x3a,0x20,0x32,0x34,0x3b,0x20,
  0x63,0x6f,0x6c,0x6f,0x72,0x3a,0x20,0x22,0x23,0x32,0x32,0x35,0x34,0x33,0x44,0x22,
  0x20,0x7d,0xd,0xa,0x20,0x20,0x20,0x20,0x20,0x20,0x20,0x20,0x20,0x20,0x20,0x20,
  0x20,0x20,0x20,0x20,0x20,0x20,0x20,0x20,0x20,0x20,0x20,0x20,0x4c,0x61,0x62,0x65,
  0x6c,0x20,0x7b,0x20,0x74,0x65,0x78,0x74,0x3a,0x20,0x6d,0x6f,0x64,0x65,0x6c,0x44,
  0x61,0x74,0x61,0x2e,0x66,0x65,0x69,0x72,0x61,0x20,0x2b,0x20,0x22,0x20,0xc2,0xb7,
  0x20,0x22,0x20,0x2b,0x20,0x6d,0x6f,0x64,0x65,0x6c,0x44,0x61,0x74,0x61,0x2e,0x76,
  0x65,0x6e,0x64,0x65,0x64,0x6f,0x72,0x3b,0x20,0x77,0x72,0x61,0x70,0x4d,0x6f,0x64,
  0x65,0x3a,0x20,0x54,0x65,0x78,0x74,0x2e,0x57,0x6f,0x72,0x64,0x57,0x72,0x61,0x70,
  0x3b,0x20,0x4c,0x61,0x79,0x6f,0x75,0x74,0x2e,0x66,0x69,0x6c,0x6c,0x57,0x69,0x64,
  0x74,0x68,0x3a,0x20,0x74,0x72,0x75,0x65,0x20,0x7d,0xd,0xa,0x20,0x20,0x20,0x20,
  0x20,0x20,0x20,0x20,0x20,0x20,0x20,0x20,0x20,0x20,0x20,0x20,0x20,0x20,0x20,0x20,
  0x20,0x20,0x20,0x20,0x4c,0x61,0x62,0x65,0x6c,0x20,0x7b,0x20,0x74,0x65,0x78,0x74,
  0x3a,0x20,0x6d,0x6f,0x64,0x65,0x6c,0x44,0x61,0x74,0x61,0x2e,0x71,0x75,0x61,0x6e,
  0x74,0x69,0x64,0x61,0x64,0x65,0x20,0x2b,0x20,0x22,0x20,0x22,0x20,0x2b,0x20,0x6d,
  0x6f,0x64,0x65,0x6c,0x44,0x61,0x74,0x61,0x2e,0x75,0x6e,0x69,0x64,0x61,0x64,0x65,
  0x20,0x2b,0x20,0x22,0x20,0xc2,0xb7,0x20,0x52,0x24,0x20,0x22,0x20,0x2b,0x20,0x4e,
  0x75,0x6d,0x62,0x65,0x72,0x28,0x6d,0x6f,0x64,0x65,0x6c,0x44,0x61,0x74,0x61,0x2e,
  0x73,0x75,0x62,0x74,0x6f,0x74,0x61,0x6c,0x29,0x2e,0x74,0x6f,0x4c,0x6f,0x63,0x61,
  0x6c,0x65,0x53,0x74,0x72,0x69,0x6e,0x67,0x28,0x51,0x74,0x2e,0x6c,0x6f,0x63,0x61,
  0x6c,0x65,0x28,0x22,0x70,0x74,0x5f,0x42,0x52,0x22,0x29,0x2c,0x20,0x27,0x66,0x27,
  0x2c,0x20,0x32,0x29,0x20,0x7d,0xd,0xa,0x20,0x20,0x20,0x20,0x20,0x20,0x20,0x20,
  0x20,0x20,0x20,0x20,0x20,0x20,0x20,0x20,0x20,0x20,0x20,0x20,0x7d,0xd,0xa,0x20,
  0x20,0x20,0x20,0x20,0x20,0x20,0x20,0x20,0x20,0x20,0x20,0x20,0x20,0x20,0x20,0x20,
  0x20,0x20,0x20,0x42,0x6f,0x74,0x61,0x6f,0x41,0x6e,0x74,0x72,0x6f,0x20,0x7b,0x20,
  0x73,0x65,0x63,0x75,0x6e,0x64,0x61,0x72,0x69,0x6f,0x3a,0x20,0x74,0x72,0x75,0x65,
  0x3b,0x20,0x74,0x65,0x78,0x74,0x3a,0x20,0x22,0x52,0x65,0x6d,0x6f,0x76,0x65,0x72,
  0x22,0x3b,0x20,0x6f,0x6e,0x43,0x6c,0x69,0x63,0x6b,0x65,0x64,0x3a,0x20,0x43,0x6f,
  0x6d,0x70,0x72,0x61,0x64,0x6f,0x72,0x43,0x6f,0x6e,0x74,0x72,0x6f,0x6c,0x6c,0x65,
  0x72,0x2e,0x72,0x65,0x6d,0x6f,0x76,0x65,0x72,0x28,0x69,0x6e,0x64,0x65,0x78,0x29,
  0x20,0x7d,0xd,0xa,0x20,0x20,0x20,0x20,0x20,0x20,0x20,0x20,0x20,0x20,0x20,0x20,
  0x20,0x20,0x20,0x20,0x7d,0xd,0xa,0x20,0x20,0x20,0x20,0x20,0x20,0x20,0x20,0x20,
  0x20,0x20,0x20,0x7d,0xd,0xa,0x20,0x20,0x20,0x20,0x20,0x20,0x20,0x20,0x7d,0xd,
  0xa,0x20,0x20,0x20,0x20,0x20,0x20,0x20,0x20,0x52,0x6f,0x77,0x4c,0x61,0x79,0x6f,
  0x75,0x74,0x20,0x7b,0xd,0xa,0x20,0x20,0x20,0x20,0x20,0x20,0x20,0x20,0x20,0x20,
  0x20,0x20,0x4c,0x61,0x79,0x6f,0x75,0x74,0x2e,0x66,0x69,0x6c,0x6c,0x57,0x69,0x64,
  0x74,0x68,0x3a,0x20,0x74,0x72,0x75,0x65,0xd,0xa,0x20,0x20,0x20,0x20,0x20,0x20,
  0x20,0x20,0x20,0x20,0x20,0x20,0x4c,0x61,0x62,0x65,0x6c,0x20,0x7b,0x20,0x74,0x65,
  0x78,0x74,0x3a,0x20,0x22,0x56,0x61,0x6c,0x6f,0x72,0x20,0x65,0x73,0x74,0x69,0x6d,
  0x61,0x64,0x6f,0x3a,0x20,0x52,0x24,0x20,0x22,0x20,0x2b,0x20,0x43,0x6f,0x6d,0x70,
  0x72,0x61,0x64,0x6f,0x72,0x43,0x6f,0x6e,0x74,0x72,0x6f,0x6c,0x6c,0x65,0x72,0x2e,
  0x74,0x6f,0x74,0x61,0x6c,0x45,0x73,0x74,0x69,0x6d,0x61,0x64,0x6f,0x2e,0x74,0x6f,
  0x4c,0x6f,0x63,0x61,0x6c,0x65,0x53,0x74,0x72,0x69,0x6e,0x67,0x28,0x51,0x74,0x2e,
  0x6c,0x6f,0x63,0x61,0x6c,0x65,0x28,0x22,0x70,0x74,0x5f,0x42,0x52,0x22,0x29,0x2c,
  0x20,0x27,0x66,0x27,0x2c,0x20,0x32,0x29,0x3b,0x20,0x66,0x6f,0x6e,0x74,0x2e,0x62,
  0x6f,0x6c,0x64,0x3a,0x20,0x74,0x72,0x75,0x65,0x3b,0x20,0x66,0x6f,0x6e,0x74,0x2e,
  0x70,0x69,0x78,0x65,0x6c,0x53,0x69,0x7a,0x65,0x3a,0x20,0x32,0x34,0x3b,0x20,0x63,
  0x6f,0x6c,0x6f,0x72,0x3a,0x20,0x22,0x23,0x32,0x32,0x35,0x34,0x33,0x44,0x22,0x3b,
  0x20,0x4c,0x61,0x79,0x6f,0x75,0x74,0x2e,0x66,0x69,0x6c,0x6c,0x57,0x69,0x64,0x74,
  0x68,0x3a,0x20,0x74,0x72,0x75,0x65,0x20,0x7d,0xd,0xa,0x20,0x20,0x20,0x20,0x20,
  0x20,0x20,0x20,0x20,0x20,0x20,0x20,0x42,0x6f,0x74,0x61,0x6f,0x41,0x6e,0x74,0x72,
  0x6f,0x20,0x7b,0x20,0x74,0x65,0x78,0x74,0x3a,0x20,0x22,0x43,0x6f,0x6e,0x74,0x69,
  0x6e,0x75,0x61,0x72,0x20,0x65,0x73,0x63,0x6f,0x6c,0x68,0x65,0x6e,0x64,0x6f,0x22,
  0x3b,0x20,0x6f,0x6e,0x43,0x6c,0x69,0x63,0x6b,0x65,0x64,0x3a,0x20,0x73,0x61,0x63,
  0x6f,0x6c,0x61,0x50,0x61,0x67,0x65,0x2e,0x53,0x74,0x61,0x63,0x6b,0x56,0x69,0x65,
  0x77,0x2e,0x76,0x69,0x65,0x77,0x2e,0x70,0x6f,0x70,0x28,0x29,0x20,0x7d,0xd,0xa,
  0x20,0x20,0x20,0x20,0x20,0x20,0x20,0x20,0x7d,0xd,0xa,0x20,0x20,0x20,0x20,0x7d,
  0xd,0xa,0x7d,0xd,0xa,
    // LoginScreen.qml
  0x0,0x0,0x6,0x66,
  0x0,
  0x0,0x2c,0x7,0x78,0xda,0xed,0x5a,0x5f,0x6f,0xdb,0x36,0x10,0x7f,0xf,0x90,0xef,
  0xc0,0x6a,0x40,0x91,0x60,0x83,0xd3,0xc4,0x6e,0x96,0x79,0x8,0x6,0xc7,0x8d,0x91,
  0x0,0x4d,0x97,0xc4,0x69,0xfa,0x38,0xd0,0x12,0x6d,0x13,0xa1,0x48,0x97,0xa4,0xe2,
  0xb4,0x45,0x3f,0x4c,0xb1,0x87,0x3d,0xed,0xa9,0xd8,0xcb,0x5e,0xfd,0xc5,0x76,0x94,
  0x64,0xfd,0xb1,0x28,0x59,0x76,0x5b,0x60,0x68,0x2c,0x14,0x6d,0x45,0x1e,0xa9,0xe3,
  0xef,0x7e,0x77,0x3c,0x1e,0x4d,0xfd,0x89,0x90,0x1a,0x5d,0xe9,0xab,0x80,0xba,0x77,
  0xdb,0x5b,0x34,0xf7,0xde,0xe8,0xa,0xae,0xa5,0x60,0xaa,0xd0,0xf1,0x12,0xbf,0x13,
  0x81,0x4e,0xdb,0x3b,0x46,0x6e,0x7b,0x6b,0x7b,0xeb,0x12,0x8f,0x8,0xfa,0xb0,0xbd,
  0x85,0xe0,0xa1,0x5e,0x1b,0x31,0x31,0xa2,0xdc,0x34,0x9a,0x4e,0xd3,0xb8,0xb7,0x87,
  0x7a,0x1,0xf7,0x44,0xf4,0x36,0xc0,0xee,0xdd,0x48,0xa,0x68,0x68,0xa3,0x6b,0xe2,
  0x6a,0xcc,0x47,0x2c,0x19,0x6f,0x1e,0x57,0x30,0x21,0xdb,0xc8,0xf9,0xa1,0xd7,0xea,
  0x1d,0x9d,0x76,0x9d,0xa8,0xe7,0x63,0x66,0xb6,0x5b,0x2c,0xe9,0xec,0xd3,0x3d,0xa1,
  0xa,0x9d,0x73,0xea,0x52,0x4c,0x55,0xd4,0x37,0x91,0x62,0x42,0xa4,0x7e,0x87,0x28,
  0xd7,0xc8,0xc5,0xf4,0x1,0xab,0x3f,0x14,0x7d,0x4f,0xf6,0xdb,0xa8,0xd9,0x5a,0x10,
  0x51,0x5a,0x52,0x3e,0x42,0x6e,0x20,0x25,0xe1,0xfa,0x5a,0x30,0x2,0xdf,0x74,0x85,
  0x3f,0x91,0xd8,0x13,0xd2,0xb1,0x4b,0xfb,0xc2,0x33,0x62,0x30,0x40,0x62,0xe9,0xa0,
  0xe4,0x1,0xa5,0x92,0x46,0x11,0xc0,0x3c,0xd8,0xc3,0x2a,0x7c,0x8d,0xe6,0x91,0x4,
  0x26,0xe5,0xec,0x5d,0x3a,0xe1,0x40,0x8,0x86,0xa8,0xba,0x26,0x23,0xaa,0x34,0x81,
  0xf5,0x9a,0xa9,0xd1,0xf1,0xf1,0x71,0x71,0xf0,0xa2,0x12,0x44,0x4a,0x21,0x2f,0x88,
  0x52,0x80,0x31,0x28,0xe3,0xcc,0x91,0x1,0xd3,0x71,0x0,0x94,0xa,0xae,0xb2,0x78,
  0x6a,0x2c,0x47,0x44,0xb7,0x51,0x27,0xd0,0xe3,0xd8,0xba,0x8c,0xc8,0xb4,0x7f,0x18,
  0xf0,0x70,0x10,0x12,0xbc,0x87,0xd9,0x18,0x83,0x1c,0x2c,0x85,0xba,0xd8,0xc5,0x62,
  0xc7,0x27,0xdc,0x7c,0xc6,0xdf,0x45,0x1f,0x52,0xc3,0x36,0xb2,0x1a,0xa0,0x63,0x34,
  0x17,0x32,0x46,0x5a,0xb4,0xd5,0x9,0x13,0xae,0x40,0xdd,0x10,0x1c,0x16,0xb5,0x5a,
  0xad,0x8e,0xb9,0x3b,0x16,0x52,0x35,0x5c,0x90,0x24,0xf2,0x9c,0xb7,0xd1,0x4,0x1b,
  0xc3,0xa4,0x12,0x53,0xea,0xe9,0x71,0x1b,0xb5,0x5a,0xcf,0xd2,0xb6,0x31,0xa1,0xa3,
  0x31,0xac,0xcd,0xc7,0x94,0x47,0x4,0x6d,0x0,0x3d,0x19,0x70,0x42,0x9f,0x85,0x5d,
  0xe8,0x47,0xd4,0x3a,0x2a,0x72,0x6b,0x3a,0xa6,0x9a,0x38,0x69,0x3b,0xd8,0x9c,0x6,
  0xaa,0x8d,0xf6,0xf,0xd2,0xb6,0x81,0x90,0x1e,0x91,0x8d,0x84,0x8e,0xa7,0x9d,0xd3,
  0xc3,0x17,0x87,0x4e,0x41,0x20,0xd6,0xeb,0x60,0xbe,0xe8,0xc8,0x14,0x2c,0xf0,0x63,
  0x8d,0xb2,0xab,0x9c,0xfb,0x48,0xaa,0x6f,0xbe,0x6f,0x8e,0xc2,0x90,0x32,0x56,0x44,
  0x20,0x2b,0xe1,0x83,0x55,0x29,0x7,0x95,0xf,0x5a,0x79,0x1,0x35,0xc1,0x2e,0xb0,
  0x24,0x5a,0x4b,0xbe,0xb,0xcc,0xf1,0x52,0x8c,0xc4,0xde,0xcd,0xec,0x6f,0x1d,0x30,
  0x91,0xef,0xbc,0x21,0xf,0x5,0x55,0x43,0xfa,0x40,0x3b,0x2c,0x1f,0x1b,0xe2,0x38,
  0xc5,0xee,0x21,0x30,0xaa,0x31,0xa1,0xf,0x84,0xf5,0xc1,0xd1,0xc0,0xcf,0x8e,0x4a,
  0x64,0x6,0x82,0xc1,0xc2,0xb5,0xc,0x48,0x51,0x20,0xc1,0xf8,0xa8,0xd5,0x3d,0xec,
  0x1c,0x59,0x3e,0x13,0x1b,0x17,0x33,0x3a,0xe2,0x40,0x37,0xd0,0xe8,0x4a,0x37,0x3a,
  0xe6,0xed,0xac,0x1b,0x32,0x26,0x3f,0xe4,0xa3,0x65,0xe9,0xfd,0x60,0xa0,0xd7,0x58,
  0xf8,0xb,0x2a,0x89,0x16,0xc8,0x13,0xc6,0xf,0xbd,0x40,0xb,0x69,0xec,0x82,0x11,
  0x46,0x2a,0xc0,0x40,0x7d,0x85,0x6b,0xa0,0xb2,0xdf,0xac,0x5a,0xf4,0xf3,0x5f,0x4e,
  0x7e,0x6e,0x95,0xcd,0x32,0x8d,0x29,0xde,0x33,0x2f,0x17,0x4,0x78,0xea,0x7f,0x7d,
  0x78,0xce,0x35,0x78,0xef,0x87,0xf9,0x34,0x13,0x49,0x86,0xe0,0xe2,0xc4,0x3b,0x8b,
  0xbf,0xdd,0xb2,0x2,0xda,0x19,0x60,0x85,0x4e,0xc3,0xa8,0x87,0xf6,0x50,0x77,0x1e,
  0xb5,0xf2,0x72,0xd7,0x62,0x6a,0x77,0x83,0x8c,0xda,0x86,0xed,0x6f,0x22,0x2f,0xb2,
  0xf3,0x23,0xe5,0xf4,0xb3,0x45,0x3d,0xcc,0x73,0x12,0x68,0xd,0xf1,0xcb,0xf2,0x81,
  0x8c,0x1d,0x23,0x45,0x1d,0xbb,0x4c,0x5d,0x45,0x32,0xb2,0x9,0x48,0xf1,0x80,0xfd,
  0x8,0x14,0x6,0x7e,0x19,0x48,0x0,0x86,0x8e,0x82,0x64,0x5f,0x5a,0x7c,0xf2,0x31,
  0xca,0xee,0x34,0xb5,0xf6,0xca,0x12,0x4e,0x3d,0x49,0x43,0x75,0xba,0xc5,0xa0,0xdf,
  0x80,0x6b,0xcd,0x93,0xe7,0x9d,0xe6,0xb,0x7,0x15,0xf6,0x57,0xdb,0x33,0x8f,0x8a,
  0x87,0xe5,0x22,0x4b,0x83,0xe4,0x2,0xed,0xec,0x4a,0x73,0xb3,0xe3,0x18,0xe,0xb6,
  0x4b,0xbd,0x31,0x6f,0xcd,0x28,0x32,0x36,0xcc,0xcb,0xfa,0x60,0x44,0x9b,0x40,0x8,
  0x45,0xc,0x4b,0xf9,0x5c,0x4b,0x43,0x58,0xb2,0x23,0x9,0x49,0xdf,0x83,0x30,0x66,
  0x9d,0xd4,0x19,0xcd,0xa2,0x2a,0xdc,0x31,0xfb,0xdc,0xc3,0x4e,0xf,0x7b,0xaf,0x7d,
  0xf4,0x6d,0xd5,0xe8,0x12,0x74,0x5,0xef,0x2,0xd7,0xee,0x8,0x68,0x9e,0xdd,0xc2,
  0xa3,0x74,0x23,0xc9,0x5a,0x7e,0x2d,0xdf,0xdd,0x1d,0xc7,0x36,0xf5,0xc7,0xb5,0x1d,
  0xb1,0xbb,0x90,0xde,0x7c,0xe7,0xbe,0xb8,0x71,0xc5,0xe5,0x58,0x6c,0x3c,0x31,0x97,
  0xf6,0xaf,0xe3,0x8c,0xcb,0xb2,0x9f,0x53,0x5,0x36,0x18,0x3,0xdc,0x97,0x44,0x82,
  0x6b,0xa1,0x1d,0x35,0xfb,0x8c,0xb8,0x40,0xf1,0x57,0xc5,0x6e,0xbd,0xa4,0xe8,0x9e,
  0x2a,0x3a,0x30,0x47,0x25,0x9b,0x29,0x4b,0x73,0xa8,0x3e,0x61,0xc4,0x85,0x23,0x6,
  0x41,0x2,0x29,0x12,0xa0,0x49,0xa8,0x43,0xbb,0x4e,0xe2,0xd4,0xfa,0x92,0x74,0xd2,
  0x4a,0xa6,0x2,0x3a,0x95,0x29,0xca,0x8a,0xb,0xfe,0x4a,0x19,0x8d,0x39,0x38,0x9,
  0x3d,0xfb,0x13,0x4e,0x4e,0xf3,0x13,0xe9,0x9a,0xd1,0xb6,0xf,0xc7,0xd1,0xee,0xc2,
  0xa9,0xf6,0x7f,0x18,0x71,0xbf,0x55,0xcc,0xcd,0x1c,0xef,0xe3,0xc3,0x75,0x82,0x45,
  0x18,0x84,0xe3,0xdc,0xfb,0x71,0x6,0xe1,0x25,0xe0,0x3c,0xba,0xa8,0x5c,0x82,0x4c,
  0xb1,0x2c,0xb4,0x34,0x11,0x4a,0xfd,0xb7,0x47,0xa8,0x84,0xb3,0x33,0xf9,0x2,0xf7,
  0x9d,0x4f,0xb1,0xf1,0x5e,0x67,0x38,0x87,0x62,0xe3,0xbc,0xd5,0xd8,0x6c,0x7c,0x77,
  0xee,0xbb,0xc3,0x72,0xef,0xa9,0x91,0x36,0x9d,0xf3,0xa1,0x90,0x3e,0x9e,0xfd,0x35,
  0xfb,0x87,0x28,0xf4,0x5a,0x5,0xb3,0x4f,0x92,0x5a,0xa,0x48,0x3d,0x4a,0x98,0x67,
  0x33,0xb5,0xa9,0xf6,0xe9,0x7,0xfd,0xa,0xfb,0x16,0x60,0x27,0xc,0xbb,0x64,0xc,
  0xc8,0x13,0x79,0x13,0xf9,0xfb,0x2b,0xe1,0x93,0x70,0xbf,0x66,0x44,0xdb,0xca,0x6d,
  0xdf,0x28,0x1d,0x59,0x74,0xea,0x6c,0xed,0xdc,0xa2,0xc4,0x5a,0x76,0x64,0x64,0xa8,
  0x2f,0xb1,0xe7,0x25,0xc5,0xc9,0xd2,0xb4,0xed,0xe0,0xa4,0xd9,0x39,0xb0,0xf9,0xf2,
  0x2,0x5e,0xdd,0xa5,0x15,0xb4,0x95,0x42,0x90,0xfd,0xe2,0x61,0xc5,0x38,0x52,0x3b,
  0x86,0x2c,0x23,0x5f,0x1d,0x56,0x5d,0x8e,0x21,0xa7,0xae,0x45,0xab,0xd9,0xbf,0x3e,
  0x91,0x2,0xc1,0x49,0xe3,0x6,0x72,0x71,0xf0,0x78,0xe2,0x6c,0xd8,0xf2,0xd8,0xd8,
  0x82,0x95,0x9a,0xc2,0x7,0xeb,0x10,0xa6,0x4f,0xf8,0xd8,0x56,0xd8,0x26,0xee,0x58,
  0x5c,0x84,0x97,0x60,0x46,0xf0,0x9c,0x4f,0x80,0x2f,0xe5,0xf3,0x6e,0x8,0xf5,0x5d,
  0x13,0xea,0x2,0xcb,0x3b,0xb2,0xda,0xd6,0xe6,0xe1,0x28,0x9d,0x45,0x90,0x20,0x63,
  0xee,0xe2,0x55,0xb7,0x38,0xf4,0xf4,0x69,0xad,0x1c,0x68,0xc3,0xc5,0x47,0xc6,0xc5,
  0xdf,0xbb,0xfd,0x57,0x81,0x3f,0xb0,0xa1,0x5d,0xa4,0x62,0x77,0xf6,0xd9,0xa3,0x23,
  0x81,0x60,0xd0,0x86,0x80,0x1b,0x2,0xd6,0x39,0x8,0x5c,0xcc,0x7f,0xe3,0x0,0x29,
  0x94,0xa9,0xc9,0xae,0x72,0x87,0x6c,0xaf,0xe6,0x56,0x10,0xcf,0xc,0x43,0x4f,0xc,
  0x9f,0x9c,0xa,0xd3,0x9c,0x1c,0x34,0x3b,0xcd,0xce,0x9a,0xb7,0xcf,0x53,0x89,0x27,
  0xe9,0x46,0xde,0x78,0x3,0x50,0xbd,0x81,0xa6,0xf5,0x68,0xbb,0xea,0x7d,0xf2,0xa1,
  0x15,0xe2,0xb8,0x62,0x32,0x91,0x94,0xbb,0x74,0x32,0xff,0xb5,0xc8,0xf2,0x72,0xc9,
  0x22,0xc8,0xf9,0xbb,0x85,0xe4,0xba,0x9,0x91,0xf8,0xb2,0x3a,0x3c,0x16,0x97,0x5e,
  0x7,0xaf,0xeb,0xa6,0xad,0x96,0xad,0xe,0xb2,0xe,0xe9,0xe3,0x7a,0x80,0x27,0xa6,
  0x3c,0x2c,0x73,0xc4,0x2e,0xb8,0xfc,0x30,0x5f,0xe1,0xe,0xd6,0x2a,0x55,0xed,0x5a,
  0x45,0xcd,0x3a,0x45,0xd9,0xaf,0x6b,0x56,0x2e,0x36,0x14,0x8,0xfc,0xdc,0x2e,0xf7,
  0x25,0x5,0x89,0xf5,0x2,0xa7,0x15,0xc7,0xec,0xc5,0x8e,0xfd,0x63,0x15,0xf7,0x39,
  0x25,0x3,0x88,0x46,0xe2,0xe,0x4,0x86,0x98,0xa9,0x12,0x94,0xe8,0x10,0xed,0xd8,
  0x58,0xbf,0x5b,0x55,0x72,0xa,0x27,0xcd,0xff,0x14,0xac,0x91,0xdc,0x3c,0xed,0x94,
  0x8f,0xcb,0xaf,0x22,0xb3,0xef,0xfd,0x54,0x3d,0x26,0xae,0x7d,0x84,0xac,0x59,0x2e,
  0x1a,0x1e,0x68,0xeb,0xca,0xc6,0xc7,0x8e,0x9a,0xe2,0x69,0xb2,0x5a,0x73,0x40,0x92,
  0x51,0x84,0xf2,0xbb,0x25,0x85,0x29,0x44,0xc0,0x3e,0xab,0x2,0x1e,0x5d,0xba,0xef,
  0xe4,0x17,0x5c,0x58,0xd3,0x6e,0x69,0x2d,0xac,0x9c,0xf,0xe2,0xae,0xd2,0xfa,0x46,
  0x64,0x41,0x97,0xe8,0x2e,0xee,0xb5,0xa,0xb0,0xa4,0x62,0x21,0x89,0xa9,0x9c,0x2b,
  0xcf,0x88,0xbe,0x86,0x48,0x77,0x4b,0xc9,0xb4,0x71,0x6f,0xfe,0x92,0x24,0xcc,0xf,
  0x96,0x10,0xca,0x3c,0x57,0x1a,0x84,0x95,0x60,0xf7,0xc4,0x7b,0x2d,0xd9,0x8e,0x73,
  0x49,0x3c,0xea,0x9,0x75,0x4b,0xb8,0x47,0x3c,0x21,0xfb,0xae,0x24,0x84,0x37,0xde,
  0xfa,0xcc,0xd9,0xad,0x9e,0xac,0xa2,0x7b,0xb9,0x95,0xbe,0xd1,0x62,0xce,0xe0,0xcc,
  0xf3,0x75,0x56,0x50,0xbb,0x2e,0x5a,0xcc,0x65,0x16,0xfe,0xb,0xff,0xc0,0x9f,0xff,
  0x0,0xe9,0xcd,0xa6,0x12,
    // BotaoAntro.qml
  0x0,0x0,0x3,0xcd,
  0x69,
  0x6d,0x70,0x6f,0x72,0x74,0x20,0x51,0x74,0x51,0x75,0x69,0x63,0x6b,0xd,0xa,0x69,
  0x6d,0x70,0x6f,0x72,0x74,0x20,0x51,0x74,0x51,0x75,0x69,0x63,0x6b,0x2e,0x43,0x6f,
  0x6e,0x74,0x72,0x6f,0x6c,0x73,0xd,0xa,0xd,0xa,0x42,0x75,0x74,0x74,0x6f,0x6e,
  0x20,0x7b,0xd,0xa,0x20,0x20,0x20,0x20,0x69,0x64,0x3a,0x20,0x62,0x6f,0x74,0x61,
  0x6f,0xd,0xa,0x20,0x20,0x20,0x20,0x70,0x72,0x6f,0x70,0x65,0x72,0x74,0x79,0x20,
  0x62,0x6f,0x6f,0x6c,0x20,0x73,0x65,0x63,0x75,0x6e,0x64,0x61,0x72,0x69,0x6f,0x3a,
  0x20,0x66,0x61,0x6c,0x73,0x65,0xd,0xa,0x20,0x20,0x20,0x20,0x70,0x72,0x6f,0x70,
  0x65,0x72,0x74,0x79,0x20,0x62,0x6f,0x6f,0x6c,0x20,0x73,0x65,0x6c,0x65,0x63,0x69,
  0x6f,0x6e,0x61,0x64,0x6f,0x3a,0x20,0x66,0x61,0x6c,0x73,0x65,0xd,0xa,0x20,0x20,
  0x20,0x20,0x69,0x6d,0x70,0x6c,0x69,0x63,0x69,0x74,0x48,0x65,0x69,0x67,0x68,0x74,
  0x3a,0x20,0x34,0x38,0xd,0xa,0x20,0x20,0x20,0x20,0x6c,0x65,0x66,0x74,0x50,0x61,
  0x64,0x64,0x69,0x6e,0x67,0x3a,0x20,0x32,0x32,0xd,0xa,0x20,0x20,0x20,0x20,0x72,
  0x69,0x67,0x68,0x74,0x50,0x61,0x64,0x64,0x69,0x6e,0x67,0x3a,0x20,0x32,0x32,0xd,
  0xa,0x20,0x20,0x20,0x20,0x68,0x6f,0x76,0x65,0x72,0x45,0x6e,0x61,0x62,0x6c,0x65,
  0x64,0x3a,0x20,0x74,0x72,0x75,0x65,0xd,0xa,0x20,0x20,0x20,0x20,0x62,0x61,0x63,
  0x6b,0x67,0x72,0x6f,0x75,0x6e,0x64,0x3a,0x20,0x52,0x65,0x63,0x74,0x61,0x6e,0x67,
  0x6c,0x65,0x20,0x7b,0xd,0xa,0x20,0x20,0x20,0x20,0x20,0x20,0x20,0x20,0x72,0x61,
  0x64,0x69,0x75,0x73,0x3a,0x20,0x31,0x30,0xd,0xa,0x20,0x20,0x20,0x20,0x20,0x20,
  0x20,0x20,0x63,0x6f,0x6c,0x6f,0x72,0x3a,0x20,0x21,0x62,0x6f,0x74,0x61,0x6f,0x2e,
  0x65,0x6e,0x61,0x62,0x6c,0x65,0x64,0x20,0x3f,0x20,0x22,0x23,0x45,0x43,0x45,0x46,
  0x45,0x44,0x22,0x20,0x3a,0x20,0x62,0x6f,0x74,0x61,0x6f,0x2e,0x73,0x65,0x63,0x75,
  0x6e,0x64,0x61,0x72,0x69,0x6f,0x20,0x3f,0x20,0x28,0x62,0x6f,0x74,0x61,0x6f,0x2e,
  0x73,0x65,0x6c,0x65,0x63,0x69,0x6f,0x6e,0x61,0x64,0x6f,0x20,0x7c,0x7c,0x20,0x62,
  0x6f,0x74,0x61,0x6f,0x2e,0x68,0x6f,0x76,0x65,0x72,0x65,0x64,0x20,0x3f,0x20,0x22,
  0x23,0x45,0x35,0x45,0x45,0x45,0x38,0x22,0x20,0x3a,0x20,0x22,0x77,0x68,0x69,0x74,
  0x65,0x22,0x29,0x20,0x3a,0x20,0x28,0x62,0x6f,0x74,0x61,0x6f,0x2e,0x64,0x6f,0x77,
  0x6e,0x20,0x3f,0x20,0x22,0x23,0x31,0x38,0x33,0x43,0x32,0x43,0x22,0x20,0x3a,0x20,
  0x62,0x6f,0x74,0x61,0x6f,0x2e,0x68,0x6f,0x76,0x65,0x72,0x65,0x64,0x20,0x3f,0x20,
  0x22,0x23,0x32,0x38,0x36,0x31,0x34,0x39,0x22,0x20,0x3a,0x20,0x22,0x23,0x32,0x32,
  0x35,0x34,0x33,0x44,0x22,0x29,0xd,0xa,0x20,0x20,0x20,0x20,0x20,0x20,0x20,0x20,
  0x62,0x6f,0x72,0x64,0x65,0x72,0x2e,0x63,0x6f,0x6c,0x6f,0x72,0x3a,0x20,0x62,0x6f,
  0x74,0x61,0x6f,0x2e,0x73,0x65,0x63,0x75,0x6e,0x64,0x61,0x72,0x69,0x6f,0x20,0x3f,
  0x20,0x22,0x23,0x45,0x32,0x45,0x37,0x45,0x33,0x22,0x20,0x3a,0x20,0x22,0x74,0x72,
  0x61,0x6e,0x73,0x70,0x61,0x72,0x65,0x6e,0x74,0x22,0xd,0xa,0x20,0x20,0x20,0x20,
  0x7d,0xd,0xa,0x20,0x20,0x20,0x20,0x63,0x6f,0x6e,0x74,0x65,0x6e,0x74,0x49,0x74,
  0x65,0x6d,0x3a,0x20,0x54,0x65,0x78,0x74,0x20,0x7b,0xd,0xa,0x20,0x20,0x20,0x20,
  0x20,0x20,0x20,0x20,0x74,0x65,0x78,0x74,0x3a,0x20,0x62,0x6f,0x74,0x61,0x6f,0x2e,
  0x74,0x65,0x78,0x74,0xd,0xa,0x20,0x20,0x20,0x20,0x20,0x20,0x20,0x20,0x63,0x6f,
  0x6c,0x6f,0x72,0x3a,0x20,0x21,0x62,0x6f,0x74,0x61,0x6f,0x2e,0x65,0x6e,0x61,0x62,
  0x6c,0x65,0x64,0x20,0x3f,0x20,0x22,0x23,0x38,0x42,0x39,0x35,0x39,0x30,0x22,0x20,
  0x3a,0x20,0x62,0x6f,0x74,0x61,0x6f,0x2e,0x73,0x65,0x63,0x75,0x6e,0x64,0x61,0x72,
  0x69,0x6f,0x20,0x3f,0x20,0x22,0x23,0x32,0x32,0x35,0x34,0x33,0x44,0x22,0x20,0x3a,
  0x20,0x22,0x77,0x68,0x69,0x74,0x65,0x22,0xd,0xa,0x20,0x20,0x20,0x20,0x20,0x20,
  0x20,0x20,0x66,0x6f,0x6e,0x74,0x2e,0x70,0x69,0x78,0x65,0x6c,0x53,0x69,0x7a,0x65,
  0x3a,0x20,0x31,0x36,0xd,0xa,0x20,0x20,0x20,0x20,0x20,0x20,0x20,0x20,0x66,0x6f,
  0x6e,0x74,0x2e,0x77,0x65,0x69,0x67,0x68,0x74,0x3a,0x20,0x46,0x6f,0x6e,0x74,0x2e,
  0x44,0x65,0x6d,0x69,0x42,0x6f,0x6c,0x64,0xd,0xa,0x20,0x20,0x20,0x20,0x20,0x20,
  0x20,0x20,0x68,0x6f,0x72,0x69,0x7a,0x6f,0x6e,0x74,0x61,0x6c,0x41,0x6c,0x69,0x67,
  0x6e,0x6d,0x65,0x6e,0x74,0x3a,0x20,0x54,0x65,0x78,0x74,0x2e,0x41,0x6c,0x69,0x67,
  0x6e,0x48,0x43,0x65,0x6e,0x74,0x65,0x72,0xd,0xa,0x20,0x20,0x20,0x20,0x20,0x20,
  0x20,0x20,0x76,0x65,0x72,0x74,0x69,0x63,0x61,0x6c,0x41,0x6c,0x69,0x67,0x6e,0x6d,
  0x65,0x6e,0x74,0x3a,0x20,0x54,0x65,0x78,0x74,0x2e,0x41,0x6c,0x69,0x67,0x6e,0x56,
  0x43,0x65,0x6e,0x74,0x65,0x72,0xd,0xa,0x20,0x20,0x20,0x20,0x20,0x20,0x20,0x20,
  0x65,0x6c,0x69,0x64,0x65,0x3a,0x20,0x54,0x65,0x78,0x74,0x2e,0x45,0x6c,0x69,0x64,
  0x65,0x52,0x69,0x67,0x68,0x74,0xd,0xa,0x20,0x20,0x20,0x20,0x7d,0xd,0xa,0x20,
  0x20,0x20,0x20,0x48,0x6f,0x76,0x65,0x72,0x48,0x61,0x6e,0x64,0x6c,0x65,0x72,0x20,
  0x7b,0x20,0x63,0x75,0x72,0x73,0x6f,0x72,0x53,0x68,0x61,0x70,0x65,0x3a,0x20,0x62,
  0x6f,0x74,0x61,0x6f,0x2e,0x65,0x6e,0x61,0x62,0x6c,0x65,0x64,0x20,0x3f,0x20,0x51,
  0x74,0x2e,0x50,0x6f,0x69,0x6e,0x74,0x69,0x6e,0x67,0x48,0x61,0x6e,0x64,0x43,0x75,
  0x72,0x73,0x6f,0x72,0x20,0x3a,0x20,0x51,0x74,0x2e,0x41,0x72,0x72,0x6f,0x77,0x43,
  0x75,0x72,0x73,0x6f,0x72,0x20,0x7d,0xd,0xa,0x7d,0xd,0xa,
    // PaginaComprador.qml
  0x0,0x0,0xa,0xcb,
  0x69,
  0x6d,0x70,0x6f,0x72,0x74,0x20,0x51,0x74,0x51,0x75,0x69,0x63,0x6b,0xd,0xa,0x69,
  0x6d,0x70,0x6f,0x72,0x74,0x20,0x51,0x74,0x51,0x75,0x69,0x63,0x6b,0x2e,0x43,0x6f,
  0x6e,0x74,0x72,0x6f,0x6c,0x73,0xd,0xa,0x69,0x6d,0x70,0x6f,0x72,0x74,0x20,0x51,
  0x74,0x51,0x75,0x69,0x63,0x6b,0x2e,0x4c,0x61,0x79,0x6f,0x75,0x74,0x73,0xd,0xa,
  0x69,0x6d,0x70,0x6f,0x72,0x74,0x20,0x41,0x6e,0x74,0x72,0x6f,0xd,0xa,0xd,0xa,
  0x50,0x61,0x67,0x65,0x20,0x7b,0xd,0xa,0x20,0x20,0x20,0x20,0x69,0x64,0x3a,0x20,
  0x70,0x61,0x67,0x69,0x6e,0x61,0xd,0xa,0x20,0x20,0x20,0x20,0x70,0x72,0x6f,0x70,
  0x65,0x72,0x74,0x79,0x20,0x73,0x74,0x72,0x69,0x6e,0x67,0x20,0x74,0x69,0x74,0x75,
  0x6c,0x6f,0x3a,0x20,0x22,0x46,0x65,0x69,0x72,0x61,0x73,0x20,0x64,0x6f,0x20,0x52,
  0x65,0x63,0x69,0x66,0x65,0x22,0xd,0xa,0x20,0x20,0x20,0x20,0x70,0x72,0x6f,0x70,
  0x65,0x72,0x74,0x79,0x20,0x62,0x6f,0x6f,0x6c,0x20,0x6d,0x6f,0x73,0x74,0x72,0x61,
  0x72,0x56,0x6f,0x6c,0x74,0x61,0x72,0x3a,0x20,0x74,0x72,0x75,0x65,0xd,0xa,0x20,
  0x20,0x20,0x20,0x70,0x72,0x6f,0x70,0x65,0x72,0x74,0x79,0x20,0x62,0x6f,0x6f,0x6c,
  0x20,0x6d,0x6f,0x73,0x74,0x72,0x61,0x72,0x53,0x61,0x63,0x6f,0x6c,0x61,0x3a,0x20,
  0x74,0x72,0x75,0x65,0xd,0xa,0x20,0x20,0x20,0x20,0x70,0x72,0x6f,0x70,0x65,0x72,
  0x74,0x79,0x20,0x62,0x6f,0x6f,0x6c,0x20,0x69,0x6e,0x69,0x63,0x69,0x6f,0x3a,0x20,
  0x66,0x61,0x6c,0x73,0x65,0xd,0xa,0x20,0x20,0x20,0x20,0x66,0x6f,0x6e,0x74,0x2e,
  0x66,0x61,0x6d,0x69,0x6c,0x79,0x3a,0x20,0x22,0x53,0x65,0x67,0x6f,0x65,0x20,0x55,
  0x49,0x22,0xd,0xa,0x20,0x20,0x20,0x20,0x62,0x61,0x63,0x6b,0x67,0x72,0x6f,0x75,
  0x6e,0x64,0x3a,0x20,0x52,0x65,0x63,0x74,0x61,0x6e,0x67,0x6c,0x65,0x20,0x7b,0x20,
  0x63,0x6f,0x6c,0x6f,0x72,0x3a,0x20,0x22,0x23,0x46,0x41,0x46,0x42,0x46,0x41,0x22,
  0x20,0x7d,0xd,0xa,0x20,0x20,0x20,0x20,0x68,0x65,0x61,0x64,0x65,0x72,0x3a,0x20,
  0x52,0x65,0x63,0x74,0x61,0x6e,0x67,0x6c,0x65,0x20,0x7b,0xd,0xa,0x20,0x20,0x20,
  0x20,0x20,0x20,0x20,0x20,0x69,0x6d,0x70,0x6c,0x69,0x63,0x69,0x74,0x48,0x65,0x69,
  0x67,0x68,0x74,0x3a,0x20,0x39,0x32,0xd,0xa,0x20,0x20,0x20,0x20,0x20,0x20,0x20,
  0x20,0x63,0x6f,0x6c,0x6f,0x72,0x3a,0x20,0x22,0x77,0x68,0x69,0x74,0x65,0x22,0xd,
  0xa,0x20,0x20,0x20,0x20,0x20,0x20,0x20,0x20,0x62,0x6f,0x72,0x64,0x65,0x72,0x2e,
  0x63,0x6f,0x6c,0x6f,0x72,0x3a,0x20,0x22,0x23,0x45,0x32,0x45,0x37,0x45,0x33,0x22,
  0xd,0xa,0x20,0x20,0x20,0x20,0x20,0x20,0x20,0x20,0x52,0x6f,0x77,0x4c,0x61,0x79,
  0x6f,0x75,0x74,0x20,0x7b,0xd,0xa,0x20,0x20,0x20,0x20,0x20,0x20,0x20,0x20,0x20,
  0x20,0x20,0x20,0x61,0x6e,0x63,0x68,0x6f,0x72,0x73,0x2e,0x66,0x69,0x6c,0x6c,0x3a,
  0x20,0x70,0x61,0x72,0x65,0x6e,0x74,0xd,0xa,0x20,0x20,0x20,0x20,0x20,0x20,0x20,
  0x20,0x20,0x20,0x20,0x20,0x61,0x6e,0x63,0x68,0x6f,0x72,0x73,0x2e,0x6d,0x61,0x72,
  0x67,0x69,0x6e,0x73,0x3a,0x20,0x32,0x30,0xd,0xa,0x20,0x20,0x20,0x20,0x20,0x20,
  0x20,0x20,0x20,0x20,0x20,0x20,0x73,0x70,0x61,0x63,0x69,0x6e,0x67,0x3a,0x20,0x31,
  0x36,0xd,0xa,0x20,0x20,0x20,0x20,0x20,0x20,0x20,0x20,0x20,0x20,0x20,0x20,0x52,
  0x65,0x63,0x74,0x61,0x6e,0x67,0x6c,0x65,0x20,0x7b,0xd,0xa,0x20,0x20,0x20,0x20,
  0x20,0x20,0x20,0x20,0x20,0x20,0x20,0x20,0x20,0x20,0x20,0x20,0x4c,0x61,0x79,0x6f,
  0x75,0x74,0x2e,0x70,0x72,0x65,0x66,0x65,0x72,0x72,0x65,0x64,0x57,0x69,0x64,0x74,
  0x68,0x3a,0x20,0x31,0x38,0x30,0xd,0xa,0x20,0x20,0x20,0x20,0x20,0x20,0x20,0x20,
  0x20,0x20,0x20,0x20,0x20,0x20,0x20,0x20,0x4c,0x61,0x79,0x6f,0x75,0x74,0x2e,0x70,
  0x72,0x65,0x66,0x65,0x72,0x72,0x65,0x64,0x48,0x65,0x69,0x67,0x68,0x74,0x3a,0x20,
  0x35,0x32,0xd,0xa,0x20,0x20,0x20,0x20,0x20,0x20,0x20,0x20,0x20,0x20,0x20,0x20,
  0x20,0x20,0x20,0x20,0x72,0x61,0x64,0x69,0x75,0x73,0x3a,0x20,0x31,0x30,0xd,0xa,
  0x20,0x20,0x20,0x20,0x20,0x20,0x20,0x20,0x20,0x20,0x20,0x20,0x20,0x20,0x20,0x20,
  0x63,0x6f,0x6c,0x6f,0x72,0x3a,0x20,0x22,0x23,0x32,0x32,0x35,0x34,0x33,0x44,0x22,
  0xd,0xa,0x20,0x20,0x20,0x20,0x20,0x20,0x20,0x20,0x20,0x20,0x20,0x20,0x20,0x20,
  0x20,0x20,0x52,0x6f,0x77,0x20,0x7b,0xd,0xa,0x20,0x20,0x20,0x20,0x20,0x20,0x20,
  0x20,0x20,0x20,0x20,0x20,0x20,0x20,0x20,0x20,0x20,0x20,0x20,0x20,0x61,0x6e,0x63,
  0x68,0x6f,0x72,0x73,0x2e,0x63,0x65,0x6e,0x74,0x65,0x72,0x49,0x6e,0x3a,0x20,0x70,
  0x61,0x72,0x65,0x6e,0x74,0xd,0xa,0x20,0x20,0x20,0x20,0x20,0x20,0x20,0x20,0x20,
  0x20,0x20,0x20,0x20,0x20,0x20,0x20,0x20,0x20,0x20,0x20,0x73,0x70,0x61,0x63,0x69,
  0x6e,0x67,0x3a,0x20,0x32,0xd,0xa,0x20,0x20,0x20,0x20,0x20,0x20,0x20,0x20,0x20,
  0x20,0x20,0x20,0x20,0x20,0x20,0x20,0x20,0x20,0x20,0x20,0x54,0x65,0x78,0x74,0x20,
  0x7b,0x20,0x74,0x65,0x78,0x74,0x3a,0x20,0x22,0x41,0x6e,0x74,0x72,0x6f,0x22,0x3b,
  0x20,0x66,0x6f,0x6e,0x74,0x2e,0x66,0x61,0x6d,0x69,0x6c,0x79,0x3a,0x20,0x22,0x47,
  0x65,0x6f,0x72,0x67,0x69,0x61,0x22,0x3b,0x20,0x66,0x6f,0x6e,0x74,0x2e,0x70,0x69,
  0x78,0x65,0x6c,0x53,0x69,0x7a,0x65,0x3a,0x20,0x33,0x36,0x3b,0x20,0x66,0x6f,0x6e,
  0x74,0x2e,0x62,0x6f,0x6c,0x64,0x3a,0x20,0x74,0x72,0x75,0x65,0x3b,0x20,0x63,0x6f,
  0x6c,0x6f,0x72,0x3a,0x20,0x22,0x23,0x45,0x41,0x45,0x36,0x44,0x36,0x22,0x20,0x7d,
  0xd,0xa,0x20,0x20,0x20,0x20,0x20,0x20,0x20,0x20,0x20,0x20,0x20,0x20,0x20,0x20,
  0x20,0x20,0x20,0x20,0x20,0x20,0x49,0x6d,0x61,0x67,0x65,0x20,0x7b,0xd,0xa,0x20,
  0x20,0x20,0x20,0x20,0x20,0x20,0x20,0x20,0x20,0x20,0x20,0x20,0x20,0x20,0x20,0x20,
  0x20,0x20,0x20,0x20,0x20,0x20,0x20,0x77,0x69,0x64,0x74,0x68,0x3a,0x20,0x32,0x34,
  0xd,0xa,0x20,0x20,0x20,0x20,0x20,0x20,0x20,0x20,0x20,0x20,0x20,0x20,0x20,0x20,
  0x20,0x20,0x20,0x20,0x20,0x20,0x20,0x20,0x20,0x20,0x68,0x65,0x69,0x67,0x68,0x74,
  0x3a,0x20,0x34,0x30,0xd,0xa,0x20,0x20,0x20,0x20,0x20,0x20,0x20,0x20,0x20,0x20,
  0x20,0x20,0x20,0x20,0x20,0x20,0x20,0x20,0x20,0x20,0x20,0x20,0x20,0x20,0x73,0x6f,
  0x75,0x72,0x63,0x65,0x3a,0x20,0x51,0x74,0x2e,0x72,0x65,0x73,0x6f,0x6c,0x76,0x65,
  0x64,0x55,0x72,0x6c,0x28,0x22,0x2e,0x2e,0x2f,0x61,0x73,0x73,0x65,0x74,0x73,0x2f,
  0x46,0x6f,0x6c,0x68,0x61,0x4d,0x61,0x72,0x63,0x61,0x2e,0x73,0x76,0x67,0x22,0x29,
  0xd,0xa,0x20,0x20,0x20,0x20,0x20,0x20,0x20,0x20,0x20,0x20,0x20,0x20,0x20,0x20,
  0x20,0x20,0x20,0x20,0x20,0x20,0x20,0x20,0x20,0x20,0x66,0x69,0x6c,0x6c,0x4d,0x6f,
  0x64,0x65,0x3a,0x20,0x49,0x6d,0x61,0x67,0x65,0x2e,0x50,0x72,0x65,0x73,0x65,0x72,
  0x76,0x65,0x41,0x73,0x70,0x65,0x63,0x74,0x46,0x69,0x74,0xd,0xa,0x20,0x20,0x20,
  0x20,0x20,0x20,0x20,0x20,0x20,0x20,0x20,0x20,0x20,0x20,0x20,0x20,0x20,0x20,0x20,
  0x20,0x20,0x20,0x20,0x20,0x6c,0x61,0x79,0x65,0x72,0x2e,0x65,0x6e,0x61,0x62,0x6c,
  0x65,0x64,0x3a,0x20,0x66,0x61,0x6c,0x73,0x65,0xd,0xa,0x20,0x20,0x20,0x20,0x20,
  0x20,0x20,0x20,0x20,0x20,0x20,0x20,0x20,0x20,0x20,0x20,0x20,0x20,0x20,0x20,0x7d,
  0xd,0xa,0x20,0x20,0x20,0x20,0x20,0x20,0x20,0x20,0x20,0x20,0x20,0x20,0x20,0x20,
  0x20,0x20,0x7d,0xd,0xa,0x20,0x20,0x20,0x20,0x20,0x20,0x20,0x20,0x20,0x20,0x20,
  0x20,0x7d,0xd,0xa,0x20,0x20,0x20,0x20,0x20,0x20,0x20,0x20,0x20,0x20,0x20,0x20,
  0x42,0x6f,0x74,0x61,0x6f,0x41,0x6e,0x74,0x72,0x6f,0x20,0x7b,0xd,0xa,0x20,0x20,
  0x20,0x20,0x20,0x20,0x20,0x20,0x20,0x20,0x20,0x20,0x20,0x20,0x20,0x20,0x74,0x65,
  0x78,0x74,0x3a,0x20,0x22,0xe2,0x8c,0x82,0x20,0x20,0x48,0x6f,0x6d,0x65,0x22,0xd,
  0xa,0x20,0x20,0x20,0x20,0x20,0x20,0x20,0x20,0x20,0x20,0x20,0x20,0x20,0x20,0x20,
  0x20,0x73,0x65,0x63,0x75,0x6e,0x64,0x61,0x72,0x69,0x6f,0x3a,0x20,0x74,0x72,0x75,
  0x65,0xd,0xa,0x20,0x20,0x20,0x20,0x20,0x20,0x20,0x20,0x20,0x20,0x20,0x20,0x20,
  0x20,0x20,0x20,0x73,0x65,0x6c,0x65,0x63,0x69,0x6f,0x6e,0x61,0x64,0x6f,0x3a,0x20,
  0x70,0x61,0x67,0x69,0x6e,0x61,0x2e,0x69,0x6e,0x69,0x63,0x69,0x6f,0xd,0xa,0x20,
  0x20,0x20,0x20,0x20,0x20,0x20,0x20,0x20,0x20,0x20,0x20,0x20,0x20,0x20,0x20,0x6f,
  0x6e,0x43,0x6c,0x69,0x63,0x6b,0x65,0x64,0x3a,0x20,0x7b,0xd,0xa,0x20,0x20,0x20,
  0x20,0x20,0x20,0x20,0x20,0x20,0x20,0x20,0x20,0x20,0x20,0x20,0x20,0x20,0x20,0x20,
  0x20,0x69,0x66,0x20,0x28,0x21,0x70,0x61,0x67,0x69,0x6e,0x61,0x2e,0x69,0x6e,0x69,
  0x63,0x69,0x6f,0x20,0x26,0x26,0x20,0x70,0x61,0x67,0x69,0x6e,0x61,0x2e,0x53,0x74,
  0x61,0x63,0x6b,0x56,0x69,0x65,0x77,0x2e,0x76,0x69,0x65,0x77,0x29,0xd,0xa,0x20,
  0x20,0x20,0x20,0x20,0x20,0x20,0x20,0x20,0x20,0x20,0x20,0x20,0x20,0x20,0x20,0x20,
  0x20,0x20,0x20,0x20,0x20,0x20,0x20,0x70,0x61,0x67,0x69,0x6e,0x61,0x2e,0x53,0x74,
  0x61,0x63,0x6b,0x56,0x69,0x65,0x77,0x2e,0x76,0x69,0x65,0x77,0x2e,0x70,0x6f,0x70,
  0x28,0x6e,0x75,0x6c,0x6c,0x29,0xd,0xa,0x20,0x20,0x20,0x20,0x20,0x20,0x20,0x20,
  0x20,0x20,0x20,0x20,0x20,0x20,0x20,0x20,0x7d,0xd,0xa,0x20,0x20,0x20,0x20,0x20,
  0x20,0x20,0x20,0x20,0x20,0x20,0x20,0x7d,0xd,0xa,0x20,0x20,0x20,0x20,0x20,0x20,
  0x20,0x20,0x20,0x20,0x20,0x20,0x42,0x6f,0x74,0x61,0x6f,0x41,0x6e,0x74,0x72,0x6f,
  0x20,0x7b,0xd,0xa,0x20,0x20,0x20,0x20,0x20,0x20,0x20,0x20,0x20,0x20,0x20,0x20,
  0x20,0x20,0x20,0x20,0x74,0x65,0x78,0x74,0x3a,0x20,0x22,0xe2,0x86,0x90,0x20,0x20,
  0x56,0x6f,0x6c,0x74,0x61,0x72,0x22,0xd,0xa,0x20,0x20,0x20,0x20,0x20,0x20,0x20,
  0x20,0x20,0x20,0x20,0x20,0x20,0x20,0x20,0x20,0x73,0x65,0x63,0x75,0x6e,0x64,0x61,
  0x72,0x69,0x6f,0x3a,0x20,0x74,0x72,0x75,0x65,0xd,0xa,0x20,0x20,0x20,0x20,0x20,
  0x20,0x20,0x20,0x20,0x20,0x20,0x20,0x20,0x20,0x20,0x20,0x76,0x69,0x73,0x69,0x62,
  0x6c,0x65,0x3a,0x20,0x70,0x61,0x67,0x69,0x6e,0x61,0x2e,0x6d,0x6f,0x73,0x74,0x72,
  0x61,0x72,0x56,0x6f,0x6c,0x74,0x61,0x72,0xd,0xa,0x20,0x20,0x20,0x20,0x20,0x20,
  0x20,0x20,0x20,0x20,0x20,0x20,0x20,0x20,0x20,0x20,0x6f,0x6e,0x43,0x6c,0x69,0x63,
  0x6b,0x65,0x64,0x3a,0x20,0x70,0x61,0x67,0x69,0x6e,0x61,0x2e,0x53,0x74,0x61,0x63,
  0x6b,0x56,0x69,0x65,0x77,0x2e,0x76,0x69,0x65,0x77,0x2e,0x70,0x6f,0x70,0x28,0x29,
  0xd,0xa,0x20,0x20,0x20,0x20,0x20,0x20,0x20,0x20,0x20,0x20,0x20,0x20,0x7d,0xd,
  0xa,0x20,0x20,0x20,0x20,0x20,0x20,0x20,0x20,0x20,0x20,0x20,0x20,0x49,0x74,0x65,
  0x6d,0x20,0x7b,0x20,0x4c,0x61,0x79,0x6f,0x75,0x74,0x2e,0x66,0x69,0x6c,0x6c,0x57,
  0x69,0x64,0x74,0x68,0x3a,0x20,0x74,0x72,0x75,0x65,0x20,0x7d,0xd,0xa,0x20,0x20,
  0x20,0x20,0x20,0x20,0x20,0x20,0x20,0x20,0x20,0x20,0x4c,0x61,0x62,0x65,0x6c,0x20,
  0x7b,0x20,0x74,0x65,0x78,0x74,0x3a,0x20,0x41,0x75,0x74,0x68,0x43,0x6f,0x6e,0x74,
  0x72,0x6f,0x6c,0x6c,0x65,0x72,0x2e,0x6e,0x6f,0x6d,0x65,0x55,0x73,0x75,0x61,0x72,
  0x69,0x6f,0x3b,0x20,0x63,0x6f,0x6c,0x6f,0x72,0x3a,0x20,0x22,0x23,0x35,0x39,0x36,
  0x33,0x35,0x45,0x22,0x3b,0x20,0x66,0x6f,0x6e,0x74,0x2e,0x70,0x69,0x78,0x65,0x6c,
  0x53,0x69,0x7a,0x65,0x3a,0x20,0x31,0x35,0x20,0x7d,0xd,0xa,0x20,0x20,0x20,0x20,
  0x20,0x20,0x20,0x20,0x20,0x20,0x20,0x20,0x42,0x6f,0x74,0x61,0x6f,0x41,0x6e,0x74,
  0x72,0x6f,0x20,0x7b,0xd,0xa,0x20,0x20,0x20,0x20,0x20,0x20,0x20,0x20,0x20,0x20,
  0x20,0x20,0x20,0x20,0x20,0x20,0x76,0x69,0x73,0x69,0x62,0x6c,0x65,0x3a,0x20,0x70,
  0x61,0x67,0x69,0x6e,0x61,0x2e,0x6d,0x6f,0x73,0x74,0x72,0x61,0x72,0x53,0x61,0x63,
  0x6f,0x6c,0x61,0xd,0xa,0x20,0x20,0x20,0x20,0x20,0x20,0x20,0x20,0x20,0x20,0x20,
  0x20,0x20,0x20,0x20,0x20,0x74,0x65,0x78,0x74,0x3a,0x20,0x22,0x53,0x61,0x63,0x6f,
  0x6c,0x61,0x20,0x28,0x22,0x20,0x2b,0x20,0x43,0x6f,0x6d,0x70,0x72,0x61,0x64,0x6f,
  0x72,0x43,0x6f,0x6e,0x74,0x72,0x6f,0x6c,0x6c,0x65,0x72,0x2e,0x74,0x69,0x70,0x6f,
  0x73,0x4e,0x61,0x53,0x61,0x63,0x6f,0x6c,0x61,0x20,0x2b,0x20,0x22,0x29,0x22,0xd,
  0xa,0x20,0x20,0x20,0x20,0x20,0x20,0x20,0x20,0x20,0x20,0x20,0x20,0x20,0x20,0x20,
  0x20,0x73,0x65,0x63,0x75,0x6e,0x64,0x61,0x72,0x69,0x6f,0x3a,0x20,0x74,0x72,0x75,
  0x65,0xd,0xa,0x20,0x20,0x20,0x20,0x20,0x20,0x20,0x20,0x20,0x20,0x20,0x20,0x20,
  0x20,0x20,0x20,0x6f,0x6e,0x43,0x6c,0x69,0x63,0x6b,0x65,0x64,0x3a,0x20,0x70,0x61,
  0x67,0x69,0x6e,0x61,0x2e,0x53,0x74,0x61,0x63,0x6b,0x56,0x69,0x65,0x77,0x2e,0x76,
  0x69,0x65,0x77,0x2e,0x70,0x75,0x73,0x68,0x28,0x51,0x74,0x2e,0x72,0x65,0x73,0x6f,
  0x6c,0x76,0x65,0x64,0x55,0x72,0x6c,0x28,0x22,0x53,0x61,0x63,0x6f,0x6c,0x61,0x53,
  0x63,0x72,0x65,0x65,0x6e,0x2e,0x71,0x6d,0x6c,0x22,0x29,0x29,0xd,0xa,0x20,0x20,
  0x20,0x20,0x20,0x20,0x20,0x20,0x20,0x20,0x20,0x20,0x7d,0xd,0xa,0x20,0x20,0x20,
  0x20,0x20,0x20,0x20,0x20,0x20,0x20,0x20,0x20,0x42,0x6f,0x74,0x61,0x6f,0x41,0x6e,
  0x74,0x72,0x6f,0x20,0x7b,0xd,0xa,0x20,0x20,0x20,0x20,0x20,0x20,0x20,0x20,0x20,
  0x20,0x20,0x20,0x20,0x20,0x20,0x20,0x74,0x65,0x78,0x74,0x3a,0x20,0x22,0x53,0x61,
  0x69,0x72,0x22,0xd,0xa,0x20,0x20,0x20,0x20,0x20,0x20,0x20,0x20,0x20,0x20,0x20,
  0x20,0x20,0x20,0x20,0x20,0x73,0x65,0x63,0x75,0x6e,0x64,0x61,0x72,0x69,0x6f,0x3a,
  0x20,0x74,0x72,0x75,0x65,0xd,0xa,0x20,0x20,0x20,0x20,0x20,0x20,0x20,0x20,0x20,
  0x20,0x20,0x20,0x20,0x20,0x20,0x20,0x6f,0x6e,0x43,0x6c,0x69,0x63,0x6b,0x65,0x64,
  0x3a,0x20,0x7b,0xd,0xa,0x20,0x20,0x20,0x20,0x20,0x20,0x20,0x20,0x20,0x20,0x20,
  0x20,0x20,0x20,0x20,0x20,0x20,0x20,0x20,0x20,0x76,0x61,0x72,0x20,0x70,0x69,0x6c,
  0x68,0x61,0x20,0x3d,0x20,0x70,0x61,0x67,0x69,0x6e,0x61,0x2e,0x53,0x74,0x61,0x63,
  0x6b,0x56,0x69,0x65,0x77,0x2e,0x76,0x69,0x65,0x77,0xd,0xa,0x20,0x20,0x20,0x20,
  0x20,0x20,0x20,0x20,0x20,0x20,0x20,0x20,0x20,0x20,0x20,0x20,0x20,0x20,0x20,0x20,
  0x76,0x61,0x72,0x20,0x6c,0x6f,0x67,0x69,0x6e,0x20,0x3d,0x20,0x51,0x74,0x2e,0x72,
  0x65,0x73,0x6f,0x6c,0x76,0x65,0x64,0x55,0x72,0x6c,0x28,0x22,0x4c,0x6f,0x67,0x69,
  0x6e,0x53,0x63,0x72,0x65,0x65,0x6e,0x2e,0x71,0x6d,0x6c,0x22,0x29,0xd,0xa,0x20,
  0x20,0x20,0x20,0x20,0x20,0x20,0x20,0x20,0x20,0x20,0x20,0x20,0x20,0x20,0x20,0x20,
  0x20,0x20,0x20,0x41,0x75,0x74,0x68,0x43,0x6f,0x6e,0x74,0x72,0x6f,0x6c,0x6c,0x65,
  0x72,0x2e,0x73,0x61,0x69,0x72,0x28,0x29,0xd,0xa,0x20,0x20,0x20,0x20,0x20,0x20,
  0x20,0x20,0x20,0x20,0x20,0x20,0x20,0x20,0x20,0x20,0x20,0x20,0x20,0x20,0x51,0x74,
  0x2e,0x63,0x61,0x6c,0x6c,0x4c,0x61,0x74,0x65,0x72,0x28,0x66,0x75,0x6e,0x63,0x74,
  0x69,0x6f,0x6e,0x28,0x29,0x20,0x7b,0xd,0xa,0x20,0x20,0x20,0x20,0x20,0x20,0x20,
  0x20,0x20,0x20,0x20,0x20,0x20,0x20,0x20,0x20,0x20,0x20,0x20,0x20,0x20,0x20,0x20,
  0x20,0x70,0x69,0x6c,0x68,0x61,0x2e,0x63,0x6c,0x65,0x61,0x72,0x28,0x29,0xd,0xa,
  0x20,0x20,0x20,0x20,0x20,0x20,0x20,0x20,0x20,0x20,0x20,0x20,0x20,0x20,0x20,0x20,
  0x20,0x20,0x20,0x20,0x20,0x20,0x20,0x20,0x70,0x69,0x6c,0x68,0x61,0x2e,0x70,0x75,
  0x73,0x68,0x28,0x6c,0x6f,0x67,0x69,0x6e,0x29,0xd,0xa,0x20,0x20,0x20,0x20,0x20,
  0x20,0x20,0x20,0x20,0x20,0x20,0x20,0x20,0x20,0x20,0x20,0x20,0x20,0x20,0x20,0x7d,
  0x29,0xd,0xa,0x20,0x20,0x20,0x20,0x20,0x20,0x20,0x20,0x20,0x20,0x20,0x20,0x20,
  0x20,0x20,0x20,0x7d,0xd,0xa,0x20,0x20,0x20,0x20,0x20,0x20,0x20,0x20,0x20,0x20,
  0x20,0x20,0x7d,0xd,0xa,0x20,0x20,0x20,0x20,0x20,0x20,0x20,0x20,0x7d,0xd,0xa,
  0x20,0x20,0x20,0x20,0x7d,0xd,0xa,0x7d,0xd,0xa,
  
};

static const unsigned char qt_resource_name[] = {
  // qt
  0x0,0x2,
  0x0,0x0,0x7,0x84,
  0x0,0x71,
  0x0,0x74,
    // qml
  0x0,0x3,
  0x0,0x0,0x78,0x3c,
  0x0,0x71,
  0x0,0x6d,0x0,0x6c,
    // Antro
  0x0,0x5,
  0x0,0x48,0x5b,0x8f,
  0x0,0x41,
  0x0,0x6e,0x0,0x74,0x0,0x72,0x0,0x6f,
    // Main.qml
  0x0,0x8,
  0x8,0x1,0x5e,0x5c,
  0x0,0x4d,
  0x0,0x61,0x0,0x69,0x0,0x6e,0x0,0x2e,0x0,0x71,0x0,0x6d,0x0,0x6c,
    // telas
  0x0,0x5,
  0x0,0x7a,0xc2,0x83,
  0x0,0x74,
  0x0,0x65,0x0,0x6c,0x0,0x61,0x0,0x73,
    // HomeScreen.qml
  0x0,0xe,
  0x7,0xf4,0x72,0xfc,
  0x0,0x48,
  0x0,0x6f,0x0,0x6d,0x0,0x65,0x0,0x53,0x0,0x63,0x0,0x72,0x0,0x65,0x0,0x65,0x0,0x6e,0x0,0x2e,0x0,0x71,0x0,0x6d,0x0,0x6c,
    // FeiraScreen.qml
  0x0,0xf,
  0xa,0xcd,0x52,0x3c,
  0x0,0x46,
  0x0,0x65,0x0,0x69,0x0,0x72,0x0,0x61,0x0,0x53,0x0,0x63,0x0,0x72,0x0,0x65,0x0,0x65,0x0,0x6e,0x0,0x2e,0x0,0x71,0x0,0x6d,0x0,0x6c,
    // PedidosVendedorScreen.qml
  0x0,0x19,
  0xa,0x88,0x99,0xfc,
  0x0,0x50,
  0x0,0x65,0x0,0x64,0x0,0x69,0x0,0x64,0x0,0x6f,0x0,0x73,0x0,0x56,0x0,0x65,0x0,0x6e,0x0,0x64,0x0,0x65,0x0,0x64,0x0,0x6f,0x0,0x72,0x0,0x53,0x0,0x63,
  0x0,0x72,0x0,0x65,0x0,0x65,0x0,0x6e,0x0,0x2e,0x0,0x71,0x0,0x6d,0x0,0x6c,
    // CatalogoScreen.qml
  0x0,0x12,
  0x1,0xaa,0xc5,0xdc,
  0x0,0x43,
  0x0,0x61,0x0,0x74,0x0,0x61,0x0,0x6c,0x0,0x6f,0x0,0x67,0x0,0x6f,0x0,0x53,0x0,0x63,0x0,0x72,0x0,0x65,0x0,0x65,0x0,0x6e,0x0,0x2e,0x0,0x71,0x0,0x6d,
  0x0,0x6c,
    // SacolaScreen.qml
  0x0,0x10,
  0x8,0x1a,0x3f,0xbc,
  0x0,0x53,
  0x0,0x61,0x0,0x63,0x0,0x6f,0x0,0x6c,0x0,0x61,0x0,0x53,0x0,0x63,0x0,0x72,0x0,0x65,0x0,0x65,0x0,0x6e,0x0,0x2e,0x0,0x71,0x0,0x6d,0x0,0x6c,
    // LoginScreen.qml
  0x0,0xf,
  0x7,0xc7,0x30,0x5c,
  0x0,0x4c,
  0x0,0x6f,0x0,0x67,0x0,0x69,0x0,0x6e,0x0,0x53,0x0,0x63,0x0,0x72,0x0,0x65,0x0,0x65,0x0,0x6e,0x0,0x2e,0x0,0x71,0x0,0x6d,0x0,0x6c,
    // BotaoAntro.qml
  0x0,0xe,
  0x6,0xc2,0xd6,0xdc,
  0x0,0x42,
  0x0,0x6f,0x0,0x74,0x0,0x61,0x0,0x6f,0x0,0x41,0x0,0x6e,0x0,0x74,0x0,0x72,0x0,0x6f,0x0,0x2e,0x0,0x71,0x0,0x6d,0x0,0x6c,
    // PaginaComprador.qml
  0x0,0x13,
  0x6,0xd5,0xb7,0x1c,
  0x0,0x50,
  0x0,0x61,0x0,0x67,0x0,0x69,0x0,0x6e,0x0,0x61,0x0,0x43,0x0,0x6f,0x0,0x6d,0x0,0x70,0x0,0x72,0x0,0x61,0x0,0x64,0x0,0x6f,0x0,0x72,0x0,0x2e,0x0,0x71,
  0x0,0x6d,0x0,0x6c,
  
};

static const unsigned char qt_resource_struct[] = {
  // :
  0x0,0x0,0x0,0x0,0x0,0x2,0x0,0x0,0x0,0x1,0x0,0x0,0x0,0x1,
0x0,0x0,0x0,0x0,0x0,0x0,0x0,0x0,
  // :/qt
  0x0,0x0,0x0,0x0,0x0,0x2,0x0,0x0,0x0,0x1,0x0,0x0,0x0,0x2,
0x0,0x0,0x0,0x0,0x0,0x0,0x0,0x0,
  // :/qt/qml
  0x0,0x0,0x0,0xa,0x0,0x2,0x0,0x0,0x0,0x1,0x0,0x0,0x0,0x3,
0x0,0x0,0x0,0x0,0x0,0x0,0x0,0x0,
  // :/qt/qml/Antro
  0x0,0x0,0x0,0x16,0x0,0x2,0x0,0x0,0x0,0x2,0x0,0x0,0x0,0x4,
0x0,0x0,0x0,0x0,0x0,0x0,0x0,0x0,
  // :/qt/qml/Antro/telas
  0x0,0x0,0x0,0x3c,0x0,0x2,0x0,0x0,0x0,0x8,0x0,0x0,0x0,0x6,
0x0,0x0,0x0,0x0,0x0,0x0,0x0,0x0,
  // :/qt/qml/Antro/Main.qml
  0x0,0x0,0x0,0x26,0x0,0x0,0x0,0x0,0x0,0x1,0x0,0x0,0x0,0x0,
0x0,0x0,0x1,0xa1,0x8,0x33,0x23,0x96,
  // :/qt/qml/Antro/telas/CatalogoScreen.qml
  0x0,0x0,0x0,0xca,0x0,0x1,0x0,0x0,0x0,0x1,0x0,0x0,0x24,0xc1,
0x0,0x0,0x1,0xa1,0x8,0x33,0x23,0x9f,
  // :/qt/qml/Antro/telas/BotaoAntro.qml
  0x0,0x0,0x1,0x3e,0x0,0x0,0x0,0x0,0x0,0x1,0x0,0x0,0x3a,0xcb,
0x0,0x0,0x1,0xa1,0x8,0x33,0x23,0x9f,
  // :/qt/qml/Antro/telas/PaginaComprador.qml
  0x0,0x0,0x1,0x60,0x0,0x0,0x0,0x0,0x0,0x1,0x0,0x0,0x3e,0x9c,
0x0,0x0,0x1,0xa1,0x8,0x33,0x23,0xa3,
  // :/qt/qml/Antro/telas/LoginScreen.qml
  0x0,0x0,0x1,0x1a,0x0,0x1,0x0,0x0,0x0,0x1,0x0,0x0,0x34,0x61,
0x0,0x0,0x1,0xa1,0x8,0x37,0xa7,0x54,
  // :/qt/qml/Antro/telas/HomeScreen.qml
  0x0,0x0,0x0,0x4c,0x0,0x0,0x0,0x0,0x0,0x1,0x0,0x0,0x1,0xed,
0x0,0x0,0x1,0xa1,0x8,0x36,0x51,0x75,
  // :/qt/qml/Antro/telas/SacolaScreen.qml
  0x0,0x0,0x0,0xf4,0x0,0x0,0x0,0x0,0x0,0x1,0x0,0x0,0x2a,0x37,
0x0,0x0,0x1,0xa1,0x8,0x33,0x23,0xa4,
  // :/qt/qml/Antro/telas/PedidosVendedorScreen.qml
  0x0,0x0,0x0,0x92,0x0,0x1,0x0,0x0,0x0,0x1,0x0,0x0,0x1a,0x0,
0x0,0x0,0x1,0xa1,0x8,0x9b,0x7d,0xf9,
  // :/qt/qml/Antro/telas/FeiraScreen.qml
  0x0,0x0,0x0,0x6e,0x0,0x0,0x0,0x0,0x0,0x1,0x0,0x0,0xe,0xbf,
0x0,0x0,0x1,0xa1,0x8,0x33,0x23,0x9f,

};

#ifdef QT_NAMESPACE
#  define QT_RCC_PREPEND_NAMESPACE(name) ::QT_NAMESPACE::name
#  define QT_RCC_MANGLE_NAMESPACE0(x) x
#  define QT_RCC_MANGLE_NAMESPACE1(a, b) a##_##b
#  define QT_RCC_MANGLE_NAMESPACE2(a, b) QT_RCC_MANGLE_NAMESPACE1(a,b)
#  define QT_RCC_MANGLE_NAMESPACE(name) QT_RCC_MANGLE_NAMESPACE2( \
        QT_RCC_MANGLE_NAMESPACE0(name), QT_RCC_MANGLE_NAMESPACE0(QT_NAMESPACE))
#else
#   define QT_RCC_PREPEND_NAMESPACE(name) name
#   define QT_RCC_MANGLE_NAMESPACE(name) name
#endif

#if defined(QT_INLINE_NAMESPACE)
inline namespace QT_NAMESPACE {
#elif defined(QT_NAMESPACE)
namespace QT_NAMESPACE {
#endif

bool qRegisterResourceData(int, const unsigned char *, const unsigned char *, const unsigned char *);
bool qUnregisterResourceData(int, const unsigned char *, const unsigned char *, const unsigned char *);

#if defined(__ELF__) || defined(__APPLE__)
static inline unsigned char qResourceFeatureZlib()
{
    extern const unsigned char qt_resourceFeatureZlib;
    return qt_resourceFeatureZlib;
}
#else
unsigned char qResourceFeatureZlib();
#endif

#ifdef QT_NAMESPACE
}
#endif

int QT_RCC_MANGLE_NAMESPACE(qInitResources_appAntro_raw_qml_0)();
int QT_RCC_MANGLE_NAMESPACE(qInitResources_appAntro_raw_qml_0)()
{
    int version = 3;
    QT_RCC_PREPEND_NAMESPACE(qRegisterResourceData)
        (version, qt_resource_struct, qt_resource_name, qt_resource_data);
    return 1;
}

int QT_RCC_MANGLE_NAMESPACE(qCleanupResources_appAntro_raw_qml_0)();
int QT_RCC_MANGLE_NAMESPACE(qCleanupResources_appAntro_raw_qml_0)()
{
    int version = 3;
    version += QT_RCC_PREPEND_NAMESPACE(qResourceFeatureZlib());
    QT_RCC_PREPEND_NAMESPACE(qUnregisterResourceData)
       (version, qt_resource_struct, qt_resource_name, qt_resource_data);
    return 1;
}

#ifdef __clang__
#   pragma clang diagnostic push
#   pragma clang diagnostic ignored "-Wexit-time-destructors"
#endif

namespace {
   struct initializer {
       initializer() { QT_RCC_MANGLE_NAMESPACE(qInitResources_appAntro_raw_qml_0)(); }
       ~initializer() { QT_RCC_MANGLE_NAMESPACE(qCleanupResources_appAntro_raw_qml_0)(); }
   } dummy;
}

#ifdef __clang__
#   pragma clang diagnostic pop
#endif
