/****************************************************************************
** Resource object code
**
** Created by: The Resource Compiler for Qt version 6.11.2
**
** WARNING! All changes made in this file will be lost!
*****************************************************************************/

#ifdef _MSC_VER
// disable informational message "function ... selected for automatic inline expansion"
#pragma warning (disable: 4711)
#endif

static const unsigned char qt_resource_data[] = {
  // AntroFolhinha.svg
  0x0,0x0,0x1e,0x6f,
  0x3c,
  0x3f,0x78,0x6d,0x6c,0x20,0x76,0x65,0x72,0x73,0x69,0x6f,0x6e,0x3d,0x22,0x31,0x2e,
  0x30,0x22,0x20,0x65,0x6e,0x63,0x6f,0x64,0x69,0x6e,0x67,0x3d,0x22,0x55,0x54,0x46,
  0x2d,0x38,0x22,0x20,0x73,0x74,0x61,0x6e,0x64,0x61,0x6c,0x6f,0x6e,0x65,0x3d,0x22,
  0x6e,0x6f,0x22,0x3f,0x3e,0xa,0x3c,0x21,0x44,0x4f,0x43,0x54,0x59,0x50,0x45,0x20,
  0x73,0x76,0x67,0x20,0x50,0x55,0x42,0x4c,0x49,0x43,0x20,0x22,0x2d,0x2f,0x2f,0x57,
  0x33,0x43,0x2f,0x2f,0x44,0x54,0x44,0x20,0x53,0x56,0x47,0x20,0x31,0x2e,0x31,0x2f,
  0x2f,0x45,0x4e,0x22,0x20,0x22,0x68,0x74,0x74,0x70,0x3a,0x2f,0x2f,0x77,0x77,0x77,
  0x2e,0x77,0x33,0x2e,0x6f,0x72,0x67,0x2f,0x47,0x72,0x61,0x70,0x68,0x69,0x63,0x73,
  0x2f,0x53,0x56,0x47,0x2f,0x31,0x2e,0x31,0x2f,0x44,0x54,0x44,0x2f,0x73,0x76,0x67,
  0x31,0x31,0x2e,0x64,0x74,0x64,0x22,0x3e,0xa,0x3c,0x73,0x76,0x67,0x20,0x77,0x69,
  0x64,0x74,0x68,0x3d,0x22,0x31,0x30,0x30,0x25,0x22,0x20,0x68,0x65,0x69,0x67,0x68,
  0x74,0x3d,0x22,0x31,0x30,0x30,0x25,0x22,0x20,0x76,0x69,0x65,0x77,0x42,0x6f,0x78,
  0x3d,0x22,0x30,0x20,0x30,0x20,0x31,0x32,0x30,0x38,0x20,0x33,0x38,0x33,0x22,0x20,
  0x76,0x65,0x72,0x73,0x69,0x6f,0x6e,0x3d,0x22,0x31,0x2e,0x31,0x22,0x20,0x78,0x6d,
  0x6c,0x6e,0x73,0x3d,0x22,0x68,0x74,0x74,0x70,0x3a,0x2f,0x2f,0x77,0x77,0x77,0x2e,
  0x77,0x33,0x2e,0x6f,0x72,0x67,0x2f,0x32,0x30,0x30,0x30,0x2f,0x73,0x76,0x67,0x22,
  0x20,0x78,0x6d,0x6c,0x6e,0x73,0x3a,0x78,0x6c,0x69,0x6e,0x6b,0x3d,0x22,0x68,0x74,
  0x74,0x70,0x3a,0x2f,0x2f,0x77,0x77,0x77,0x2e,0x77,0x33,0x2e,0x6f,0x72,0x67,0x2f,
  0x31,0x39,0x39,0x39,0x2f,0x78,0x6c,0x69,0x6e,0x6b,0x22,0x20,0x78,0x6d,0x6c,0x3a,
  0x73,0x70,0x61,0x63,0x65,0x3d,0x22,0x70,0x72,0x65,0x73,0x65,0x72,0x76,0x65,0x22,
  0x20,0x78,0x6d,0x6c,0x6e,0x73,0x3a,0x61,0x66,0x66,0x69,0x6e,0x69,0x74,0x79,0x3d,
  0x22,0x68,0x74,0x74,0x70,0x73,0x3a,0x2f,0x2f,0x77,0x77,0x77,0x2e,0x61,0x66,0x66,
  0x69,0x6e,0x69,0x74,0x79,0x2e,0x73,0x74,0x75,0x64,0x69,0x6f,0x2f,0x22,0x20,0x73,
  0x74,0x79,0x6c,0x65,0x3d,0x22,0x66,0x69,0x6c,0x6c,0x2d,0x72,0x75,0x6c,0x65,0x3a,
  0x65,0x76,0x65,0x6e,0x6f,0x64,0x64,0x3b,0x63,0x6c,0x69,0x70,0x2d,0x72,0x75,0x6c,
  0x65,0x3a,0x65,0x76,0x65,0x6e,0x6f,0x64,0x64,0x3b,0x73,0x74,0x72,0x6f,0x6b,0x65,
  0x2d,0x6c,0x69,0x6e,0x65,0x6a,0x6f,0x69,0x6e,0x3a,0x72,0x6f,0x75,0x6e,0x64,0x3b,
  0x73,0x74,0x72,0x6f,0x6b,0x65,0x2d,0x6d,0x69,0x74,0x65,0x72,0x6c,0x69,0x6d,0x69,
  0x74,0x3a,0x32,0x3b,0x22,0x3e,0xa,0x20,0x20,0x20,0x20,0x3c,0x67,0x20,0x69,0x64,
  0x3d,0x22,0x50,0x72,0x61,0x6e,0x63,0x68,0x65,0x74,0x61,0x31,0x22,0x20,0x74,0x72,
  0x61,0x6e,0x73,0x66,0x6f,0x72,0x6d,0x3d,0x22,0x6d,0x61,0x74,0x72,0x69,0x78,0x28,
  0x31,0x2c,0x30,0x2c,0x30,0x2c,0x31,0x2c,0x2d,0x36,0x30,0x38,0x2e,0x31,0x38,0x34,
  0x36,0x34,0x32,0x2c,0x2d,0x31,0x34,0x34,0x32,0x2e,0x34,0x39,0x39,0x30,0x36,0x34,
  0x29,0x22,0x3e,0xa,0x20,0x20,0x20,0x20,0x20,0x20,0x20,0x20,0x3c,0x72,0x65,0x63,
  0x74,0x20,0x78,0x3d,0x22,0x36,0x35,0x38,0x2e,0x31,0x38,0x35,0x22,0x20,0x79,0x3d,
  0x22,0x31,0x34,0x39,0x32,0x2e,0x34,0x39,0x39,0x22,0x20,0x77,0x69,0x64,0x74,0x68,
  0x3d,0x22,0x38,0x34,0x37,0x2e,0x31,0x31,0x38,0x22,0x20,0x68,0x65,0x69,0x67,0x68,
  0x74,0x3d,0x22,0x32,0x39,0x39,0x2e,0x30,0x33,0x32,0x22,0x20,0x73,0x74,0x79,0x6c,
  0x65,0x3d,0x22,0x66,0x69,0x6c,0x6c,0x3a,0x6e,0x6f,0x6e,0x65,0x3b,0x22,0x2f,0x3e,
  0xa,0x20,0x20,0x20,0x20,0x20,0x20,0x20,0x20,0x3c,0x67,0x20,0x74,0x72,0x61,0x6e,
  0x73,0x66,0x6f,0x72,0x6d,0x3d,0x22,0x6d,0x61,0x74,0x72,0x69,0x78,0x28,0x31,0x2c,
  0x30,0x2c,0x30,0x2c,0x31,0x2c,0x36,0x35,0x36,0x2e,0x31,0x38,0x34,0x36,0x34,0x32,
  0x2c,0x31,0x35,0x30,0x36,0x2e,0x34,0x39,0x39,0x30,0x36,0x34,0x29,0x22,0x3e,0xa,
  0x20,0x20,0x20,0x20,0x20,0x20,0x20,0x20,0x20,0x20,0x20,0x20,0x3c,0x70,0x61,0x74,
  0x68,0x20,0x64,0x3d,0x22,0x4d,0x37,0x36,0x33,0x2e,0x34,0x39,0x38,0x2c,0x32,0x34,
  0x37,0x2e,0x39,0x36,0x31,0x43,0x37,0x35,0x30,0x2e,0x39,0x34,0x31,0x2c,0x32,0x34,
  0x37,0x2e,0x38,0x37,0x31,0x20,0x37,0x35,0x30,0x2e,0x39,0x35,0x37,0x2c,0x32,0x34,
  0x38,0x2e,0x30,0x34,0x37,0x20,0x37,0x34,0x30,0x2e,0x34,0x34,0x35,0x2c,0x32,0x34,
  0x35,0x2e,0x39,0x31,0x36,0x43,0x37,0x33,0x37,0x2e,0x33,0x31,0x2c,0x32,0x34,0x35,
  0x2e,0x32,0x38,0x20,0x37,0x31,0x37,0x2e,0x35,0x39,0x35,0x2c,0x32,0x34,0x31,0x2e,
  0x32,0x38,0x34,0x20,0x37,0x30,0x34,0x2e,0x33,0x38,0x35,0x2c,0x32,0x32,0x38,0x2e,
  0x36,0x32,0x31,0x43,0x36,0x36,0x32,0x2e,0x36,0x39,0x36,0x2c,0x31,0x38,0x38,0x2e,
  0x36,0x35,0x39,0x20,0x36,0x37,0x37,0x2e,0x34,0x35,0x31,0x2c,0x31,0x32,0x30,0x2e,
  0x31,0x34,0x37,0x20,0x36,0x39,0x38,0x2e,0x33,0x37,0x36,0x2c,0x39,0x38,0x2e,0x33,
  0x38,0x35,0x43,0x37,0x31,0x30,0x2e,0x39,0x36,0x31,0x2c,0x38,0x35,0x2e,0x32,0x39,
  0x37,0x20,0x37,0x31,0x32,0x2e,0x34,0x38,0x31,0x2c,0x38,0x37,0x2e,0x32,0x30,0x31,
  0x20,0x37,0x31,0x37,0x2e,0x33,0x36,0x2c,0x38,0x33,0x2e,0x33,0x31,0x32,0x43,0x37,
  0x32,0x37,0x2e,0x36,0x35,0x31,0x2c,0x37,0x35,0x2e,0x31,0x31,0x20,0x37,0x36,0x30,
  0x2e,0x38,0x37,0x31,0x2c,0x37,0x31,0x2e,0x33,0x37,0x32,0x20,0x37,0x36,0x36,0x2e,
  0x35,0x32,0x33,0x2c,0x37,0x32,0x2e,0x32,0x37,0x38,0x43,0x37,0x37,0x39,0x2e,0x33,
  0x32,0x39,0x2c,0x37,0x34,0x2e,0x33,0x33,0x31,0x20,0x37,0x37,0x39,0x2e,0x34,0x32,
  0x33,0x2c,0x37,0x33,0x2e,0x31,0x38,0x36,0x20,0x37,0x38,0x30,0x2e,0x35,0x30,0x39,
  0x2c,0x37,0x33,0x2e,0x34,0x37,0x33,0x43,0x37,0x39,0x31,0x2e,0x33,0x39,0x37,0x2c,
  0x37,0x36,0x2e,0x33,0x35,0x34,0x20,0x37,0x39,0x32,0x2e,0x32,0x32,0x36,0x2c,0x37,
  0x33,0x2e,0x38,0x32,0x39,0x20,0x38,0x31,0x31,0x2e,0x33,0x34,0x36,0x2c,0x38,0x33,
  0x2e,0x37,0x39,0x34,0x43,0x38,0x32,0x37,0x2e,0x33,0x32,0x39,0x2c,0x39,0x32,0x2e,
  0x31,0x32,0x34,0x20,0x38,0x33,0x39,0x2e,0x32,0x34,0x35,0x2c,0x31,0x30,0x39,0x2e,
  0x39,0x31,0x38,0x20,0x38,0x34,0x33,0x2e,0x35,0x34,0x31,0x2c,0x31,0x32,0x32,0x2e,
  0x34,0x38,0x33,0x43,0x38,0x35,0x34,0x2e,0x39,0x30,0x31,0x2c,0x31,0x35,0x35,0x2e,
  0x37,0x31,0x33,0x20,0x38,0x34,0x37,0x2e,0x39,0x36,0x2c,0x31,0x38,0x34,0x2e,0x31,
  0x34,0x35,0x20,0x38,0x34,0x34,0x2e,0x35,0x34,0x34,0x2c,0x31,0x39,0x35,0x2e,0x35,
  0x31,0x37,0x43,0x38,0x34,0x30,0x2e,0x31,0x35,0x2c,0x32,0x31,0x30,0x2e,0x31,0x34,
  0x35,0x20,0x38,0x32,0x38,0x2e,0x32,0x38,0x38,0x2c,0x32,0x32,0x34,0x2e,0x30,0x32,
  0x31,0x20,0x38,0x32,0x36,0x2e,0x36,0x31,0x36,0x2c,0x32,0x32,0x35,0x2e,0x36,0x32,
  0x31,0x43,0x38,0x32,0x35,0x2e,0x38,0x33,0x39,0x2c,0x32,0x32,0x36,0x2e,0x33,0x36,
  0x35,0x20,0x38,0x32,0x30,0x2e,0x39,0x31,0x33,0x2c,0x32,0x33,0x31,0x2e,0x30,0x38,
  0x33,0x20,0x38,0x31,0x36,0x2e,0x32,0x31,0x32,0x2c,0x32,0x33,0x34,0x2e,0x31,0x34,
  0x33,0x43,0x37,0x39,0x32,0x2e,0x31,0x34,0x33,0x2c,0x32,0x34,0x39,0x2e,0x38,0x31,
  0x20,0x37,0x36,0x38,0x2e,0x36,0x36,0x35,0x2c,0x32,0x34,0x37,0x2e,0x39,0x39,0x20,
  0x37,0x36,0x33,0x2e,0x34,0x39,0x38,0x2c,0x32,0x34,0x37,0x2e,0x39,0x36,0x31,0x5a,
  0x4d,0x37,0x33,0x32,0x2e,0x39,0x35,0x35,0x2c,0x31,0x34,0x33,0x2e,0x34,0x39,0x33,
  0x43,0x37,0x33,0x32,0x2e,0x38,0x38,0x39,0x2c,0x31,0x32,0x35,0x2e,0x37,0x32,0x33,
  0x20,0x37,0x33,0x33,0x2e,0x38,0x37,0x33,0x2c,0x31,0x32,0x35,0x2e,0x38,0x35,0x35,
  0x20,0x37,0x33,0x34,0x2e,0x38,0x37,0x36,0x2c,0x31,0x31,0x31,0x2e,0x35,0x32,0x33,
  0x43,0x37,0x33,0x35,0x2e,0x31,0x31,0x38,0x2c,0x31,0x30,0x38,0x2e,0x30,0x37,0x20,
  0x37,0x33,0x39,0x2e,0x37,0x32,0x31,0x2c,0x39,0x33,0x2e,0x38,0x39,0x33,0x20,0x37,
  0x34,0x30,0x2e,0x36,0x38,0x35,0x2c,0x39,0x32,0x2e,0x36,0x33,0x31,0x43,0x37,0x34,
  0x34,0x2e,0x34,0x36,0x37,0x2c,0x38,0x37,0x2e,0x36,0x38,0x32,0x20,0x37,0x34,0x33,
  0x2e,0x36,0x37,0x35,0x2c,0x38,0x35,0x2e,0x31,0x39,0x35,0x20,0x37,0x34,0x39,0x2e,
  0x33,0x34,0x34,0x2c,0x38,0x32,0x2e,0x32,0x30,0x31,0x43,0x37,0x35,0x30,0x2e,0x34,
  0x31,0x2c,0x38,0x31,0x2e,0x36,0x33,0x38,0x20,0x37,0x35,0x37,0x2e,0x34,0x37,0x2c,
  0x37,0x37,0x2e,0x39,0x31,0x20,0x37,0x36,0x34,0x2e,0x33,0x34,0x33,0x2c,0x38,0x33,
  0x2e,0x36,0x38,0x38,0x43,0x37,0x38,0x38,0x2e,0x30,0x36,0x38,0x2c,0x31,0x30,0x33,
  0x2e,0x36,0x33,0x36,0x20,0x37,0x39,0x33,0x2e,0x39,0x35,0x36,0x2c,0x31,0x35,0x34,
  0x2e,0x36,0x35,0x34,0x20,0x37,0x39,0x34,0x2e,0x31,0x34,0x31,0x2c,0x31,0x36,0x38,
  0x2e,0x35,0x30,0x37,0x43,0x37,0x39,0x34,0x2e,0x33,0x33,0x39,0x2c,0x31,0x38,0x33,
  0x2e,0x33,0x30,0x35,0x20,0x37,0x39,0x34,0x2e,0x39,0x35,0x37,0x2c,0x31,0x38,0x33,
  0x2e,0x32,0x38,0x32,0x20,0x37,0x39,0x34,0x2e,0x37,0x37,0x32,0x2c,0x31,0x38,0x34,
  0x2e,0x35,0x35,0x33,0x43,0x37,0x39,0x32,0x2e,0x37,0x37,0x37,0x2c,0x31,0x39,0x38,
  0x2e,0x32,0x38,0x31,0x20,0x37,0x39,0x36,0x2e,0x32,0x38,0x37,0x2c,0x32,0x30,0x38,
  0x2e,0x39,0x35,0x33,0x20,0x37,0x38,0x35,0x2e,0x31,0x31,0x37,0x2c,0x32,0x33,0x31,
  0x2e,0x33,0x30,0x39,0x43,0x37,0x37,0x38,0x2e,0x32,0x35,0x31,0x2c,0x32,0x34,0x35,
  0x2e,0x30,0x35,0x31,0x20,0x37,0x36,0x33,0x2e,0x39,0x36,0x37,0x2c,0x32,0x34,0x33,
  0x2e,0x32,0x38,0x36,0x20,0x37,0x35,0x32,0x2e,0x38,0x39,0x33,0x2c,0x32,0x32,0x34,
  0x2e,0x32,0x38,0x43,0x37,0x33,0x34,0x2e,0x36,0x36,0x32,0x2c,0x31,0x39,0x32,0x2e,
  0x39,0x39,0x33,0x20,0x37,0x33,0x35,0x2e,0x30,0x30,0x32,0x2c,0x31,0x35,0x39,0x2e,
  0x31,0x37,0x37,0x20,0x37,0x33,0x32,0x2e,0x39,0x35,0x35,0x2c,0x31,0x34,0x33,0x2e,
  0x34,0x39,0x33,0x5a,0x22,0x20,0x73,0x74,0x79,0x6c,0x65,0x3d,0x22,0x66,0x69,0x6c,
  0x6c,0x2d,0x6f,0x70,0x61,0x63,0x69,0x74,0x79,0x3a,0x31,0x3b,0x22,0x2f,0x3e,0xa,
  0x20,0x20,0x20,0x20,0x20,0x20,0x20,0x20,0x20,0x20,0x20,0x20,0x3c,0x70,0x61,0x74,
  0x68,0x20,0x64,0x3d,0x22,0x4d,0x31,0x32,0x35,0x2e,0x30,0x37,0x35,0x2c,0x31,0x34,
  0x39,0x2e,0x34,0x34,0x31,0x43,0x31,0x32,0x31,0x2e,0x37,0x37,0x38,0x2c,0x31,0x34,
  0x32,0x2e,0x32,0x30,0x32,0x20,0x31,0x31,0x39,0x2e,0x35,0x37,0x33,0x2c,0x31,0x33,
  0x39,0x2e,0x37,0x31,0x33,0x20,0x31,0x31,0x35,0x2e,0x37,0x38,0x31,0x2c,0x31,0x32,
  0x39,0x2e,0x33,0x38,0x33,0x43,0x31,0x30,0x39,0x2e,0x34,0x32,0x36,0x2c,0x31,0x31,
  0x32,0x2e,0x30,0x37,0x20,0x31,0x30,0x38,0x2e,0x31,0x33,0x34,0x2c,0x31,0x31,0x32,
  0x2e,0x36,0x35,0x39,0x20,0x31,0x30,0x31,0x2e,0x37,0x38,0x2c,0x39,0x35,0x2e,0x33,
  0x38,0x33,0x43,0x31,0x30,0x30,0x2e,0x38,0x34,0x38,0x2c,0x39,0x32,0x2e,0x38,0x35,
  0x20,0x39,0x35,0x2e,0x30,0x37,0x36,0x2c,0x37,0x39,0x2e,0x37,0x33,0x33,0x20,0x39,
  0x32,0x2e,0x37,0x37,0x34,0x2c,0x37,0x33,0x2e,0x33,0x38,0x36,0x43,0x39,0x30,0x2e,
  0x30,0x33,0x32,0x2c,0x36,0x35,0x2e,0x38,0x32,0x38,0x20,0x37,0x39,0x2e,0x30,0x33,
  0x35,0x2c,0x34,0x30,0x2e,0x32,0x31,0x36,0x20,0x37,0x37,0x2e,0x38,0x30,0x33,0x2c,
  0x33,0x37,0x2e,0x33,0x34,0x37,0x43,0x37,0x34,0x2e,0x39,0x35,0x31,0x2c,0x33,0x30,
  0x2e,0x37,0x30,0x34,0x20,0x37,0x34,0x2e,0x30,0x33,0x34,0x2c,0x33,0x38,0x2e,0x38,
  0x32,0x32,0x20,0x37,0x33,0x2e,0x31,0x39,0x35,0x2c,0x34,0x30,0x2e,0x33,0x35,0x31,
  0x43,0x37,0x31,0x2e,0x37,0x31,0x2c,0x34,0x33,0x2e,0x30,0x35,0x37,0x20,0x34,0x34,
  0x2e,0x33,0x32,0x37,0x2c,0x31,0x30,0x37,0x2e,0x32,0x35,0x35,0x20,0x34,0x33,0x2e,
  0x35,0x33,0x38,0x2c,0x31,0x30,0x39,0x2e,0x35,0x31,0x36,0x43,0x33,0x39,0x2e,0x30,
  0x32,0x39,0x2c,0x31,0x32,0x32,0x2e,0x34,0x33,0x31,0x20,0x32,0x31,0x2e,0x33,0x30,
  0x36,0x2c,0x31,0x35,0x35,0x2e,0x32,0x33,0x36,0x20,0x34,0x32,0x2e,0x38,0x38,0x39,
  0x2c,0x31,0x39,0x32,0x2e,0x32,0x38,0x43,0x34,0x35,0x2e,0x38,0x38,0x33,0x2c,0x31,
  0x39,0x37,0x2e,0x34,0x31,0x37,0x20,0x35,0x35,0x2e,0x31,0x35,0x31,0x2c,0x32,0x30,
  0x36,0x2e,0x36,0x37,0x34,0x20,0x35,0x37,0x2e,0x37,0x33,0x33,0x2c,0x32,0x30,0x38,
  0x2e,0x31,0x30,0x31,0x43,0x36,0x37,0x2e,0x37,0x30,0x34,0x2c,0x32,0x31,0x33,0x2e,
  0x36,0x30,0x38,0x20,0x36,0x39,0x2e,0x39,0x33,0x36,0x2c,0x32,0x31,0x31,0x2e,0x38,
  0x36,0x37,0x20,0x36,0x39,0x2e,0x38,0x38,0x31,0x2c,0x32,0x31,0x35,0x2e,0x34,0x39,
  0x36,0x43,0x36,0x39,0x2e,0x33,0x36,0x32,0x2c,0x32,0x35,0x30,0x2e,0x33,0x35,0x33,
  0x20,0x32,0x38,0x2e,0x37,0x38,0x34,0x2c,0x32,0x35,0x38,0x2e,0x39,0x35,0x39,0x20,
  0x31,0x30,0x2e,0x37,0x36,0x31,0x2c,0x32,0x33,0x34,0x2e,0x33,0x33,0x34,0x43,0x2d,
  0x31,0x31,0x2e,0x32,0x33,0x37,0x2c,0x32,0x30,0x34,0x2e,0x32,0x37,0x35,0x20,0x31,
  0x32,0x2e,0x32,0x30,0x39,0x2c,0x31,0x36,0x32,0x2e,0x38,0x31,0x32,0x20,0x32,0x34,
  0x2e,0x38,0x30,0x34,0x2c,0x31,0x33,0x31,0x2e,0x36,0x35,0x43,0x32,0x35,0x2e,0x37,
  0x38,0x38,0x2c,0x31,0x32,0x39,0x2e,0x32,0x31,0x35,0x20,0x32,0x39,0x2e,0x36,0x33,
  0x36,0x2c,0x31,0x32,0x31,0x2e,0x32,0x30,0x34,0x20,0x33,0x30,0x2e,0x30,0x36,0x39,
  0x2c,0x31,0x32,0x30,0x2e,0x33,0x30,0x31,0x43,0x33,0x36,0x2e,0x36,0x36,0x36,0x2c,
  0x31,0x30,0x36,0x2e,0x35,0x36,0x36,0x20,0x33,0x35,0x2e,0x34,0x31,0x38,0x2c,0x31,
  0x30,0x36,0x2e,0x31,0x33,0x33,0x20,0x34,0x32,0x2e,0x30,0x38,0x33,0x2c,0x39,0x32,
  0x2e,0x33,0x30,0x38,0x43,0x34,0x32,0x2e,0x39,0x35,0x35,0x2c,0x39,0x30,0x2e,0x35,
  0x30,0x31,0x20,0x34,0x32,0x2e,0x30,0x35,0x38,0x2c,0x39,0x30,0x2e,0x31,0x34,0x35,
  0x20,0x35,0x32,0x2e,0x30,0x36,0x38,0x2c,0x36,0x39,0x2e,0x33,0x30,0x31,0x43,0x35,
  0x38,0x2e,0x38,0x34,0x32,0x2c,0x35,0x35,0x2e,0x31,0x39,0x32,0x20,0x37,0x32,0x2e,
  0x38,0x37,0x39,0x2c,0x31,0x34,0x2e,0x31,0x36,0x37,0x20,0x38,0x31,0x2e,0x32,0x35,
  0x31,0x2c,0x39,0x2e,0x31,0x30,0x33,0x43,0x38,0x34,0x2e,0x35,0x37,0x2c,0x37,0x2e,
  0x30,0x39,0x35,0x20,0x38,0x34,0x2e,0x31,0x39,0x38,0x2c,0x36,0x2e,0x36,0x36,0x39,
  0x20,0x38,0x37,0x2e,0x36,0x35,0x2c,0x34,0x2e,0x38,0x30,0x32,0x43,0x39,0x35,0x2e,
  0x33,0x37,0x35,0x2c,0x30,0x2e,0x36,0x32,0x32,0x20,0x31,0x31,0x35,0x2e,0x35,0x39,
  0x31,0x2c,0x32,0x2e,0x34,0x32,0x36,0x20,0x31,0x33,0x38,0x2e,0x35,0x30,0x31,0x2c,
  0x32,0x2e,0x30,0x39,0x32,0x43,0x31,0x33,0x38,0x2e,0x38,0x34,0x33,0x2c,0x32,0x2e,
  0x30,0x38,0x37,0x20,0x31,0x34,0x34,0x2e,0x31,0x31,0x39,0x2c,0x32,0x2e,0x30,0x31,
  0x20,0x31,0x34,0x32,0x2e,0x31,0x39,0x35,0x2c,0x34,0x2e,0x32,0x36,0x43,0x31,0x32,
  0x36,0x2e,0x31,0x39,0x33,0x2c,0x32,0x32,0x2e,0x39,0x37,0x38,0x20,0x31,0x34,0x34,
  0x2e,0x37,0x31,0x37,0x2c,0x34,0x36,0x2e,0x33,0x31,0x33,0x20,0x31,0x35,0x38,0x2e,
  0x32,0x32,0x35,0x2c,0x38,0x33,0x2e,0x36,0x31,0x34,0x43,0x31,0x35,0x38,0x2e,0x35,
  0x39,0x36,0x2c,0x38,0x34,0x2e,0x36,0x33,0x38,0x20,0x31,0x36,0x38,0x2e,0x32,0x37,
  0x32,0x2c,0x31,0x30,0x37,0x2e,0x32,0x31,0x34,0x20,0x31,0x37,0x30,0x2e,0x32,0x32,
  0x32,0x2c,0x31,0x31,0x32,0x2e,0x36,0x31,0x36,0x43,0x31,0x37,0x30,0x2e,0x39,0x38,
  0x31,0x2c,0x31,0x31,0x34,0x2e,0x37,0x31,0x36,0x20,0x31,0x37,0x34,0x2e,0x37,0x38,
  0x39,0x2c,0x31,0x32,0x32,0x2e,0x38,0x38,0x33,0x20,0x31,0x37,0x37,0x2e,0x32,0x32,
  0x34,0x2c,0x31,0x32,0x39,0x2e,0x36,0x31,0x35,0x43,0x31,0x38,0x31,0x2e,0x31,0x35,
  0x39,0x2c,0x31,0x34,0x30,0x2e,0x34,0x39,0x34,0x20,0x31,0x38,0x36,0x2e,0x36,0x37,
  0x36,0x2c,0x31,0x35,0x32,0x2e,0x35,0x30,0x37,0x20,0x31,0x38,0x37,0x2e,0x35,0x37,
  0x35,0x2c,0x31,0x35,0x34,0x2e,0x34,0x36,0x34,0x43,0x31,0x38,0x39,0x2e,0x31,0x36,
  0x32,0x2c,0x31,0x35,0x37,0x2e,0x39,0x32,0x20,0x32,0x30,0x39,0x2e,0x39,0x36,0x38,
  0x2c,0x32,0x30,0x39,0x2e,0x35,0x38,0x34,0x20,0x32,0x31,0x32,0x2e,0x31,0x39,0x35,
  0x2c,0x32,0x31,0x33,0x2e,0x36,0x34,0x39,0x43,0x32,0x31,0x33,0x2e,0x30,0x35,0x38,
  0x2c,0x32,0x31,0x35,0x2e,0x32,0x32,0x33,0x20,0x32,0x31,0x31,0x2e,0x39,0x35,0x33,
  0x2c,0x32,0x31,0x35,0x2e,0x36,0x35,0x37,0x20,0x32,0x32,0x30,0x2e,0x35,0x37,0x37,
  0x2c,0x32,0x33,0x34,0x2e,0x34,0x36,0x33,0x43,0x32,0x32,0x35,0x2e,0x34,0x33,0x2c,
  0x32,0x34,0x35,0x2e,0x30,0x34,0x36,0x20,0x32,0x32,0x34,0x2e,0x35,0x38,0x35,0x2c,
  0x32,0x34,0x35,0x2e,0x36,0x38,0x31,0x20,0x32,0x32,0x33,0x2e,0x36,0x36,0x33,0x2c,
  0x32,0x34,0x35,0x2e,0x39,0x30,0x31,0x43,0x32,0x32,0x33,0x2e,0x32,0x31,0x39,0x2c,
  0x32,0x34,0x36,0x2e,0x30,0x30,0x36,0x20,0x31,0x35,0x30,0x2e,0x32,0x39,0x37,0x2c,
  0x32,0x34,0x35,0x2e,0x39,0x31,0x36,0x20,0x31,0x34,0x39,0x2e,0x34,0x39,0x39,0x2c,
  0x32,0x34,0x35,0x2e,0x39,0x34,0x37,0x43,0x31,0x34,0x39,0x2e,0x31,0x33,0x35,0x2c,
  0x32,0x34,0x35,0x2e,0x39,0x36,0x31,0x20,0x31,0x34,0x33,0x2e,0x31,0x35,0x2c,0x32,
  0x34,0x36,0x2e,0x31,0x39,0x20,0x31,0x34,0x35,0x2e,0x32,0x32,0x33,0x2c,0x32,0x34,
  0x34,0x2e,0x33,0x36,0x43,0x31,0x35,0x30,0x2e,0x32,0x32,0x35,0x2c,0x32,0x33,0x39,
  0x2e,0x39,0x34,0x33,0x20,0x31,0x35,0x31,0x2e,0x31,0x32,0x31,0x2c,0x32,0x33,0x31,
  0x2e,0x36,0x37,0x32,0x20,0x31,0x35,0x31,0x2e,0x32,0x35,0x31,0x2c,0x32,0x33,0x30,
  0x2e,0x34,0x36,0x37,0x43,0x31,0x35,0x31,0x2e,0x35,0x32,0x39,0x2c,0x32,0x32,0x37,
  0x2e,0x39,0x20,0x31,0x35,0x33,0x2e,0x39,0x31,0x32,0x2c,0x32,0x32,0x33,0x2e,0x38,
  0x36,0x37,0x20,0x31,0x34,0x35,0x2e,0x37,0x37,0x31,0x2c,0x32,0x30,0x31,0x2e,0x33,
  0x38,0x37,0x43,0x31,0x34,0x35,0x2e,0x30,0x38,0x37,0x2c,0x31,0x39,0x39,0x2e,0x34,
  0x39,0x39,0x20,0x31,0x34,0x30,0x2e,0x35,0x39,0x36,0x2c,0x31,0x38,0x37,0x2e,0x30,
  0x39,0x36,0x20,0x31,0x33,0x35,0x2e,0x38,0x30,0x35,0x2c,0x31,0x37,0x38,0x2e,0x33,
  0x35,0x31,0x43,0x31,0x33,0x32,0x2e,0x30,0x30,0x39,0x2c,0x31,0x37,0x31,0x2e,0x34,
  0x32,0x32,0x20,0x31,0x33,0x31,0x2e,0x30,0x32,0x38,0x2c,0x31,0x35,0x36,0x2e,0x37,
  0x31,0x33,0x20,0x31,0x30,0x38,0x2e,0x35,0x39,0x36,0x2c,0x31,0x35,0x30,0x2e,0x32,
  0x32,0x35,0x43,0x31,0x30,0x31,0x2e,0x38,0x34,0x39,0x2c,0x31,0x34,0x38,0x2e,0x32,
  0x37,0x34,0x20,0x38,0x31,0x2e,0x30,0x38,0x2c,0x31,0x34,0x39,0x2e,0x31,0x31,0x35,
  0x20,0x36,0x37,0x2e,0x36,0x32,0x32,0x2c,0x31,0x36,0x32,0x2e,0x36,0x32,0x34,0x43,
  0x36,0x32,0x2e,0x32,0x36,0x2c,0x31,0x36,0x38,0x2e,0x30,0x30,0x35,0x20,0x36,0x31,
  0x2e,0x36,0x38,0x2c,0x31,0x36,0x37,0x2e,0x35,0x36,0x38,0x20,0x35,0x38,0x2e,0x35,
  0x38,0x32,0x2c,0x31,0x37,0x34,0x2e,0x35,0x35,0x37,0x43,0x35,0x37,0x2e,0x33,0x33,
  0x31,0x2c,0x31,0x37,0x37,0x2e,0x33,0x37,0x39,0x20,0x35,0x35,0x2e,0x37,0x34,0x35,
  0x2c,0x31,0x37,0x34,0x2e,0x30,0x31,0x37,0x20,0x35,0x33,0x2e,0x33,0x36,0x33,0x2c,
  0x31,0x37,0x31,0x2e,0x36,0x33,0x31,0x43,0x35,0x30,0x2e,0x32,0x37,0x36,0x2c,0x31,
  0x36,0x38,0x2e,0x35,0x33,0x37,0x20,0x33,0x35,0x2e,0x39,0x35,0x37,0x2c,0x31,0x34,
  0x36,0x2e,0x37,0x33,0x39,0x20,0x35,0x33,0x2e,0x33,0x34,0x32,0x2c,0x31,0x32,0x39,
  0x2e,0x33,0x34,0x35,0x43,0x37,0x35,0x2e,0x35,0x36,0x32,0x2c,0x31,0x30,0x37,0x2e,
  0x31,0x31,0x35,0x20,0x31,0x31,0x32,0x2e,0x31,0x33,0x34,0x2c,0x31,0x33,0x30,0x2e,
  0x31,0x20,0x31,0x32,0x30,0x2e,0x39,0x38,0x39,0x2c,0x31,0x34,0x36,0x2e,0x30,0x38,
  0x36,0x43,0x31,0x32,0x31,0x2e,0x37,0x31,0x33,0x2c,0x31,0x34,0x37,0x2e,0x33,0x39,
  0x34,0x20,0x31,0x32,0x32,0x2e,0x37,0x36,0x33,0x2c,0x31,0x34,0x38,0x2e,0x38,0x31,
  0x34,0x20,0x31,0x32,0x32,0x2e,0x39,0x33,0x31,0x2c,0x31,0x34,0x39,0x2e,0x30,0x34,
  0x32,0x43,0x31,0x32,0x33,0x2e,0x37,0x31,0x34,0x2c,0x31,0x35,0x30,0x2e,0x31,0x30,
  0x31,0x20,0x31,0x32,0x33,0x2e,0x38,0x37,0x35,0x2c,0x31,0x34,0x39,0x2e,0x39,0x38,
  0x33,0x20,0x31,0x32,0x35,0x2e,0x30,0x37,0x35,0x2c,0x31,0x34,0x39,0x2e,0x34,0x34,
  0x31,0x5a,0x22,0x20,0x73,0x74,0x79,0x6c,0x65,0x3d,0x22,0x66,0x69,0x6c,0x6c,0x2d,
  0x6f,0x70,0x61,0x63,0x69,0x74,0x79,0x3a,0x31,0x3b,0x22,0x2f,0x3e,0xa,0x20,0x20,
  0x20,0x20,0x20,0x20,0x20,0x20,0x20,0x20,0x20,0x20,0x3c,0x70,0x61,0x74,0x68,0x20,
  0x64,0x3d,0x22,0x4d,0x33,0x30,0x32,0x2e,0x33,0x35,0x36,0x2c,0x31,0x30,0x34,0x2e,
  0x31,0x30,0x33,0x43,0x33,0x31,0x34,0x2e,0x35,0x33,0x32,0x2c,0x37,0x38,0x2e,0x37,
  0x38,0x38,0x20,0x33,0x33,0x31,0x2e,0x32,0x30,0x38,0x2c,0x37,0x36,0x2e,0x34,0x38,
  0x32,0x20,0x33,0x34,0x31,0x2e,0x34,0x38,0x36,0x2c,0x37,0x33,0x2e,0x34,0x36,0x43,
  0x33,0x34,0x35,0x2e,0x35,0x32,0x34,0x2c,0x37,0x32,0x2e,0x32,0x37,0x33,0x20,0x33,
  0x37,0x38,0x2e,0x37,0x31,0x35,0x2c,0x36,0x37,0x2e,0x39,0x36,0x36,0x20,0x33,0x39,
  0x34,0x2e,0x39,0x30,0x36,0x2c,0x39,0x36,0x2e,0x32,0x38,0x43,0x34,0x30,0x38,0x2e,
  0x36,0x37,0x38,0x2c,0x31,0x32,0x30,0x2e,0x33,0x36,0x35,0x20,0x34,0x30,0x33,0x2e,
  0x39,0x33,0x38,0x2c,0x31,0x33,0x33,0x2e,0x34,0x36,0x39,0x20,0x34,0x30,0x34,0x2e,
  0x38,0x36,0x34,0x2c,0x32,0x31,0x38,0x2e,0x34,0x39,0x33,0x43,0x34,0x30,0x35,0x2e,
  0x30,0x38,0x32,0x2c,0x32,0x33,0x38,0x2e,0x35,0x34,0x37,0x20,0x34,0x31,0x35,0x2e,
  0x38,0x33,0x35,0x2c,0x32,0x34,0x35,0x2e,0x35,0x35,0x33,0x20,0x34,0x31,0x31,0x2e,
  0x34,0x33,0x33,0x2c,0x32,0x34,0x36,0x2e,0x30,0x34,0x34,0x43,0x34,0x30,0x39,0x2e,
  0x34,0x39,0x39,0x2c,0x32,0x34,0x36,0x2e,0x32,0x35,0x39,0x20,0x33,0x34,0x37,0x2e,
  0x39,0x38,0x2c,0x32,0x34,0x35,0x2e,0x39,0x38,0x36,0x20,0x33,0x34,0x32,0x2e,0x34,
  0x36,0x32,0x2c,0x32,0x34,0x35,0x2e,0x39,0x36,0x32,0x43,0x33,0x33,0x37,0x2e,0x33,
  0x35,0x35,0x2c,0x32,0x34,0x35,0x2e,0x39,0x33,0x39,0x20,0x33,0x34,0x34,0x2e,0x36,
  0x35,0x39,0x2c,0x32,0x34,0x30,0x2e,0x32,0x36,0x34,0x20,0x33,0x34,0x37,0x2e,0x30,
  0x37,0x36,0x2c,0x32,0x32,0x37,0x2e,0x34,0x34,0x38,0x43,0x33,0x34,0x39,0x2e,0x32,
  0x36,0x35,0x2c,0x32,0x31,0x35,0x2e,0x38,0x33,0x38,0x20,0x33,0x34,0x37,0x2e,0x39,
  0x33,0x33,0x2c,0x31,0x32,0x37,0x2e,0x31,0x37,0x35,0x20,0x33,0x34,0x37,0x2e,0x37,
  0x37,0x37,0x2c,0x31,0x32,0x36,0x2e,0x34,0x31,0x43,0x33,0x34,0x36,0x2e,0x38,0x32,
  0x35,0x2c,0x31,0x32,0x31,0x2e,0x37,0x33,0x33,0x20,0x33,0x34,0x33,0x2e,0x38,0x34,
  0x39,0x2c,0x39,0x36,0x2e,0x32,0x31,0x36,0x20,0x33,0x32,0x32,0x2e,0x35,0x31,0x38,
  0x2c,0x39,0x37,0x2e,0x38,0x38,0x34,0x43,0x33,0x31,0x39,0x2e,0x34,0x37,0x33,0x2c,
  0x39,0x38,0x2e,0x31,0x32,0x32,0x20,0x33,0x30,0x32,0x2e,0x30,0x38,0x38,0x2c,0x31,
  0x30,0x32,0x2e,0x33,0x30,0x31,0x20,0x33,0x30,0x31,0x2e,0x39,0x30,0x39,0x2c,0x31,
  0x33,0x36,0x2e,0x35,0x30,0x31,0x43,0x33,0x30,0x31,0x2e,0x34,0x38,0x39,0x2c,0x32,
  0x31,0x36,0x2e,0x37,0x32,0x34,0x20,0x33,0x30,0x31,0x2e,0x38,0x30,0x33,0x2c,0x32,
  0x31,0x38,0x2e,0x35,0x34,0x36,0x20,0x33,0x30,0x33,0x2e,0x30,0x31,0x32,0x2c,0x32,
  0x32,0x35,0x2e,0x35,0x36,0x39,0x43,0x33,0x30,0x35,0x2e,0x31,0x30,0x36,0x2c,0x32,
  0x33,0x37,0x2e,0x37,0x32,0x39,0x20,0x33,0x30,0x38,0x2e,0x32,0x33,0x32,0x2c,0x32,
  0x34,0x31,0x2e,0x36,0x33,0x37,0x20,0x33,0x30,0x39,0x2e,0x31,0x34,0x35,0x2c,0x32,
  0x34,0x32,0x2e,0x37,0x37,0x39,0x43,0x33,0x31,0x30,0x2e,0x33,0x34,0x33,0x2c,0x32,
  0x34,0x34,0x2e,0x32,0x37,0x37,0x20,0x33,0x30,0x39,0x2e,0x39,0x36,0x39,0x2c,0x32,
  0x34,0x36,0x2e,0x30,0x30,0x38,0x20,0x33,0x30,0x39,0x2e,0x34,0x31,0x2c,0x32,0x34,
  0x36,0x2e,0x30,0x37,0x32,0x43,0x33,0x30,0x34,0x2e,0x30,0x31,0x32,0x2c,0x32,0x34,
  0x36,0x2e,0x36,0x38,0x38,0x20,0x33,0x30,0x34,0x2e,0x30,0x33,0x36,0x2c,0x32,0x34,
  0x35,0x2e,0x36,0x34,0x37,0x20,0x32,0x34,0x31,0x2e,0x34,0x39,0x39,0x2c,0x32,0x34,
  0x35,0x2e,0x39,0x34,0x37,0x43,0x32,0x33,0x39,0x2e,0x33,0x39,0x39,0x2c,0x32,0x34,
  0x35,0x2e,0x39,0x35,0x37,0x20,0x32,0x33,0x36,0x2e,0x38,0x32,0x37,0x2c,0x32,0x34,
  0x36,0x2e,0x34,0x38,0x20,0x32,0x33,0x38,0x2e,0x37,0x39,0x35,0x2c,0x32,0x34,0x32,
  0x2e,0x36,0x35,0x34,0x43,0x32,0x34,0x36,0x2e,0x38,0x34,0x31,0x2c,0x32,0x32,0x37,
  0x2e,0x30,0x30,0x39,0x20,0x32,0x34,0x36,0x2e,0x30,0x36,0x39,0x2c,0x32,0x32,0x36,
  0x2e,0x32,0x30,0x38,0x20,0x32,0x34,0x36,0x2e,0x30,0x35,0x2c,0x31,0x32,0x39,0x2e,
  0x35,0x43,0x32,0x34,0x36,0x2e,0x30,0x34,0x33,0x2c,0x39,0x33,0x2e,0x36,0x31,0x34,
  0x20,0x32,0x33,0x32,0x2e,0x33,0x34,0x2c,0x39,0x30,0x2e,0x34,0x34,0x34,0x20,0x32,
  0x33,0x39,0x2e,0x34,0x34,0x32,0x2c,0x38,0x39,0x2e,0x32,0x32,0x36,0x43,0x32,0x34,
  0x31,0x2e,0x36,0x34,0x33,0x2c,0x38,0x38,0x2e,0x38,0x34,0x39,0x20,0x32,0x34,0x31,
  0x2e,0x35,0x36,0x31,0x2c,0x38,0x38,0x2e,0x35,0x37,0x39,0x20,0x32,0x36,0x36,0x2e,
  0x34,0x33,0x36,0x2c,0x38,0x32,0x2e,0x31,0x30,0x35,0x43,0x32,0x37,0x35,0x2e,0x35,
  0x39,0x31,0x2c,0x37,0x39,0x2e,0x37,0x32,0x32,0x20,0x32,0x38,0x34,0x2e,0x38,0x38,
  0x39,0x2c,0x37,0x36,0x2e,0x39,0x33,0x37,0x20,0x32,0x38,0x36,0x2e,0x34,0x38,0x35,
  0x2c,0x37,0x36,0x2e,0x34,0x35,0x39,0x43,0x33,0x30,0x31,0x2e,0x31,0x32,0x34,0x2c,
  0x37,0x32,0x2e,0x30,0x37,0x34,0x20,0x33,0x30,0x31,0x2e,0x37,0x39,0x31,0x2c,0x37,
  0x32,0x2e,0x33,0x35,0x20,0x33,0x30,0x32,0x2e,0x30,0x33,0x37,0x2c,0x37,0x33,0x2e,
  0x35,0x39,0x43,0x33,0x30,0x32,0x2e,0x34,0x38,0x31,0x2c,0x37,0x35,0x2e,0x38,0x32,
  0x37,0x20,0x33,0x30,0x31,0x2e,0x38,0x32,0x31,0x2c,0x31,0x30,0x30,0x2e,0x30,0x36,
  0x36,0x20,0x33,0x30,0x31,0x2e,0x37,0x35,0x38,0x2c,0x31,0x30,0x32,0x2e,0x33,0x36,
  0x38,0x43,0x33,0x30,0x31,0x2e,0x37,0x33,0x32,0x2c,0x31,0x30,0x33,0x2e,0x33,0x32,
  0x39,0x20,0x33,0x30,0x32,0x2e,0x30,0x34,0x34,0x2c,0x31,0x30,0x33,0x2e,0x31,0x39,
  0x39,0x20,0x33,0x30,0x32,0x2e,0x33,0x35,0x36,0x2c,0x31,0x30,0x34,0x2e,0x31,0x30,
  0x33,0x5a,0x22,0x20,0x73,0x74,0x79,0x6c,0x65,0x3d,0x22,0x66,0x69,0x6c,0x6c,0x2d,
  0x6f,0x70,0x61,0x63,0x69,0x74,0x79,0x3a,0x31,0x3b,0x22,0x2f,0x3e,0xa,0x20,0x20,
  0x20,0x20,0x20,0x20,0x20,0x20,0x20,0x20,0x20,0x20,0x3c,0x70,0x61,0x74,0x68,0x20,
  0x64,0x3d,0x22,0x4d,0x36,0x34,0x38,0x2e,0x32,0x36,0x33,0x2c,0x37,0x39,0x2e,0x36,
  0x37,0x38,0x43,0x36,0x33,0x32,0x2e,0x34,0x31,0x35,0x2c,0x37,0x34,0x2e,0x36,0x30,
  0x33,0x20,0x36,0x31,0x33,0x2e,0x37,0x37,0x37,0x2c,0x39,0x37,0x2e,0x34,0x34,0x36,
  0x20,0x36,0x30,0x39,0x2e,0x32,0x33,0x31,0x2c,0x31,0x31,0x30,0x2e,0x33,0x39,0x43,
  0x35,0x39,0x38,0x2e,0x37,0x37,0x38,0x2c,0x31,0x34,0x30,0x2e,0x31,0x35,0x35,0x20,
  0x36,0x30,0x30,0x2e,0x34,0x31,0x33,0x2c,0x31,0x35,0x33,0x2e,0x35,0x34,0x32,0x20,
  0x35,0x39,0x39,0x2e,0x37,0x33,0x37,0x2c,0x31,0x35,0x37,0x2e,0x35,0x32,0x39,0x43,
  0x35,0x39,0x38,0x2e,0x36,0x35,0x39,0x2c,0x31,0x36,0x33,0x2e,0x38,0x38,0x37,0x20,
  0x35,0x39,0x37,0x2e,0x36,0x32,0x34,0x2c,0x32,0x31,0x36,0x2e,0x37,0x31,0x33,0x20,
  0x36,0x30,0x30,0x2e,0x35,0x33,0x36,0x2c,0x32,0x32,0x38,0x2e,0x34,0x38,0x38,0x43,
  0x36,0x30,0x30,0x2e,0x38,0x36,0x35,0x2c,0x32,0x32,0x39,0x2e,0x38,0x31,0x35,0x20,
  0x36,0x30,0x33,0x2e,0x36,0x34,0x34,0x2c,0x32,0x34,0x31,0x2e,0x30,0x35,0x32,0x20,
  0x36,0x30,0x36,0x2e,0x37,0x39,0x2c,0x32,0x34,0x34,0x2e,0x33,0x39,0x33,0x43,0x36,
  0x30,0x36,0x2e,0x38,0x38,0x37,0x2c,0x32,0x34,0x34,0x2e,0x34,0x39,0x36,0x20,0x36,
  0x30,0x38,0x2e,0x32,0x30,0x35,0x2c,0x32,0x34,0x35,0x2e,0x38,0x39,0x36,0x20,0x36,
  0x30,0x36,0x2e,0x34,0x31,0x38,0x2c,0x32,0x34,0x36,0x2e,0x31,0x32,0x43,0x36,0x30,
  0x31,0x2e,0x38,0x32,0x31,0x2c,0x32,0x34,0x36,0x2e,0x36,0x39,0x38,0x20,0x36,0x30,
  0x31,0x2e,0x38,0x32,0x38,0x2c,0x32,0x34,0x35,0x2e,0x39,0x34,0x36,0x20,0x35,0x34,
  0x38,0x2e,0x35,0x2c,0x32,0x34,0x35,0x2e,0x39,0x34,0x36,0x43,0x35,0x34,0x33,0x2e,
  0x36,0x35,0x37,0x2c,0x32,0x34,0x35,0x2e,0x39,0x34,0x36,0x20,0x35,0x33,0x32,0x2e,
  0x32,0x32,0x39,0x2c,0x32,0x34,0x36,0x2e,0x39,0x31,0x38,0x20,0x35,0x33,0x34,0x2e,
  0x38,0x31,0x39,0x2c,0x32,0x34,0x33,0x2e,0x37,0x33,0x37,0x43,0x35,0x34,0x31,0x2e,
  0x38,0x30,0x34,0x2c,0x32,0x33,0x35,0x2e,0x31,0x36,0x31,0x20,0x35,0x34,0x32,0x2e,
  0x31,0x33,0x2c,0x32,0x32,0x30,0x2e,0x35,0x39,0x37,0x20,0x35,0x34,0x32,0x2e,0x31,
  0x37,0x37,0x2c,0x32,0x31,0x38,0x2e,0x34,0x39,0x34,0x43,0x35,0x34,0x32,0x2e,0x33,
  0x33,0x36,0x2c,0x32,0x31,0x31,0x2e,0x33,0x39,0x39,0x20,0x35,0x34,0x33,0x2e,0x30,
  0x33,0x34,0x2c,0x32,0x31,0x31,0x2e,0x35,0x31,0x35,0x20,0x35,0x34,0x33,0x2e,0x30,
  0x33,0x35,0x2c,0x32,0x30,0x34,0x2e,0x35,0x43,0x35,0x34,0x33,0x2e,0x30,0x34,0x37,
  0x2c,0x31,0x31,0x35,0x2e,0x39,0x31,0x34,0x20,0x35,0x34,0x34,0x2e,0x31,0x32,0x33,
  0x2c,0x31,0x30,0x34,0x2e,0x39,0x31,0x20,0x35,0x33,0x34,0x2e,0x38,0x35,0x31,0x2c,
  0x39,0x32,0x2e,0x32,0x33,0x39,0x43,0x35,0x33,0x32,0x2e,0x36,0x31,0x39,0x2c,0x38,
  0x39,0x2e,0x31,0x38,0x38,0x20,0x35,0x33,0x37,0x2e,0x35,0x39,0x37,0x2c,0x38,0x39,
  0x2e,0x33,0x31,0x37,0x20,0x35,0x35,0x30,0x2e,0x34,0x38,0x35,0x2c,0x38,0x35,0x2e,
  0x34,0x35,0x38,0x43,0x35,0x35,0x31,0x2e,0x33,0x35,0x32,0x2c,0x38,0x35,0x2e,0x31,
  0x39,0x38,0x20,0x35,0x38,0x32,0x2e,0x35,0x31,0x32,0x2c,0x37,0x36,0x2e,0x39,0x39,
  0x37,0x20,0x35,0x39,0x30,0x2e,0x34,0x38,0x37,0x2c,0x37,0x34,0x2e,0x34,0x36,0x35,
  0x43,0x35,0x39,0x38,0x2e,0x33,0x34,0x31,0x2c,0x37,0x31,0x2e,0x39,0x37,0x32,0x20,
  0x35,0x39,0x38,0x2e,0x37,0x30,0x31,0x2c,0x37,0x32,0x2e,0x36,0x39,0x34,0x20,0x35,
  0x39,0x38,0x2e,0x38,0x35,0x32,0x2c,0x37,0x33,0x2e,0x33,0x35,0x32,0x43,0x35,0x39,
  0x39,0x2e,0x33,0x31,0x32,0x2c,0x37,0x35,0x2e,0x33,0x37,0x20,0x35,0x39,0x37,0x2e,
  0x37,0x36,0x32,0x2c,0x31,0x30,0x37,0x2e,0x33,0x39,0x35,0x20,0x36,0x30,0x30,0x2e,
  0x32,0x33,0x36,0x2c,0x39,0x39,0x2e,0x31,0x39,0x37,0x43,0x36,0x30,0x30,0x2e,0x37,
  0x39,0x31,0x2c,0x39,0x37,0x2e,0x33,0x36,0x20,0x36,0x31,0x31,0x2e,0x37,0x36,0x35,
  0x2c,0x37,0x39,0x2e,0x30,0x35,0x31,0x20,0x36,0x33,0x31,0x2e,0x34,0x33,0x38,0x2c,
  0x37,0x34,0x2e,0x31,0x31,0x34,0x43,0x36,0x37,0x36,0x2e,0x36,0x36,0x36,0x2c,0x36,
  0x32,0x2e,0x37,0x36,0x33,0x20,0x36,0x38,0x39,0x2e,0x35,0x36,0x35,0x2c,0x31,0x31,
  0x37,0x2e,0x31,0x37,0x36,0x20,0x36,0x36,0x31,0x2e,0x33,0x35,0x2c,0x31,0x33,0x31,
  0x2e,0x32,0x30,0x37,0x43,0x36,0x33,0x36,0x2e,0x35,0x34,0x34,0x2c,0x31,0x34,0x33,
  0x2e,0x35,0x34,0x31,0x20,0x36,0x31,0x30,0x2e,0x39,0x33,0x32,0x2c,0x31,0x31,0x34,
  0x2e,0x38,0x37,0x31,0x20,0x36,0x32,0x36,0x2e,0x38,0x35,0x39,0x2c,0x39,0x30,0x2e,
  0x38,0x30,0x33,0x43,0x36,0x33,0x32,0x2e,0x31,0x32,0x31,0x2c,0x38,0x32,0x2e,0x38,
  0x35,0x31,0x20,0x36,0x34,0x30,0x2e,0x39,0x37,0x35,0x2c,0x38,0x31,0x2e,0x35,0x33,
  0x34,0x20,0x36,0x34,0x32,0x2e,0x34,0x31,0x37,0x2c,0x38,0x31,0x2e,0x33,0x32,0x43,
  0x36,0x34,0x35,0x2e,0x35,0x30,0x39,0x2c,0x38,0x30,0x2e,0x38,0x35,0x39,0x20,0x36,
  0x34,0x35,0x2e,0x37,0x39,0x39,0x2c,0x38,0x31,0x2e,0x36,0x39,0x32,0x20,0x36,0x34,
  0x38,0x2e,0x32,0x36,0x33,0x2c,0x37,0x39,0x2e,0x36,0x37,0x38,0x5a,0x22,0x20,0x73,
  0x74,0x79,0x6c,0x65,0x3d,0x22,0x66,0x69,0x6c,0x6c,0x2d,0x6f,0x70,0x61,0x63,0x69,
  0x74,0x79,0x3a,0x31,0x3b,0x22,0x2f,0x3e,0xa,0x20,0x20,0x20,0x20,0x20,0x20,0x20,
  0x20,0x20,0x20,0x20,0x20,0x3c,0x70,0x61,0x74,0x68,0x20,0x64,0x3d,0x22,0x4d,0x34,
  0x38,0x31,0x2e,0x36,0x30,0x34,0x2c,0x32,0x34,0x30,0x2e,0x38,0x30,0x31,0x43,0x34,
  0x38,0x31,0x2e,0x38,0x31,0x36,0x2c,0x32,0x34,0x30,0x2e,0x38,0x37,0x37,0x20,0x34,
  0x38,0x34,0x2e,0x34,0x31,0x38,0x2c,0x32,0x34,0x31,0x2e,0x38,0x30,0x33,0x20,0x34,
  0x38,0x34,0x2e,0x34,0x30,0x38,0x2c,0x32,0x34,0x30,0x2e,0x35,0x32,0x35,0x43,0x34,
  0x38,0x34,0x2e,0x34,0x30,0x33,0x2c,0x32,0x33,0x39,0x2e,0x38,0x35,0x37,0x20,0x34,
  0x38,0x32,0x2e,0x33,0x38,0x33,0x2c,0x32,0x33,0x39,0x2e,0x30,0x32,0x31,0x20,0x34,
  0x38,0x32,0x2e,0x31,0x38,0x2c,0x32,0x33,0x38,0x2e,0x39,0x33,0x37,0x43,0x34,0x38,
  0x30,0x2e,0x38,0x36,0x33,0x2c,0x32,0x33,0x38,0x2e,0x33,0x39,0x32,0x20,0x34,0x37,
  0x33,0x2e,0x34,0x38,0x37,0x2c,0x32,0x33,0x35,0x2e,0x33,0x34,0x20,0x34,0x37,0x30,
  0x2e,0x34,0x37,0x34,0x2c,0x32,0x32,0x35,0x2e,0x35,0x31,0x43,0x34,0x37,0x30,0x2e,
  0x34,0x30,0x33,0x2c,0x32,0x32,0x35,0x2e,0x32,0x37,0x39,0x20,0x34,0x36,0x39,0x2e,
  0x35,0x33,0x2c,0x32,0x31,0x36,0x2e,0x35,0x33,0x35,0x20,0x34,0x36,0x39,0x2e,0x35,
  0x33,0x35,0x2c,0x32,0x31,0x36,0x2e,0x35,0x30,0x37,0x43,0x34,0x37,0x30,0x2e,0x37,
  0x36,0x31,0x2c,0x32,0x30,0x39,0x2e,0x32,0x31,0x38,0x20,0x34,0x36,0x39,0x2e,0x39,
  0x32,0x34,0x2c,0x32,0x30,0x35,0x2e,0x34,0x33,0x31,0x20,0x34,0x37,0x38,0x2e,0x37,
  0x39,0x39,0x2c,0x31,0x39,0x36,0x2e,0x38,0x30,0x37,0x43,0x34,0x38,0x37,0x2e,0x33,
  0x33,0x37,0x2c,0x31,0x38,0x38,0x2e,0x35,0x31,0x20,0x35,0x30,0x30,0x2e,0x35,0x34,
  0x33,0x2c,0x31,0x39,0x30,0x2e,0x32,0x31,0x32,0x20,0x35,0x30,0x34,0x2e,0x35,0x31,
  0x38,0x2c,0x31,0x39,0x31,0x2e,0x34,0x35,0x31,0x43,0x35,0x32,0x31,0x2e,0x35,0x2c,
  0x31,0x39,0x36,0x2e,0x37,0x34,0x33,0x20,0x35,0x32,0x32,0x2e,0x37,0x36,0x37,0x2c,
  0x32,0x31,0x30,0x2e,0x35,0x34,0x32,0x20,0x35,0x32,0x33,0x2e,0x32,0x32,0x32,0x2c,
  0x32,0x31,0x32,0x2e,0x35,0x39,0x32,0x43,0x35,0x32,0x35,0x2e,0x35,0x37,0x31,0x2c,
  0x32,0x32,0x33,0x2e,0x31,0x37,0x32,0x20,0x35,0x32,0x30,0x2e,0x38,0x38,0x32,0x2c,
  0x32,0x33,0x36,0x2e,0x35,0x30,0x35,0x20,0x35,0x30,0x39,0x2e,0x37,0x31,0x39,0x2c,
  0x32,0x34,0x32,0x2e,0x39,0x30,0x39,0x43,0x34,0x38,0x38,0x2e,0x36,0x31,0x31,0x2c,
  0x32,0x35,0x35,0x2e,0x30,0x31,0x38,0x20,0x34,0x36,0x35,0x2e,0x37,0x30,0x38,0x2c,
  0x32,0x34,0x33,0x2e,0x35,0x37,0x35,0x20,0x34,0x36,0x32,0x2e,0x33,0x31,0x35,0x2c,
  0x32,0x34,0x31,0x2e,0x38,0x38,0x43,0x34,0x34,0x34,0x2e,0x38,0x36,0x31,0x2c,0x32,
  0x33,0x33,0x2e,0x31,0x35,0x39,0x20,0x34,0x33,0x38,0x2e,0x37,0x34,0x2c,0x32,0x31,
  0x34,0x2e,0x33,0x37,0x35,0x20,0x34,0x33,0x37,0x2e,0x37,0x37,0x2c,0x32,0x31,0x31,
  0x2e,0x33,0x39,0x38,0x43,0x34,0x33,0x33,0x2e,0x35,0x30,0x39,0x2c,0x31,0x39,0x38,
  0x2e,0x33,0x32,0x31,0x20,0x34,0x33,0x35,0x2e,0x38,0x32,0x2c,0x31,0x39,0x36,0x2e,
  0x32,0x39,0x39,0x20,0x34,0x33,0x34,0x2e,0x37,0x37,0x33,0x2c,0x31,0x39,0x32,0x2e,
  0x34,0x31,0x38,0x43,0x34,0x33,0x33,0x2e,0x35,0x34,0x35,0x2c,0x31,0x38,0x37,0x2e,
  0x38,0x36,0x34,0x20,0x34,0x33,0x34,0x2e,0x35,0x34,0x34,0x2c,0x39,0x37,0x2e,0x39,
  0x39,0x32,0x20,0x34,0x33,0x34,0x2e,0x32,0x31,0x34,0x2c,0x38,0x35,0x2e,0x35,0x33,
  0x33,0x43,0x34,0x33,0x34,0x2e,0x31,0x33,0x35,0x2c,0x38,0x32,0x2e,0x35,0x36,0x37,
  0x20,0x34,0x31,0x39,0x2e,0x35,0x36,0x31,0x2c,0x38,0x34,0x2e,0x33,0x35,0x34,0x20,
  0x34,0x31,0x37,0x2e,0x33,0x39,0x33,0x2c,0x38,0x33,0x2e,0x38,0x30,0x36,0x43,0x34,
  0x31,0x35,0x2e,0x38,0x35,0x33,0x2c,0x38,0x33,0x2e,0x34,0x31,0x37,0x20,0x34,0x31,
  0x36,0x2e,0x32,0x31,0x33,0x2c,0x37,0x36,0x2e,0x31,0x30,0x34,0x20,0x34,0x31,0x36,
  0x2e,0x32,0x34,0x36,0x2c,0x37,0x35,0x2e,0x34,0x32,0x39,0x43,0x34,0x31,0x36,0x2e,
  0x33,0x35,0x38,0x2c,0x37,0x33,0x2e,0x31,0x34,0x38,0x20,0x34,0x31,0x39,0x2e,0x31,
  0x38,0x31,0x2c,0x37,0x35,0x2e,0x34,0x32,0x31,0x20,0x34,0x32,0x38,0x2e,0x34,0x35,
  0x34,0x2c,0x37,0x33,0x2e,0x32,0x33,0x43,0x34,0x33,0x30,0x2e,0x33,0x31,0x2c,0x37,
  0x32,0x2e,0x37,0x39,0x32,0x20,0x34,0x34,0x34,0x2e,0x37,0x38,0x36,0x2c,0x36,0x39,
  0x2e,0x33,0x37,0x32,0x20,0x34,0x35,0x30,0x2e,0x37,0x38,0x2c,0x36,0x34,0x2e,0x38,
  0x36,0x43,0x34,0x35,0x36,0x2e,0x33,0x37,0x36,0x2c,0x36,0x30,0x2e,0x36,0x34,0x38,
  0x20,0x34,0x35,0x38,0x2e,0x33,0x35,0x37,0x2c,0x36,0x33,0x2e,0x33,0x33,0x36,0x20,
  0x34,0x37,0x37,0x2e,0x33,0x37,0x31,0x2c,0x34,0x34,0x2e,0x33,0x37,0x35,0x43,0x34,
  0x38,0x37,0x2e,0x30,0x30,0x34,0x2c,0x33,0x34,0x2e,0x37,0x36,0x38,0x20,0x34,0x39,
  0x31,0x2e,0x33,0x36,0x31,0x2c,0x32,0x33,0x2e,0x33,0x20,0x34,0x39,0x30,0x2e,0x39,
  0x38,0x33,0x2c,0x33,0x30,0x2e,0x33,0x38,0x35,0x43,0x34,0x39,0x30,0x2e,0x38,0x32,
  0x36,0x2c,0x33,0x33,0x2e,0x33,0x32,0x39,0x20,0x34,0x39,0x30,0x2e,0x37,0x38,0x34,
  0x2c,0x37,0x32,0x2e,0x38,0x38,0x33,0x20,0x34,0x39,0x30,0x2e,0x39,0x38,0x39,0x2c,
  0x37,0x33,0x2e,0x33,0x33,0x39,0x43,0x34,0x39,0x31,0x2e,0x37,0x37,0x34,0x2c,0x37,
  0x35,0x2e,0x30,0x38,0x37,0x20,0x35,0x31,0x36,0x2e,0x30,0x36,0x33,0x2c,0x37,0x33,
  0x2e,0x39,0x33,0x34,0x20,0x35,0x32,0x32,0x2e,0x35,0x36,0x34,0x2c,0x37,0x34,0x2e,
  0x32,0x35,0x35,0x43,0x35,0x32,0x34,0x2e,0x35,0x32,0x39,0x2c,0x37,0x34,0x2e,0x33,
  0x35,0x32,0x20,0x35,0x32,0x33,0x2e,0x38,0x35,0x39,0x2c,0x38,0x32,0x2e,0x33,0x32,
  0x31,0x20,0x35,0x32,0x33,0x2e,0x38,0x2c,0x38,0x32,0x2e,0x35,0x38,0x32,0x43,0x35,
  0x32,0x33,0x2e,0x31,0x31,0x34,0x2c,0x38,0x35,0x2e,0x36,0x34,0x32,0x20,0x34,0x39,
  0x33,0x2e,0x32,0x35,0x37,0x2c,0x38,0x32,0x2e,0x36,0x32,0x38,0x20,0x34,0x39,0x31,
  0x2e,0x34,0x31,0x35,0x2c,0x38,0x34,0x2e,0x34,0x31,0x34,0x43,0x34,0x39,0x30,0x2e,
  0x32,0x30,0x36,0x2c,0x38,0x35,0x2e,0x35,0x38,0x37,0x20,0x34,0x39,0x31,0x2e,0x32,
  0x31,0x33,0x2c,0x31,0x36,0x38,0x2e,0x39,0x39,0x37,0x20,0x34,0x39,0x30,0x2e,0x38,
  0x32,0x36,0x2c,0x31,0x37,0x37,0x2e,0x35,0x35,0x31,0x43,0x34,0x39,0x30,0x2e,0x36,
  0x32,0x2c,0x31,0x38,0x32,0x2e,0x30,0x39,0x35,0x20,0x34,0x38,0x31,0x2e,0x33,0x33,
  0x2c,0x31,0x37,0x36,0x2e,0x39,0x31,0x38,0x20,0x34,0x36,0x37,0x2e,0x36,0x32,0x36,
  0x2c,0x31,0x39,0x30,0x2e,0x36,0x32,0x37,0x43,0x34,0x35,0x37,0x2e,0x35,0x35,0x36,
  0x2c,0x32,0x30,0x30,0x2e,0x37,0x20,0x34,0x35,0x37,0x2e,0x35,0x32,0x35,0x2c,0x32,
  0x31,0x36,0x2e,0x32,0x32,0x39,0x20,0x34,0x36,0x30,0x2e,0x38,0x39,0x38,0x2c,0x32,
  0x32,0x33,0x2e,0x33,0x32,0x43,0x34,0x36,0x37,0x2e,0x38,0x38,0x35,0x2c,0x32,0x33,
  0x38,0x2e,0x30,0x30,0x36,0x20,0x34,0x37,0x37,0x2e,0x39,0x36,0x35,0x2c,0x32,0x33,
  0x39,0x2e,0x33,0x39,0x36,0x20,0x34,0x38,0x31,0x2e,0x36,0x30,0x34,0x2c,0x32,0x34,
  0x30,0x2e,0x38,0x30,0x31,0x5a,0x22,0x20,0x73,0x74,0x79,0x6c,0x65,0x3d,0x22,0x66,
  0x69,0x6c,0x6c,0x2d,0x6f,0x70,0x61,0x63,0x69,0x74,0x79,0x3a,0x31,0x3b,0x22,0x2f,
  0x3e,0xa,0x20,0x20,0x20,0x20,0x20,0x20,0x20,0x20,0x3c,0x2f,0x67,0x3e,0xa,0x20,
  0x20,0x20,0x20,0x3c,0x2f,0x67,0x3e,0xa,0x20,0x20,0x20,0x20,0x3c,0x67,0x20,0x69,
  0x64,0x3d,0x22,0x50,0x72,0x61,0x6e,0x63,0x68,0x65,0x74,0x61,0x32,0x22,0x20,0x74,
  0x72,0x61,0x6e,0x73,0x66,0x6f,0x72,0x6d,0x3d,0x22,0x6d,0x61,0x74,0x72,0x69,0x78,
  0x28,0x31,0x2c,0x30,0x2c,0x30,0x2c,0x31,0x2c,0x33,0x36,0x2e,0x33,0x31,0x39,0x38,
  0x33,0x39,0x2c,0x35,0x31,0x2e,0x39,0x30,0x31,0x31,0x32,0x38,0x29,0x22,0x3e,0xa,
  0x20,0x20,0x20,0x20,0x20,0x20,0x20,0x20,0x3c,0x72,0x65,0x63,0x74,0x20,0x78,0x3d,
  0x22,0x2d,0x33,0x36,0x2e,0x33,0x32,0x22,0x20,0x79,0x3d,0x22,0x2d,0x35,0x31,0x2e,
  0x39,0x30,0x31,0x22,0x20,0x77,0x69,0x64,0x74,0x68,0x3d,0x22,0x31,0x32,0x30,0x37,
  0x2e,0x35,0x34,0x36,0x22,0x20,0x68,0x65,0x69,0x67,0x68,0x74,0x3d,0x22,0x33,0x38,
  0x32,0x2e,0x35,0x36,0x38,0x22,0x20,0x73,0x74,0x79,0x6c,0x65,0x3d,0x22,0x66,0x69,
  0x6c,0x6c,0x3a,0x6e,0x6f,0x6e,0x65,0x3b,0x22,0x2f,0x3e,0xa,0x20,0x20,0x20,0x20,
  0x20,0x20,0x20,0x20,0x3c,0x67,0x20,0x69,0x64,0x3d,0x22,0x49,0x4d,0x47,0x5f,0x30,
  0x38,0x32,0x39,0x2e,0x50,0x4e,0x47,0x22,0x20,0x74,0x72,0x61,0x6e,0x73,0x66,0x6f,
  0x72,0x6d,0x3d,0x22,0x6d,0x61,0x74,0x72,0x69,0x78,0x28,0x31,0x2c,0x30,0x2c,0x30,
  0x2c,0x31,0x2c,0x38,0x34,0x38,0x2e,0x36,0x38,0x30,0x31,0x36,0x31,0x2c,0x31,0x38,
  0x2e,0x30,0x39,0x38,0x38,0x37,0x32,0x29,0x22,0x3e,0xa,0x20,0x20,0x20,0x20,0x20,
  0x20,0x20,0x20,0x20,0x20,0x20,0x20,0x3c,0x70,0x61,0x74,0x68,0x20,0x64,0x3d,0x22,
  0x4d,0x33,0x38,0x2e,0x30,0x33,0x37,0x2c,0x31,0x35,0x30,0x2e,0x34,0x38,0x43,0x33,
  0x38,0x2e,0x31,0x30,0x31,0x2c,0x31,0x34,0x34,0x2e,0x30,0x30,0x31,0x20,0x33,0x36,
  0x2e,0x32,0x31,0x37,0x2c,0x31,0x33,0x30,0x2e,0x37,0x35,0x38,0x20,0x34,0x34,0x2e,
  0x30,0x33,0x38,0x2c,0x31,0x34,0x30,0x2e,0x38,0x35,0x39,0x43,0x35,0x37,0x2e,0x39,
  0x35,0x31,0x2c,0x31,0x35,0x38,0x2e,0x38,0x32,0x38,0x20,0x36,0x31,0x2e,0x36,0x31,
  0x34,0x2c,0x31,0x37,0x33,0x2e,0x34,0x38,0x20,0x36,0x32,0x2e,0x30,0x38,0x35,0x2c,
  0x31,0x37,0x34,0x2e,0x36,0x39,0x35,0x43,0x36,0x37,0x2e,0x31,0x36,0x31,0x2c,0x31,
  0x38,0x37,0x2e,0x37,0x38,0x32,0x20,0x36,0x33,0x2e,0x32,0x39,0x37,0x2c,0x31,0x37,
  0x31,0x2e,0x38,0x33,0x36,0x20,0x36,0x33,0x2e,0x32,0x30,0x38,0x2c,0x31,0x37,0x31,
  0x2e,0x35,0x38,0x37,0x43,0x34,0x37,0x2e,0x30,0x39,0x35,0x2c,0x31,0x32,0x36,0x2e,
  0x35,0x34,0x34,0x20,0x36,0x36,0x2e,0x36,0x39,0x38,0x2c,0x37,0x31,0x2e,0x30,0x35,
  0x34,0x20,0x31,0x30,0x31,0x2e,0x37,0x2c,0x33,0x34,0x2e,0x36,0x39,0x36,0x43,0x31,
  0x32,0x34,0x2e,0x33,0x32,0x2c,0x31,0x31,0x2e,0x32,0x20,0x31,0x35,0x30,0x2e,0x31,
  0x37,0x38,0x2c,0x32,0x2e,0x30,0x32,0x39,0x20,0x31,0x35,0x31,0x2e,0x35,0x33,0x36,
  0x2c,0x32,0x2e,0x30,0x36,0x39,0x43,0x31,0x35,0x38,0x2e,0x39,0x35,0x39,0x2c,0x32,
  0x2e,0x32,0x38,0x37,0x20,0x31,0x33,0x39,0x2e,0x38,0x33,0x36,0x2c,0x37,0x2e,0x34,
  0x32,0x36,0x20,0x31,0x34,0x37,0x2e,0x30,0x31,0x34,0x2c,0x34,0x30,0x2e,0x35,0x37,
  0x43,0x31,0x35,0x33,0x2e,0x30,0x37,0x33,0x2c,0x36,0x38,0x2e,0x35,0x34,0x35,0x20,
  0x31,0x36,0x38,0x2e,0x33,0x37,0x2c,0x36,0x35,0x2e,0x32,0x31,0x31,0x20,0x31,0x37,
  0x37,0x2e,0x32,0x32,0x32,0x2c,0x39,0x39,0x2e,0x35,0x37,0x31,0x43,0x32,0x30,0x30,
  0x2e,0x33,0x33,0x37,0x2c,0x31,0x38,0x39,0x2e,0x32,0x39,0x34,0x20,0x39,0x39,0x2e,
  0x31,0x36,0x37,0x2c,0x32,0x33,0x39,0x2e,0x36,0x33,0x36,0x20,0x33,0x37,0x2e,0x34,
  0x36,0x33,0x2c,0x32,0x34,0x35,0x2e,0x30,0x35,0x32,0x43,0x39,0x2e,0x38,0x32,0x34,
  0x2c,0x32,0x34,0x37,0x2e,0x34,0x37,0x37,0x20,0x39,0x2e,0x39,0x31,0x38,0x2c,0x32,
  0x34,0x38,0x2e,0x32,0x36,0x37,0x20,0x37,0x2e,0x35,0x30,0x38,0x2c,0x32,0x34,0x38,
  0x2e,0x33,0x35,0x35,0x43,0x2d,0x30,0x2e,0x38,0x38,0x35,0x2c,0x32,0x34,0x38,0x2e,
  0x36,0x36,0x32,0x20,0x31,0x37,0x2e,0x39,0x32,0x2c,0x32,0x34,0x33,0x2e,0x34,0x34,
  0x33,0x20,0x31,0x39,0x2e,0x36,0x32,0x35,0x2c,0x32,0x34,0x32,0x2e,0x38,0x33,0x43,
  0x39,0x33,0x2e,0x38,0x36,0x38,0x2c,0x32,0x31,0x36,0x2e,0x31,0x35,0x31,0x20,0x31,
  0x31,0x37,0x2e,0x32,0x39,0x33,0x2c,0x31,0x37,0x32,0x2e,0x37,0x31,0x32,0x20,0x31,
  0x31,0x37,0x2e,0x32,0x35,0x34,0x2c,0x31,0x36,0x36,0x2e,0x35,0x31,0x31,0x43,0x31,
  0x31,0x37,0x2e,0x32,0x35,0x31,0x2c,0x31,0x36,0x36,0x2e,0x30,0x34,0x31,0x20,0x31,
  0x31,0x35,0x2e,0x35,0x36,0x35,0x2c,0x31,0x36,0x33,0x2e,0x30,0x33,0x39,0x20,0x31,
  0x31,0x32,0x2e,0x30,0x35,0x2c,0x31,0x36,0x39,0x2e,0x32,0x36,0x33,0x43,0x31,0x30,
  0x39,0x2e,0x35,0x37,0x39,0x2c,0x31,0x37,0x33,0x2e,0x36,0x33,0x39,0x20,0x39,0x37,
  0x2e,0x34,0x33,0x33,0x2c,0x31,0x39,0x35,0x2e,0x31,0x34,0x37,0x20,0x36,0x38,0x2e,
  0x35,0x38,0x31,0x2c,0x32,0x31,0x34,0x2e,0x36,0x31,0x37,0x43,0x33,0x34,0x2e,0x39,
  0x31,0x2c,0x32,0x33,0x37,0x2e,0x33,0x34,0x20,0x31,0x38,0x2e,0x37,0x33,0x31,0x2c,
  0x32,0x33,0x39,0x2e,0x32,0x38,0x33,0x20,0x36,0x2e,0x34,0x35,0x33,0x2c,0x32,0x34,
  0x34,0x2e,0x33,0x33,0x36,0x43,0x2d,0x31,0x2e,0x35,0x30,0x33,0x2c,0x32,0x34,0x37,
  0x2e,0x36,0x31,0x31,0x20,0x37,0x2e,0x34,0x31,0x37,0x2c,0x32,0x34,0x30,0x2e,0x35,
  0x32,0x37,0x20,0x39,0x2e,0x30,0x39,0x39,0x2c,0x32,0x33,0x38,0x2e,0x31,0x39,0x34,
  0x43,0x31,0x32,0x2e,0x33,0x33,0x39,0x2c,0x32,0x33,0x33,0x2e,0x37,0x30,0x33,0x20,
  0x33,0x32,0x2e,0x38,0x34,0x39,0x2c,0x32,0x30,0x36,0x2e,0x38,0x32,0x32,0x20,0x33,
  0x38,0x2e,0x30,0x33,0x37,0x2c,0x31,0x35,0x30,0x2e,0x34,0x38,0x5a,0x22,0x2f,0x3e,
  0xa,0x20,0x20,0x20,0x20,0x20,0x20,0x20,0x20,0x3c,0x2f,0x67,0x3e,0xa,0x20,0x20,
  0x20,0x20,0x3c,0x2f,0x67,0x3e,0xa,0x3c,0x2f,0x73,0x76,0x67,0x3e,0xa,
    // AntroVerde.svg
  0x0,0x0,0x1e,0xfc,
  0x3c,
  0x3f,0x78,0x6d,0x6c,0x20,0x76,0x65,0x72,0x73,0x69,0x6f,0x6e,0x3d,0x22,0x31,0x2e,
  0x30,0x22,0x20,0x65,0x6e,0x63,0x6f,0x64,0x69,0x6e,0x67,0x3d,0x22,0x55,0x54,0x46,
  0x2d,0x38,0x22,0x20,0x73,0x74,0x61,0x6e,0x64,0x61,0x6c,0x6f,0x6e,0x65,0x3d,0x22,
  0x6e,0x6f,0x22,0x3f,0x3e,0xa,0x3c,0x21,0x44,0x4f,0x43,0x54,0x59,0x50,0x45,0x20,
  0x73,0x76,0x67,0x20,0x50,0x55,0x42,0x4c,0x49,0x43,0x20,0x22,0x2d,0x2f,0x2f,0x57,
  0x33,0x43,0x2f,0x2f,0x44,0x54,0x44,0x20,0x53,0x56,0x47,0x20,0x31,0x2e,0x31,0x2f,
  0x2f,0x45,0x4e,0x22,0x20,0x22,0x68,0x74,0x74,0x70,0x3a,0x2f,0x2f,0x77,0x77,0x77,
  0x2e,0x77,0x33,0x2e,0x6f,0x72,0x67,0x2f,0x47,0x72,0x61,0x70,0x68,0x69,0x63,0x73,
  0x2f,0x53,0x56,0x47,0x2f,0x31,0x2e,0x31,0x2f,0x44,0x54,0x44,0x2f,0x73,0x76,0x67,
  0x31,0x31,0x2e,0x64,0x74,0x64,0x22,0x3e,0xa,0x3c,0x73,0x76,0x67,0x20,0x77,0x69,
  0x64,0x74,0x68,0x3d,0x22,0x31,0x30,0x30,0x25,0x22,0x20,0x68,0x65,0x69,0x67,0x68,
  0x74,0x3d,0x22,0x31,0x30,0x30,0x25,0x22,0x20,0x76,0x69,0x65,0x77,0x42,0x6f,0x78,
  0x3d,0x22,0x30,0x20,0x30,0x20,0x31,0x32,0x30,0x38,0x20,0x33,0x38,0x33,0x22,0x20,
  0x76,0x65,0x72,0x73,0x69,0x6f,0x6e,0x3d,0x22,0x31,0x2e,0x31,0x22,0x20,0x78,0x6d,
  0x6c,0x6e,0x73,0x3d,0x22,0x68,0x74,0x74,0x70,0x3a,0x2f,0x2f,0x77,0x77,0x77,0x2e,
  0x77,0x33,0x2e,0x6f,0x72,0x67,0x2f,0x32,0x30,0x30,0x30,0x2f,0x73,0x76,0x67,0x22,
  0x20,0x78,0x6d,0x6c,0x6e,0x73,0x3a,0x78,0x6c,0x69,0x6e,0x6b,0x3d,0x22,0x68,0x74,
  0x74,0x70,0x3a,0x2f,0x2f,0x77,0x77,0x77,0x2e,0x77,0x33,0x2e,0x6f,0x72,0x67,0x2f,
  0x31,0x39,0x39,0x39,0x2f,0x78,0x6c,0x69,0x6e,0x6b,0x22,0x20,0x78,0x6d,0x6c,0x3a,
  0x73,0x70,0x61,0x63,0x65,0x3d,0x22,0x70,0x72,0x65,0x73,0x65,0x72,0x76,0x65,0x22,
  0x20,0x78,0x6d,0x6c,0x6e,0x73,0x3a,0x61,0x66,0x66,0x69,0x6e,0x69,0x74,0x79,0x3d,
  0x22,0x68,0x74,0x74,0x70,0x73,0x3a,0x2f,0x2f,0x77,0x77,0x77,0x2e,0x61,0x66,0x66,
  0x69,0x6e,0x69,0x74,0x79,0x2e,0x73,0x74,0x75,0x64,0x69,0x6f,0x2f,0x22,0x20,0x73,
  0x74,0x79,0x6c,0x65,0x3d,0x22,0x66,0x69,0x6c,0x6c,0x2d,0x72,0x75,0x6c,0x65,0x3a,
  0x65,0x76,0x65,0x6e,0x6f,0x64,0x64,0x3b,0x63,0x6c,0x69,0x70,0x2d,0x72,0x75,0x6c,
  0x65,0x3a,0x65,0x76,0x65,0x6e,0x6f,0x64,0x64,0x3b,0x73,0x74,0x72,0x6f,0x6b,0x65,
  0x2d,0x6c,0x69,0x6e,0x65,0x6a,0x6f,0x69,0x6e,0x3a,0x72,0x6f,0x75,0x6e,0x64,0x3b,
  0x73,0x74,0x72,0x6f,0x6b,0x65,0x2d,0x6d,0x69,0x74,0x65,0x72,0x6c,0x69,0x6d,0x69,
  0x74,0x3a,0x32,0x3b,0x22,0x3e,0xa,0x20,0x20,0x20,0x20,0x3c,0x67,0x20,0x69,0x64,
  0x3d,0x22,0x50,0x72,0x61,0x6e,0x63,0x68,0x65,0x74,0x61,0x31,0x22,0x20,0x74,0x72,
  0x61,0x6e,0x73,0x66,0x6f,0x72,0x6d,0x3d,0x22,0x6d,0x61,0x74,0x72,0x69,0x78,0x28,
  0x31,0x2c,0x30,0x2c,0x30,0x2c,0x31,0x2c,0x2d,0x36,0x30,0x38,0x2e,0x31,0x38,0x34,
  0x36,0x34,0x32,0x2c,0x2d,0x31,0x34,0x34,0x32,0x2e,0x34,0x39,0x39,0x30,0x36,0x34,
  0x29,0x22,0x3e,0xa,0x20,0x20,0x20,0x20,0x20,0x20,0x20,0x20,0x3c,0x72,0x65,0x63,
  0x74,0x20,0x78,0x3d,0x22,0x36,0x35,0x38,0x2e,0x31,0x38,0x35,0x22,0x20,0x79,0x3d,
  0x22,0x31,0x34,0x39,0x32,0x2e,0x34,0x39,0x39,0x22,0x20,0x77,0x69,0x64,0x74,0x68,
  0x3d,0x22,0x38,0x34,0x37,0x2e,0x31,0x31,0x38,0x22,0x20,0x68,0x65,0x69,0x67,0x68,
  0x74,0x3d,0x22,0x32,0x39,0x39,0x2e,0x30,0x33,0x32,0x22,0x20,0x73,0x74,0x79,0x6c,
  0x65,0x3d,0x22,0x66,0x69,0x6c,0x6c,0x3a,0x6e,0x6f,0x6e,0x65,0x3b,0x22,0x2f,0x3e,
  0xa,0x20,0x20,0x20,0x20,0x20,0x20,0x20,0x20,0x3c,0x67,0x20,0x74,0x72,0x61,0x6e,
  0x73,0x66,0x6f,0x72,0x6d,0x3d,0x22,0x6d,0x61,0x74,0x72,0x69,0x78,0x28,0x31,0x2c,
  0x30,0x2c,0x30,0x2c,0x31,0x2c,0x36,0x35,0x36,0x2e,0x31,0x38,0x34,0x36,0x34,0x32,
  0x2c,0x31,0x35,0x30,0x36,0x2e,0x34,0x39,0x39,0x30,0x36,0x34,0x29,0x22,0x3e,0xa,
  0x20,0x20,0x20,0x20,0x20,0x20,0x20,0x20,0x20,0x20,0x20,0x20,0x3c,0x70,0x61,0x74,
  0x68,0x20,0x64,0x3d,0x22,0x4d,0x37,0x36,0x33,0x2e,0x34,0x39,0x38,0x2c,0x32,0x34,
  0x37,0x2e,0x39,0x36,0x31,0x43,0x37,0x35,0x30,0x2e,0x39,0x34,0x31,0x2c,0x32,0x34,
  0x37,0x2e,0x38,0x37,0x31,0x20,0x37,0x35,0x30,0x2e,0x39,0x35,0x37,0x2c,0x32,0x34,
  0x38,0x2e,0x30,0x34,0x37,0x20,0x37,0x34,0x30,0x2e,0x34,0x34,0x35,0x2c,0x32,0x34,
  0x35,0x2e,0x39,0x31,0x36,0x43,0x37,0x33,0x37,0x2e,0x33,0x31,0x2c,0x32,0x34,0x35,
  0x2e,0x32,0x38,0x20,0x37,0x31,0x37,0x2e,0x35,0x39,0x35,0x2c,0x32,0x34,0x31,0x2e,
  0x32,0x38,0x34,0x20,0x37,0x30,0x34,0x2e,0x33,0x38,0x35,0x2c,0x32,0x32,0x38,0x2e,
  0x36,0x32,0x31,0x43,0x36,0x36,0x32,0x2e,0x36,0x39,0x36,0x2c,0x31,0x38,0x38,0x2e,
  0x36,0x35,0x39,0x20,0x36,0x37,0x37,0x2e,0x34,0x35,0x31,0x2c,0x31,0x32,0x30,0x2e,
  0x31,0x34,0x37,0x20,0x36,0x39,0x38,0x2e,0x33,0x37,0x36,0x2c,0x39,0x38,0x2e,0x33,
  0x38,0x35,0x43,0x37,0x31,0x30,0x2e,0x39,0x36,0x31,0x2c,0x38,0x35,0x2e,0x32,0x39,
  0x37,0x20,0x37,0x31,0x32,0x2e,0x34,0x38,0x31,0x2c,0x38,0x37,0x2e,0x32,0x30,0x31,
  0x20,0x37,0x31,0x37,0x2e,0x33,0x36,0x2c,0x38,0x33,0x2e,0x33,0x31,0x32,0x43,0x37,
  0x32,0x37,0x2e,0x36,0x35,0x31,0x2c,0x37,0x35,0x2e,0x31,0x31,0x20,0x37,0x36,0x30,
  0x2e,0x38,0x37,0x31,0x2c,0x37,0x31,0x2e,0x33,0x37,0x32,0x20,0x37,0x36,0x36,0x2e,
  0x35,0x32,0x33,0x2c,0x37,0x32,0x2e,0x32,0x37,0x38,0x43,0x37,0x37,0x39,0x2e,0x33,
  0x32,0x39,0x2c,0x37,0x34,0x2e,0x33,0x33,0x31,0x20,0x37,0x37,0x39,0x2e,0x34,0x32,
  0x33,0x2c,0x37,0x33,0x2e,0x31,0x38,0x36,0x20,0x37,0x38,0x30,0x2e,0x35,0x30,0x39,
  0x2c,0x37,0x33,0x2e,0x34,0x37,0x33,0x43,0x37,0x39,0x31,0x2e,0x33,0x39,0x37,0x2c,
  0x37,0x36,0x2e,0x33,0x35,0x34,0x20,0x37,0x39,0x32,0x2e,0x32,0x32,0x36,0x2c,0x37,
  0x33,0x2e,0x38,0x32,0x39,0x20,0x38,0x31,0x31,0x2e,0x33,0x34,0x36,0x2c,0x38,0x33,
  0x2e,0x37,0x39,0x34,0x43,0x38,0x32,0x37,0x2e,0x33,0x32,0x39,0x2c,0x39,0x32,0x2e,
  0x31,0x32,0x34,0x20,0x38,0x33,0x39,0x2e,0x32,0x34,0x35,0x2c,0x31,0x30,0x39,0x2e,
  0x39,0x31,0x38,0x20,0x38,0x34,0x33,0x2e,0x35,0x34,0x31,0x2c,0x31,0x32,0x32,0x2e,
  0x34,0x38,0x33,0x43,0x38,0x35,0x34,0x2e,0x39,0x30,0x31,0x2c,0x31,0x35,0x35,0x2e,
  0x37,0x31,0x33,0x20,0x38,0x34,0x37,0x2e,0x39,0x36,0x2c,0x31,0x38,0x34,0x2e,0x31,
  0x34,0x35,0x20,0x38,0x34,0x34,0x2e,0x35,0x34,0x34,0x2c,0x31,0x39,0x35,0x2e,0x35,
  0x31,0x37,0x43,0x38,0x34,0x30,0x2e,0x31,0x35,0x2c,0x32,0x31,0x30,0x2e,0x31,0x34,
  0x35,0x20,0x38,0x32,0x38,0x2e,0x32,0x38,0x38,0x2c,0x32,0x32,0x34,0x2e,0x30,0x32,
  0x31,0x20,0x38,0x32,0x36,0x2e,0x36,0x31,0x36,0x2c,0x32,0x32,0x35,0x2e,0x36,0x32,
  0x31,0x43,0x38,0x32,0x35,0x2e,0x38,0x33,0x39,0x2c,0x32,0x32,0x36,0x2e,0x33,0x36,
  0x35,0x20,0x38,0x32,0x30,0x2e,0x39,0x31,0x33,0x2c,0x32,0x33,0x31,0x2e,0x30,0x38,
  0x33,0x20,0x38,0x31,0x36,0x2e,0x32,0x31,0x32,0x2c,0x32,0x33,0x34,0x2e,0x31,0x34,
  0x33,0x43,0x37,0x39,0x32,0x2e,0x31,0x34,0x33,0x2c,0x32,0x34,0x39,0x2e,0x38,0x31,
  0x20,0x37,0x36,0x38,0x2e,0x36,0x36,0x35,0x2c,0x32,0x34,0x37,0x2e,0x39,0x39,0x20,
  0x37,0x36,0x33,0x2e,0x34,0x39,0x38,0x2c,0x32,0x34,0x37,0x2e,0x39,0x36,0x31,0x5a,
  0x4d,0x37,0x33,0x32,0x2e,0x39,0x35,0x35,0x2c,0x31,0x34,0x33,0x2e,0x34,0x39,0x33,
  0x43,0x37,0x33,0x32,0x2e,0x38,0x38,0x39,0x2c,0x31,0x32,0x35,0x2e,0x37,0x32,0x33,
  0x20,0x37,0x33,0x33,0x2e,0x38,0x37,0x33,0x2c,0x31,0x32,0x35,0x2e,0x38,0x35,0x35,
  0x20,0x37,0x33,0x34,0x2e,0x38,0x37,0x36,0x2c,0x31,0x31,0x31,0x2e,0x35,0x32,0x33,
  0x43,0x37,0x33,0x35,0x2e,0x31,0x31,0x38,0x2c,0x31,0x30,0x38,0x2e,0x30,0x37,0x20,
  0x37,0x33,0x39,0x2e,0x37,0x32,0x31,0x2c,0x39,0x33,0x2e,0x38,0x39,0x33,0x20,0x37,
  0x34,0x30,0x2e,0x36,0x38,0x35,0x2c,0x39,0x32,0x2e,0x36,0x33,0x31,0x43,0x37,0x34,
  0x34,0x2e,0x34,0x36,0x37,0x2c,0x38,0x37,0x2e,0x36,0x38,0x32,0x20,0x37,0x34,0x33,
  0x2e,0x36,0x37,0x35,0x2c,0x38,0x35,0x2e,0x31,0x39,0x35,0x20,0x37,0x34,0x39,0x2e,
  0x33,0x34,0x34,0x2c,0x38,0x32,0x2e,0x32,0x30,0x31,0x43,0x37,0x35,0x30,0x2e,0x34,
  0x31,0x2c,0x38,0x31,0x2e,0x36,0x33,0x38,0x20,0x37,0x35,0x37,0x2e,0x34,0x37,0x2c,
  0x37,0x37,0x2e,0x39,0x31,0x20,0x37,0x36,0x34,0x2e,0x33,0x34,0x33,0x2c,0x38,0x33,
  0x2e,0x36,0x38,0x38,0x43,0x37,0x38,0x38,0x2e,0x30,0x36,0x38,0x2c,0x31,0x30,0x33,
  0x2e,0x36,0x33,0x36,0x20,0x37,0x39,0x33,0x2e,0x39,0x35,0x36,0x2c,0x31,0x35,0x34,
  0x2e,0x36,0x35,0x34,0x20,0x37,0x39,0x34,0x2e,0x31,0x34,0x31,0x2c,0x31,0x36,0x38,
  0x2e,0x35,0x30,0x37,0x43,0x37,0x39,0x34,0x2e,0x33,0x33,0x39,0x2c,0x31,0x38,0x33,
  0x2e,0x33,0x30,0x35,0x20,0x37,0x39,0x34,0x2e,0x39,0x35,0x37,0x2c,0x31,0x38,0x33,
  0x2e,0x32,0x38,0x32,0x20,0x37,0x39,0x34,0x2e,0x37,0x37,0x32,0x2c,0x31,0x38,0x34,
  0x2e,0x35,0x35,0x33,0x43,0x37,0x39,0x32,0x2e,0x37,0x37,0x37,0x2c,0x31,0x39,0x38,
  0x2e,0x32,0x38,0x31,0x20,0x37,0x39,0x36,0x2e,0x32,0x38,0x37,0x2c,0x32,0x30,0x38,
  0x2e,0x39,0x35,0x33,0x20,0x37,0x38,0x35,0x2e,0x31,0x31,0x37,0x2c,0x32,0x33,0x31,
  0x2e,0x33,0x30,0x39,0x43,0x37,0x37,0x38,0x2e,0x32,0x35,0x31,0x2c,0x32,0x34,0x35,
  0x2e,0x30,0x35,0x31,0x20,0x37,0x36,0x33,0x2e,0x39,0x36,0x37,0x2c,0x32,0x34,0x33,
  0x2e,0x32,0x38,0x36,0x20,0x37,0x35,0x32,0x2e,0x38,0x39,0x33,0x2c,0x32,0x32,0x34,
  0x2e,0x32,0x38,0x43,0x37,0x33,0x34,0x2e,0x36,0x36,0x32,0x2c,0x31,0x39,0x32,0x2e,
  0x39,0x39,0x33,0x20,0x37,0x33,0x35,0x2e,0x30,0x30,0x32,0x2c,0x31,0x35,0x39,0x2e,
  0x31,0x37,0x37,0x20,0x37,0x33,0x32,0x2e,0x39,0x35,0x35,0x2c,0x31,0x34,0x33,0x2e,
  0x34,0x39,0x33,0x5a,0x22,0x20,0x73,0x74,0x79,0x6c,0x65,0x3d,0x22,0x66,0x69,0x6c,
  0x6c,0x3a,0x72,0x67,0x62,0x28,0x31,0x33,0x33,0x2c,0x31,0x35,0x35,0x2c,0x31,0x31,
  0x36,0x29,0x3b,0x66,0x69,0x6c,0x6c,0x2d,0x6f,0x70,0x61,0x63,0x69,0x74,0x79,0x3a,
  0x31,0x3b,0x22,0x2f,0x3e,0xa,0x20,0x20,0x20,0x20,0x20,0x20,0x20,0x20,0x20,0x20,
  0x20,0x20,0x3c,0x70,0x61,0x74,0x68,0x20,0x64,0x3d,0x22,0x4d,0x31,0x32,0x35,0x2e,
  0x30,0x37,0x35,0x2c,0x31,0x34,0x39,0x2e,0x34,0x34,0x31,0x43,0x31,0x32,0x31,0x2e,
  0x37,0x37,0x38,0x2c,0x31,0x34,0x32,0x2e,0x32,0x30,0x32,0x20,0x31,0x31,0x39,0x2e,
  0x35,0x37,0x33,0x2c,0x31,0x33,0x39,0x2e,0x37,0x31,0x33,0x20,0x31,0x31,0x35,0x2e,
  0x37,0x38,0x31,0x2c,0x31,0x32,0x39,0x2e,0x33,0x38,0x33,0x43,0x31,0x30,0x39,0x2e,
  0x34,0x32,0x36,0x2c,0x31,0x31,0x32,0x2e,0x30,0x37,0x20,0x31,0x30,0x38,0x2e,0x31,
  0x33,0x34,0x2c,0x31,0x31,0x32,0x2e,0x36,0x35,0x39,0x20,0x31,0x30,0x31,0x2e,0x37,
  0x38,0x2c,0x39,0x35,0x2e,0x33,0x38,0x33,0x43,0x31,0x30,0x30,0x2e,0x38,0x34,0x38,
  0x2c,0x39,0x32,0x2e,0x38,0x35,0x20,0x39,0x35,0x2e,0x30,0x37,0x36,0x2c,0x37,0x39,
  0x2e,0x37,0x33,0x33,0x20,0x39,0x32,0x2e,0x37,0x37,0x34,0x2c,0x37,0x33,0x2e,0x33,
  0x38,0x36,0x43,0x39,0x30,0x2e,0x30,0x33,0x32,0x2c,0x36,0x35,0x2e,0x38,0x32,0x38,
  0x20,0x37,0x39,0x2e,0x30,0x33,0x35,0x2c,0x34,0x30,0x2e,0x32,0x31,0x36,0x20,0x37,
  0x37,0x2e,0x38,0x30,0x33,0x2c,0x33,0x37,0x2e,0x33,0x34,0x37,0x43,0x37,0x34,0x2e,
  0x39,0x35,0x31,0x2c,0x33,0x30,0x2e,0x37,0x30,0x34,0x20,0x37,0x34,0x2e,0x30,0x33,
  0x34,0x2c,0x33,0x38,0x2e,0x38,0x32,0x32,0x20,0x37,0x33,0x2e,0x31,0x39,0x35,0x2c,
  0x34,0x30,0x2e,0x33,0x35,0x31,0x43,0x37,0x31,0x2e,0x37,0x31,0x2c,0x34,0x33,0x2e,
  0x30,0x35,0x37,0x20,0x34,0x34,0x2e,0x33,0x32,0x37,0x2c,0x31,0x30,0x37,0x2e,0x32,
  0x35,0x35,0x20,0x34,0x33,0x2e,0x35,0x33,0x38,0x2c,0x31,0x30,0x39,0x2e,0x35,0x31,
  0x36,0x43,0x33,0x39,0x2e,0x30,0x32,0x39,0x2c,0x31,0x32,0x32,0x2e,0x34,0x33,0x31,
  0x20,0x32,0x31,0x2e,0x33,0x30,0x36,0x2c,0x31,0x35,0x35,0x2e,0x32,0x33,0x36,0x20,
  0x34,0x32,0x2e,0x38,0x38,0x39,0x2c,0x31,0x39,0x32,0x2e,0x32,0x38,0x43,0x34,0x35,
  0x2e,0x38,0x38,0x33,0x2c,0x31,0x39,0x37,0x2e,0x34,0x31,0x37,0x20,0x35,0x35,0x2e,
  0x31,0x35,0x31,0x2c,0x32,0x30,0x36,0x2e,0x36,0x37,0x34,0x20,0x35,0x37,0x2e,0x37,
  0x33,0x33,0x2c,0x32,0x30,0x38,0x2e,0x31,0x30,0x31,0x43,0x36,0x37,0x2e,0x37,0x30,
  0x34,0x2c,0x32,0x31,0x33,0x2e,0x36,0x30,0x38,0x20,0x36,0x39,0x2e,0x39,0x33,0x36,
  0x2c,0x32,0x31,0x31,0x2e,0x38,0x36,0x37,0x20,0x36,0x39,0x2e,0x38,0x38,0x31,0x2c,
  0x32,0x31,0x35,0x2e,0x34,0x39,0x36,0x43,0x36,0x39,0x2e,0x33,0x36,0x32,0x2c,0x32,
  0x35,0x30,0x2e,0x33,0x35,0x33,0x20,0x32,0x38,0x2e,0x37,0x38,0x34,0x2c,0x32,0x35,
  0x38,0x2e,0x39,0x35,0x39,0x20,0x31,0x30,0x2e,0x37,0x36,0x31,0x2c,0x32,0x33,0x34,
  0x2e,0x33,0x33,0x34,0x43,0x2d,0x31,0x31,0x2e,0x32,0x33,0x37,0x2c,0x32,0x30,0x34,
  0x2e,0x32,0x37,0x35,0x20,0x31,0x32,0x2e,0x32,0x30,0x39,0x2c,0x31,0x36,0x32,0x2e,
  0x38,0x31,0x32,0x20,0x32,0x34,0x2e,0x38,0x30,0x34,0x2c,0x31,0x33,0x31,0x2e,0x36,
  0x35,0x43,0x32,0x35,0x2e,0x37,0x38,0x38,0x2c,0x31,0x32,0x39,0x2e,0x32,0x31,0x35,
  0x20,0x32,0x39,0x2e,0x36,0x33,0x36,0x2c,0x31,0x32,0x31,0x2e,0x32,0x30,0x34,0x20,
  0x33,0x30,0x2e,0x30,0x36,0x39,0x2c,0x31,0x32,0x30,0x2e,0x33,0x30,0x31,0x43,0x33,
  0x36,0x2e,0x36,0x36,0x36,0x2c,0x31,0x30,0x36,0x2e,0x35,0x36,0x36,0x20,0x33,0x35,
  0x2e,0x34,0x31,0x38,0x2c,0x31,0x30,0x36,0x2e,0x31,0x33,0x33,0x20,0x34,0x32,0x2e,
  0x30,0x38,0x33,0x2c,0x39,0x32,0x2e,0x33,0x30,0x38,0x43,0x34,0x32,0x2e,0x39,0x35,
  0x35,0x2c,0x39,0x30,0x2e,0x35,0x30,0x31,0x20,0x34,0x32,0x2e,0x30,0x35,0x38,0x2c,
  0x39,0x30,0x2e,0x31,0x34,0x35,0x20,0x35,0x32,0x2e,0x30,0x36,0x38,0x2c,0x36,0x39,
  0x2e,0x33,0x30,0x31,0x43,0x35,0x38,0x2e,0x38,0x34,0x32,0x2c,0x35,0x35,0x2e,0x31,
  0x39,0x32,0x20,0x37,0x32,0x2e,0x38,0x37,0x39,0x2c,0x31,0x34,0x2e,0x31,0x36,0x37,
  0x20,0x38,0x31,0x2e,0x32,0x35,0x31,0x2c,0x39,0x2e,0x31,0x30,0x33,0x43,0x38,0x34,
  0x2e,0x35,0x37,0x2c,0x37,0x2e,0x30,0x39,0x35,0x20,0x38,0x34,0x2e,0x31,0x39,0x38,
  0x2c,0x36,0x2e,0x36,0x36,0x39,0x20,0x38,0x37,0x2e,0x36,0x35,0x2c,0x34,0x2e,0x38,
  0x30,0x32,0x43,0x39,0x35,0x2e,0x33,0x37,0x35,0x2c,0x30,0x2e,0x36,0x32,0x32,0x20,
  0x31,0x31,0x35,0x2e,0x35,0x39,0x31,0x2c,0x32,0x2e,0x34,0x32,0x36,0x20,0x31,0x33,
  0x38,0x2e,0x35,0x30,0x31,0x2c,0x32,0x2e,0x30,0x39,0x32,0x43,0x31,0x33,0x38,0x2e,
  0x38,0x34,0x33,0x2c,0x32,0x2e,0x30,0x38,0x37,0x20,0x31,0x34,0x34,0x2e,0x31,0x31,
  0x39,0x2c,0x32,0x2e,0x30,0x31,0x20,0x31,0x34,0x32,0x2e,0x31,0x39,0x35,0x2c,0x34,
  0x2e,0x32,0x36,0x43,0x31,0x32,0x36,0x2e,0x31,0x39,0x33,0x2c,0x32,0x32,0x2e,0x39,
  0x37,0x38,0x20,0x31,0x34,0x34,0x2e,0x37,0x31,0x37,0x2c,0x34,0x36,0x2e,0x33,0x31,
  0x33,0x20,0x31,0x35,0x38,0x2e,0x32,0x32,0x35,0x2c,0x38,0x33,0x2e,0x36,0x31,0x34,
  0x43,0x31,0x35,0x38,0x2e,0x35,0x39,0x36,0x2c,0x38,0x34,0x2e,0x36,0x33,0x38,0x20,
  0x31,0x36,0x38,0x2e,0x32,0x37,0x32,0x2c,0x31,0x30,0x37,0x2e,0x32,0x31,0x34,0x20,
  0x31,0x37,0x30,0x2e,0x32,0x32,0x32,0x2c,0x31,0x31,0x32,0x2e,0x36,0x31,0x36,0x43,
  0x31,0x37,0x30,0x2e,0x39,0x38,0x31,0x2c,0x31,0x31,0x34,0x2e,0x37,0x31,0x36,0x20,
  0x31,0x37,0x34,0x2e,0x37,0x38,0x39,0x2c,0x31,0x32,0x32,0x2e,0x38,0x38,0x33,0x20,
  0x31,0x37,0x37,0x2e,0x32,0x32,0x34,0x2c,0x31,0x32,0x39,0x2e,0x36,0x31,0x35,0x43,
  0x31,0x38,0x31,0x2e,0x31,0x35,0x39,0x2c,0x31,0x34,0x30,0x2e,0x34,0x39,0x34,0x20,
  0x31,0x38,0x36,0x2e,0x36,0x37,0x36,0x2c,0x31,0x35,0x32,0x2e,0x35,0x30,0x37,0x20,
  0x31,0x38,0x37,0x2e,0x35,0x37,0x35,0x2c,0x31,0x35,0x34,0x2e,0x34,0x36,0x34,0x43,
  0x31,0x38,0x39,0x2e,0x31,0x36,0x32,0x2c,0x31,0x35,0x37,0x2e,0x39,0x32,0x20,0x32,
  0x30,0x39,0x2e,0x39,0x36,0x38,0x2c,0x32,0x30,0x39,0x2e,0x35,0x38,0x34,0x20,0x32,
  0x31,0x32,0x2e,0x31,0x39,0x35,0x2c,0x32,0x31,0x33,0x2e,0x36,0x34,0x39,0x43,0x32,
  0x31,0x33,0x2e,0x30,0x35,0x38,0x2c,0x32,0x31,0x35,0x2e,0x32,0x32,0x33,0x20,0x32,
  0x31,0x31,0x2e,0x39,0x35,0x33,0x2c,0x32,0x31,0x35,0x2e,0x36,0x35,0x37,0x20,0x32,
  0x32,0x30,0x2e,0x35,0x37,0x37,0x2c,0x32,0x33,0x34,0x2e,0x34,0x36,0x33,0x43,0x32,
  0x32,0x35,0x2e,0x34,0x33,0x2c,0x32,0x34,0x35,0x2e,0x30,0x34,0x36,0x20,0x32,0x32,
  0x34,0x2e,0x35,0x38,0x35,0x2c,0x32,0x34,0x35,0x2e,0x36,0x38,0x31,0x20,0x32,0x32,
  0x33,0x2e,0x36,0x36,0x33,0x2c,0x32,0x34,0x35,0x2e,0x39,0x30,0x31,0x43,0x32,0x32,
  0x33,0x2e,0x32,0x31,0x39,0x2c,0x32,0x34,0x36,0x2e,0x30,0x30,0x36,0x20,0x31,0x35,
  0x30,0x2e,0x32,0x39,0x37,0x2c,0x32,0x34,0x35,0x2e,0x39,0x31,0x36,0x20,0x31,0x34,
  0x39,0x2e,0x34,0x39,0x39,0x2c,0x32,0x34,0x35,0x2e,0x39,0x34,0x37,0x43,0x31,0x34,
  0x39,0x2e,0x31,0x33,0x35,0x2c,0x32,0x34,0x35,0x2e,0x39,0x36,0x31,0x20,0x31,0x34,
  0x33,0x2e,0x31,0x35,0x2c,0x32,0x34,0x36,0x2e,0x31,0x39,0x20,0x31,0x34,0x35,0x2e,
  0x32,0x32,0x33,0x2c,0x32,0x34,0x34,0x2e,0x33,0x36,0x43,0x31,0x35,0x30,0x2e,0x32,
  0x32,0x35,0x2c,0x32,0x33,0x39,0x2e,0x39,0x34,0x33,0x20,0x31,0x35,0x31,0x2e,0x31,
  0x32,0x31,0x2c,0x32,0x33,0x31,0x2e,0x36,0x37,0x32,0x20,0x31,0x35,0x31,0x2e,0x32,
  0x35,0x31,0x2c,0x32,0x33,0x30,0x2e,0x34,0x36,0x37,0x43,0x31,0x35,0x31,0x2e,0x35,
  0x32,0x39,0x2c,0x32,0x32,0x37,0x2e,0x39,0x20,0x31,0x35,0x33,0x2e,0x39,0x31,0x32,
  0x2c,0x32,0x32,0x33,0x2e,0x38,0x36,0x37,0x20,0x31,0x34,0x35,0x2e,0x37,0x37,0x31,
  0x2c,0x32,0x30,0x31,0x2e,0x33,0x38,0x37,0x43,0x31,0x34,0x35,0x2e,0x30,0x38,0x37,
  0x2c,0x31,0x39,0x39,0x2e,0x34,0x39,0x39,0x20,0x31,0x34,0x30,0x2e,0x35,0x39,0x36,
  0x2c,0x31,0x38,0x37,0x2e,0x30,0x39,0x36,0x20,0x31,0x33,0x35,0x2e,0x38,0x30,0x35,
  0x2c,0x31,0x37,0x38,0x2e,0x33,0x35,0x31,0x43,0x31,0x33,0x32,0x2e,0x30,0x30,0x39,
  0x2c,0x31,0x37,0x31,0x2e,0x34,0x32,0x32,0x20,0x31,0x33,0x31,0x2e,0x30,0x32,0x38,
  0x2c,0x31,0x35,0x36,0x2e,0x37,0x31,0x33,0x20,0x31,0x30,0x38,0x2e,0x35,0x39,0x36,
  0x2c,0x31,0x35,0x30,0x2e,0x32,0x32,0x35,0x43,0x31,0x30,0x31,0x2e,0x38,0x34,0x39,
  0x2c,0x31,0x34,0x38,0x2e,0x32,0x37,0x34,0x20,0x38,0x31,0x2e,0x30,0x38,0x2c,0x31,
  0x34,0x39,0x2e,0x31,0x31,0x35,0x20,0x36,0x37,0x2e,0x36,0x32,0x32,0x2c,0x31,0x36,
  0x32,0x2e,0x36,0x32,0x34,0x43,0x36,0x32,0x2e,0x32,0x36,0x2c,0x31,0x36,0x38,0x2e,
  0x30,0x30,0x35,0x20,0x36,0x31,0x2e,0x36,0x38,0x2c,0x31,0x36,0x37,0x2e,0x35,0x36,
  0x38,0x20,0x35,0x38,0x2e,0x35,0x38,0x32,0x2c,0x31,0x37,0x34,0x2e,0x35,0x35,0x37,
  0x43,0x35,0x37,0x2e,0x33,0x33,0x31,0x2c,0x31,0x37,0x37,0x2e,0x33,0x37,0x39,0x20,
  0x35,0x35,0x2e,0x37,0x34,0x35,0x2c,0x31,0x37,0x34,0x2e,0x30,0x31,0x37,0x20,0x35,
  0x33,0x2e,0x33,0x36,0x33,0x2c,0x31,0x37,0x31,0x2e,0x36,0x33,0x31,0x43,0x35,0x30,
  0x2e,0x32,0x37,0x36,0x2c,0x31,0x36,0x38,0x2e,0x35,0x33,0x37,0x20,0x33,0x35,0x2e,
  0x39,0x35,0x37,0x2c,0x31,0x34,0x36,0x2e,0x37,0x33,0x39,0x20,0x35,0x33,0x2e,0x33,
  0x34,0x32,0x2c,0x31,0x32,0x39,0x2e,0x33,0x34,0x35,0x43,0x37,0x35,0x2e,0x35,0x36,
  0x32,0x2c,0x31,0x30,0x37,0x2e,0x31,0x31,0x35,0x20,0x31,0x31,0x32,0x2e,0x31,0x33,
  0x34,0x2c,0x31,0x33,0x30,0x2e,0x31,0x20,0x31,0x32,0x30,0x2e,0x39,0x38,0x39,0x2c,
  0x31,0x34,0x36,0x2e,0x30,0x38,0x36,0x43,0x31,0x32,0x31,0x2e,0x37,0x31,0x33,0x2c,
  0x31,0x34,0x37,0x2e,0x33,0x39,0x34,0x20,0x31,0x32,0x32,0x2e,0x37,0x36,0x33,0x2c,
  0x31,0x34,0x38,0x2e,0x38,0x31,0x34,0x20,0x31,0x32,0x32,0x2e,0x39,0x33,0x31,0x2c,
  0x31,0x34,0x39,0x2e,0x30,0x34,0x32,0x43,0x31,0x32,0x33,0x2e,0x37,0x31,0x34,0x2c,
  0x31,0x35,0x30,0x2e,0x31,0x30,0x31,0x20,0x31,0x32,0x33,0x2e,0x38,0x37,0x35,0x2c,
  0x31,0x34,0x39,0x2e,0x39,0x38,0x33,0x20,0x31,0x32,0x35,0x2e,0x30,0x37,0x35,0x2c,
  0x31,0x34,0x39,0x2e,0x34,0x34,0x31,0x5a,0x22,0x20,0x73,0x74,0x79,0x6c,0x65,0x3d,
  0x22,0x66,0x69,0x6c,0x6c,0x3a,0x72,0x67,0x62,0x28,0x31,0x33,0x33,0x2c,0x31,0x35,
  0x35,0x2c,0x31,0x31,0x36,0x29,0x3b,0x66,0x69,0x6c,0x6c,0x2d,0x6f,0x70,0x61,0x63,
  0x69,0x74,0x79,0x3a,0x31,0x3b,0x22,0x2f,0x3e,0xa,0x20,0x20,0x20,0x20,0x20,0x20,
  0x20,0x20,0x20,0x20,0x20,0x20,0x3c,0x70,0x61,0x74,0x68,0x20,0x64,0x3d,0x22,0x4d,
  0x33,0x30,0x32,0x2e,0x33,0x35,0x36,0x2c,0x31,0x30,0x34,0x2e,0x31,0x30,0x33,0x43,
  0x33,0x31,0x34,0x2e,0x35,0x33,0x32,0x2c,0x37,0x38,0x2e,0x37,0x38,0x38,0x20,0x33,
  0x33,0x31,0x2e,0x32,0x30,0x38,0x2c,0x37,0x36,0x2e,0x34,0x38,0x32,0x20,0x33,0x34,
  0x31,0x2e,0x34,0x38,0x36,0x2c,0x37,0x33,0x2e,0x34,0x36,0x43,0x33,0x34,0x35,0x2e,
  0x35,0x32,0x34,0x2c,0x37,0x32,0x2e,0x32,0x37,0x33,0x20,0x33,0x37,0x38,0x2e,0x37,
  0x31,0x35,0x2c,0x36,0x37,0x2e,0x39,0x36,0x36,0x20,0x33,0x39,0x34,0x2e,0x39,0x30,
  0x36,0x2c,0x39,0x36,0x2e,0x32,0x38,0x43,0x34,0x30,0x38,0x2e,0x36,0x37,0x38,0x2c,
  0x31,0x32,0x30,0x2e,0x33,0x36,0x35,0x20,0x34,0x30,0x33,0x2e,0x39,0x33,0x38,0x2c,
  0x31,0x33,0x33,0x2e,0x34,0x36,0x39,0x20,0x34,0x30,0x34,0x2e,0x38,0x36,0x34,0x2c,
  0x32,0x31,0x38,0x2e,0x34,0x39,0x33,0x43,0x34,0x30,0x35,0x2e,0x30,0x38,0x32,0x2c,
  0x32,0x33,0x38,0x2e,0x35,0x34,0x37,0x20,0x34,0x31,0x35,0x2e,0x38,0x33,0x35,0x2c,
  0x32,0x34,0x35,0x2e,0x35,0x35,0x33,0x20,0x34,0x31,0x31,0x2e,0x34,0x33,0x33,0x2c,
  0x32,0x34,0x36,0x2e,0x30,0x34,0x34,0x43,0x34,0x30,0x39,0x2e,0x34,0x39,0x39,0x2c,
  0x32,0x34,0x36,0x2e,0x32,0x35,0x39,0x20,0x33,0x34,0x37,0x2e,0x39,0x38,0x2c,0x32,
  0x34,0x35,0x2e,0x39,0x38,0x36,0x20,0x33,0x34,0x32,0x2e,0x34,0x36,0x32,0x2c,0x32,
  0x34,0x35,0x2e,0x39,0x36,0x32,0x43,0x33,0x33,0x37,0x2e,0x33,0x35,0x35,0x2c,0x32,
  0x34,0x35,0x2e,0x39,0x33,0x39,0x20,0x33,0x34,0x34,0x2e,0x36,0x35,0x39,0x2c,0x32,
  0x34,0x30,0x2e,0x32,0x36,0x34,0x20,0x33,0x34,0x37,0x2e,0x30,0x37,0x36,0x2c,0x32,
  0x32,0x37,0x2e,0x34,0x34,0x38,0x43,0x33,0x34,0x39,0x2e,0x32,0x36,0x35,0x2c,0x32,
  0x31,0x35,0x2e,0x38,0x33,0x38,0x20,0x33,0x34,0x37,0x2e,0x39,0x33,0x33,0x2c,0x31,
  0x32,0x37,0x2e,0x31,0x37,0x35,0x20,0x33,0x34,0x37,0x2e,0x37,0x37,0x37,0x2c,0x31,
  0x32,0x36,0x2e,0x34,0x31,0x43,0x33,0x34,0x36,0x2e,0x38,0x32,0x35,0x2c,0x31,0x32,
  0x31,0x2e,0x37,0x33,0x33,0x20,0x33,0x34,0x33,0x2e,0x38,0x34,0x39,0x2c,0x39,0x36,
  0x2e,0x32,0x31,0x36,0x20,0x33,0x32,0x32,0x2e,0x35,0x31,0x38,0x2c,0x39,0x37,0x2e,
  0x38,0x38,0x34,0x43,0x33,0x31,0x39,0x2e,0x34,0x37,0x33,0x2c,0x39,0x38,0x2e,0x31,
  0x32,0x32,0x20,0x33,0x30,0x32,0x2e,0x30,0x38,0x38,0x2c,0x31,0x30,0x32,0x2e,0x33,
  0x30,0x31,0x20,0x33,0x30,0x31,0x2e,0x39,0x30,0x39,0x2c,0x31,0x33,0x36,0x2e,0x35,
  0x30,0x31,0x43,0x33,0x30,0x31,0x2e,0x34,0x38,0x39,0x2c,0x32,0x31,0x36,0x2e,0x37,
  0x32,0x34,0x20,0x33,0x30,0x31,0x2e,0x38,0x30,0x33,0x2c,0x32,0x31,0x38,0x2e,0x35,
  0x34,0x36,0x20,0x33,0x30,0x33,0x2e,0x30,0x31,0x32,0x2c,0x32,0x32,0x35,0x2e,0x35,
  0x36,0x39,0x43,0x33,0x30,0x35,0x2e,0x31,0x30,0x36,0x2c,0x32,0x33,0x37,0x2e,0x37,
  0x32,0x39,0x20,0x33,0x30,0x38,0x2e,0x32,0x33,0x32,0x2c,0x32,0x34,0x31,0x2e,0x36,
  0x33,0x37,0x20,0x33,0x30,0x39,0x2e,0x31,0x34,0x35,0x2c,0x32,0x34,0x32,0x2e,0x37,
  0x37,0x39,0x43,0x33,0x31,0x30,0x2e,0x33,0x34,0x33,0x2c,0x32,0x34,0x34,0x2e,0x32,
  0x37,0x37,0x20,0x33,0x30,0x39,0x2e,0x39,0x36,0x39,0x2c,0x32,0x34,0x36,0x2e,0x30,
  0x30,0x38,0x20,0x33,0x30,0x39,0x2e,0x34,0x31,0x2c,0x32,0x34,0x36,0x2e,0x30,0x37,
  0x32,0x43,0x33,0x30,0x34,0x2e,0x30,0x31,0x32,0x2c,0x32,0x34,0x36,0x2e,0x36,0x38,
  0x38,0x20,0x33,0x30,0x34,0x2e,0x30,0x33,0x36,0x2c,0x32,0x34,0x35,0x2e,0x36,0x34,
  0x37,0x20,0x32,0x34,0x31,0x2e,0x34,0x39,0x39,0x2c,0x32,0x34,0x35,0x2e,0x39,0x34,
  0x37,0x43,0x32,0x33,0x39,0x2e,0x33,0x39,0x39,0x2c,0x32,0x34,0x35,0x2e,0x39,0x35,
  0x37,0x20,0x32,0x33,0x36,0x2e,0x38,0x32,0x37,0x2c,0x32,0x34,0x36,0x2e,0x34,0x38,
  0x20,0x32,0x33,0x38,0x2e,0x37,0x39,0x35,0x2c,0x32,0x34,0x32,0x2e,0x36,0x35,0x34,
  0x43,0x32,0x34,0x36,0x2e,0x38,0x34,0x31,0x2c,0x32,0x32,0x37,0x2e,0x30,0x30,0x39,
  0x20,0x32,0x34,0x36,0x2e,0x30,0x36,0x39,0x2c,0x32,0x32,0x36,0x2e,0x32,0x30,0x38,
  0x20,0x32,0x34,0x36,0x2e,0x30,0x35,0x2c,0x31,0x32,0x39,0x2e,0x35,0x43,0x32,0x34,
  0x36,0x2e,0x30,0x34,0x33,0x2c,0x39,0x33,0x2e,0x36,0x31,0x34,0x20,0x32,0x33,0x32,
  0x2e,0x33,0x34,0x2c,0x39,0x30,0x2e,0x34,0x34,0x34,0x20,0x32,0x33,0x39,0x2e,0x34,
  0x34,0x32,0x2c,0x38,0x39,0x2e,0x32,0x32,0x36,0x43,0x32,0x34,0x31,0x2e,0x36,0x34,
  0x33,0x2c,0x38,0x38,0x2e,0x38,0x34,0x39,0x20,0x32,0x34,0x31,0x2e,0x35,0x36,0x31,
  0x2c,0x38,0x38,0x2e,0x35,0x37,0x39,0x20,0x32,0x36,0x36,0x2e,0x34,0x33,0x36,0x2c,
  0x38,0x32,0x2e,0x31,0x30,0x35,0x43,0x32,0x37,0x35,0x2e,0x35,0x39,0x31,0x2c,0x37,
  0x39,0x2e,0x37,0x32,0x32,0x20,0x32,0x38,0x34,0x2e,0x38,0x38,0x39,0x2c,0x37,0x36,
  0x2e,0x39,0x33,0x37,0x20,0x32,0x38,0x36,0x2e,0x34,0x38,0x35,0x2c,0x37,0x36,0x2e,
  0x34,0x35,0x39,0x43,0x33,0x30,0x31,0x2e,0x31,0x32,0x34,0x2c,0x37,0x32,0x2e,0x30,
  0x37,0x34,0x20,0x33,0x30,0x31,0x2e,0x37,0x39,0x31,0x2c,0x37,0x32,0x2e,0x33,0x35,
  0x20,0x33,0x30,0x32,0x2e,0x30,0x33,0x37,0x2c,0x37,0x33,0x2e,0x35,0x39,0x43,0x33,
  0x30,0x32,0x2e,0x34,0x38,0x31,0x2c,0x37,0x35,0x2e,0x38,0x32,0x37,0x20,0x33,0x30,
  0x31,0x2e,0x38,0x32,0x31,0x2c,0x31,0x30,0x30,0x2e,0x30,0x36,0x36,0x20,0x33,0x30,
  0x31,0x2e,0x37,0x35,0x38,0x2c,0x31,0x30,0x32,0x2e,0x33,0x36,0x38,0x43,0x33,0x30,
  0x31,0x2e,0x37,0x33,0x32,0x2c,0x31,0x30,0x33,0x2e,0x33,0x32,0x39,0x20,0x33,0x30,
  0x32,0x2e,0x30,0x34,0x34,0x2c,0x31,0x30,0x33,0x2e,0x31,0x39,0x39,0x20,0x33,0x30,
  0x32,0x2e,0x33,0x35,0x36,0x2c,0x31,0x30,0x34,0x2e,0x31,0x30,0x33,0x5a,0x22,0x20,
  0x73,0x74,0x79,0x6c,0x65,0x3d,0x22,0x66,0x69,0x6c,0x6c,0x3a,0x72,0x67,0x62,0x28,
  0x31,0x33,0x33,0x2c,0x31,0x35,0x35,0x2c,0x31,0x31,0x36,0x29,0x3b,0x66,0x69,0x6c,
  0x6c,0x2d,0x6f,0x70,0x61,0x63,0x69,0x74,0x79,0x3a,0x31,0x3b,0x22,0x2f,0x3e,0xa,
  0x20,0x20,0x20,0x20,0x20,0x20,0x20,0x20,0x20,0x20,0x20,0x20,0x3c,0x70,0x61,0x74,
  0x68,0x20,0x64,0x3d,0x22,0x4d,0x36,0x34,0x38,0x2e,0x32,0x36,0x33,0x2c,0x37,0x39,
  0x2e,0x36,0x37,0x38,0x43,0x36,0x33,0x32,0x2e,0x34,0x31,0x35,0x2c,0x37,0x34,0x2e,
  0x36,0x30,0x33,0x20,0x36,0x31,0x33,0x2e,0x37,0x37,0x37,0x2c,0x39,0x37,0x2e,0x34,
  0x34,0x36,0x20,0x36,0x30,0x39,0x2e,0x32,0x33,0x31,0x2c,0x31,0x31,0x30,0x2e,0x33,
  0x39,0x43,0x35,0x39,0x38,0x2e,0x37,0x37,0x38,0x2c,0x31,0x34,0x30,0x2e,0x31,0x35,
  0x35,0x20,0x36,0x30,0x30,0x2e,0x34,0x31,0x33,0x2c,0x31,0x35,0x33,0x2e,0x35,0x34,
  0x32,0x20,0x35,0x39,0x39,0x2e,0x37,0x33,0x37,0x2c,0x31,0x35,0x37,0x2e,0x35,0x32,
  0x39,0x43,0x35,0x39,0x38,0x2e,0x36,0x35,0x39,0x2c,0x31,0x36,0x33,0x2e,0x38,0x38,
  0x37,0x20,0x35,0x39,0x37,0x2e,0x36,0x32,0x34,0x2c,0x32,0x31,0x36,0x2e,0x37,0x31,
  0x33,0x20,0x36,0x30,0x30,0x2e,0x35,0x33,0x36,0x2c,0x32,0x32,0x38,0x2e,0x34,0x38,
  0x38,0x43,0x36,0x30,0x30,0x2e,0x38,0x36,0x35,0x2c,0x32,0x32,0x39,0x2e,0x38,0x31,
  0x35,0x20,0x36,0x30,0x33,0x2e,0x36,0x34,0x34,0x2c,0x32,0x34,0x31,0x2e,0x30,0x35,
  0x32,0x20,0x36,0x30,0x36,0x2e,0x37,0x39,0x2c,0x32,0x34,0x34,0x2e,0x33,0x39,0x33,
  0x43,0x36,0x30,0x36,0x2e,0x38,0x38,0x37,0x2c,0x32,0x34,0x34,0x2e,0x34,0x39,0x36,
  0x20,0x36,0x30,0x38,0x2e,0x32,0x30,0x35,0x2c,0x32,0x34,0x35,0x2e,0x38,0x39,0x36,
  0x20,0x36,0x30,0x36,0x2e,0x34,0x31,0x38,0x2c,0x32,0x34,0x36,0x2e,0x31,0x32,0x43,
  0x36,0x30,0x31,0x2e,0x38,0x32,0x31,0x2c,0x32,0x34,0x36,0x2e,0x36,0x39,0x38,0x20,
  0x36,0x30,0x31,0x2e,0x38,0x32,0x38,0x2c,0x32,0x34,0x35,0x2e,0x39,0x34,0x36,0x20,
  0x35,0x34,0x38,0x2e,0x35,0x2c,0x32,0x34,0x35,0x2e,0x39,0x34,0x36,0x43,0x35,0x34,
  0x33,0x2e,0x36,0x35,0x37,0x2c,0x32,0x34,0x35,0x2e,0x39,0x34,0x36,0x20,0x35,0x33,
  0x32,0x2e,0x32,0x32,0x39,0x2c,0x32,0x34,0x36,0x2e,0x39,0x31,0x38,0x20,0x35,0x33,
  0x34,0x2e,0x38,0x31,0x39,0x2c,0x32,0x34,0x33,0x2e,0x37,0x33,0x37,0x43,0x35,0x34,
  0x31,0x2e,0x38,0x30,0x34,0x2c,0x32,0x33,0x35,0x2e,0x31,0x36,0x31,0x20,0x35,0x34,
  0x32,0x2e,0x31,0x33,0x2c,0x32,0x32,0x30,0x2e,0x35,0x39,0x37,0x20,0x35,0x34,0x32,
  0x2e,0x31,0x37,0x37,0x2c,0x32,0x31,0x38,0x2e,0x34,0x39,0x34,0x43,0x35,0x34,0x32,
  0x2e,0x33,0x33,0x36,0x2c,0x32,0x31,0x31,0x2e,0x33,0x39,0x39,0x20,0x35,0x34,0x33,
  0x2e,0x30,0x33,0x34,0x2c,0x32,0x31,0x31,0x2e,0x35,0x31,0x35,0x20,0x35,0x34,0x33,
  0x2e,0x30,0x33,0x35,0x2c,0x32,0x30,0x34,0x2e,0x35,0x43,0x35,0x34,0x33,0x2e,0x30,
  0x34,0x37,0x2c,0x31,0x31,0x35,0x2e,0x39,0x31,0x34,0x20,0x35,0x34,0x34,0x2e,0x31,
  0x32,0x33,0x2c,0x31,0x30,0x34,0x2e,0x39,0x31,0x20,0x35,0x33,0x34,0x2e,0x38,0x35,
  0x31,0x2c,0x39,0x32,0x2e,0x32,0x33,0x39,0x43,0x35,0x33,0x32,0x2e,0x36,0x31,0x39,
  0x2c,0x38,0x39,0x2e,0x31,0x38,0x38,0x20,0x35,0x33,0x37,0x2e,0x35,0x39,0x37,0x2c,
  0x38,0x39,0x2e,0x33,0x31,0x37,0x20,0x35,0x35,0x30,0x2e,0x34,0x38,0x35,0x2c,0x38,
  0x35,0x2e,0x34,0x35,0x38,0x43,0x35,0x35,0x31,0x2e,0x33,0x35,0x32,0x2c,0x38,0x35,
  0x2e,0x31,0x39,0x38,0x20,0x35,0x38,0x32,0x2e,0x35,0x31,0x32,0x2c,0x37,0x36,0x2e,
  0x39,0x39,0x37,0x20,0x35,0x39,0x30,0x2e,0x34,0x38,0x37,0x2c,0x37,0x34,0x2e,0x34,
  0x36,0x35,0x43,0x35,0x39,0x38,0x2e,0x33,0x34,0x31,0x2c,0x37,0x31,0x2e,0x39,0x37,
  0x32,0x20,0x35,0x39,0x38,0x2e,0x37,0x30,0x31,0x2c,0x37,0x32,0x2e,0x36,0x39,0x34,
  0x20,0x35,0x39,0x38,0x2e,0x38,0x35,0x32,0x2c,0x37,0x33,0x2e,0x33,0x35,0x32,0x43,
  0x35,0x39,0x39,0x2e,0x33,0x31,0x32,0x2c,0x37,0x35,0x2e,0x33,0x37,0x20,0x35,0x39,
  0x37,0x2e,0x37,0x36,0x32,0x2c,0x31,0x30,0x37,0x2e,0x33,0x39,0x35,0x20,0x36,0x30,
  0x30,0x2e,0x32,0x33,0x36,0x2c,0x39,0x39,0x2e,0x31,0x39,0x37,0x43,0x36,0x30,0x30,
  0x2e,0x37,0x39,0x31,0x2c,0x39,0x37,0x2e,0x33,0x36,0x20,0x36,0x31,0x31,0x2e,0x37,
  0x36,0x35,0x2c,0x37,0x39,0x2e,0x30,0x35,0x31,0x20,0x36,0x33,0x31,0x2e,0x34,0x33,
  0x38,0x2c,0x37,0x34,0x2e,0x31,0x31,0x34,0x43,0x36,0x37,0x36,0x2e,0x36,0x36,0x36,
  0x2c,0x36,0x32,0x2e,0x37,0x36,0x33,0x20,0x36,0x38,0x39,0x2e,0x35,0x36,0x35,0x2c,
  0x31,0x31,0x37,0x2e,0x31,0x37,0x36,0x20,0x36,0x36,0x31,0x2e,0x33,0x35,0x2c,0x31,
  0x33,0x31,0x2e,0x32,0x30,0x37,0x43,0x36,0x33,0x36,0x2e,0x35,0x34,0x34,0x2c,0x31,
  0x34,0x33,0x2e,0x35,0x34,0x31,0x20,0x36,0x31,0x30,0x2e,0x39,0x33,0x32,0x2c,0x31,
  0x31,0x34,0x2e,0x38,0x37,0x31,0x20,0x36,0x32,0x36,0x2e,0x38,0x35,0x39,0x2c,0x39,
  0x30,0x2e,0x38,0x30,0x33,0x43,0x36,0x33,0x32,0x2e,0x31,0x32,0x31,0x2c,0x38,0x32,
  0x2e,0x38,0x35,0x31,0x20,0x36,0x34,0x30,0x2e,0x39,0x37,0x35,0x2c,0x38,0x31,0x2e,
  0x35,0x33,0x34,0x20,0x36,0x34,0x32,0x2e,0x34,0x31,0x37,0x2c,0x38,0x31,0x2e,0x33,
  0x32,0x43,0x36,0x34,0x35,0x2e,0x35,0x30,0x39,0x2c,0x38,0x30,0x2e,0x38,0x35,0x39,
  0x20,0x36,0x34,0x35,0x2e,0x37,0x39,0x39,0x2c,0x38,0x31,0x2e,0x36,0x39,0x32,0x20,
  0x36,0x34,0x38,0x2e,0x32,0x36,0x33,0x2c,0x37,0x39,0x2e,0x36,0x37,0x38,0x5a,0x22,
  0x20,0x73,0x74,0x79,0x6c,0x65,0x3d,0x22,0x66,0x69,0x6c,0x6c,0x3a,0x72,0x67,0x62,
  0x28,0x31,0x33,0x33,0x2c,0x31,0x35,0x35,0x2c,0x31,0x31,0x36,0x29,0x3b,0x66,0x69,
  0x6c,0x6c,0x2d,0x6f,0x70,0x61,0x63,0x69,0x74,0x79,0x3a,0x31,0x3b,0x22,0x2f,0x3e,
  0xa,0x20,0x20,0x20,0x20,0x20,0x20,0x20,0x20,0x20,0x20,0x20,0x20,0x3c,0x70,0x61,
  0x74,0x68,0x20,0x64,0x3d,0x22,0x4d,0x34,0x38,0x31,0x2e,0x36,0x30,0x34,0x2c,0x32,
  0x34,0x30,0x2e,0x38,0x30,0x31,0x43,0x34,0x38,0x31,0x2e,0x38,0x31,0x36,0x2c,0x32,
  0x34,0x30,0x2e,0x38,0x37,0x37,0x20,0x34,0x38,0x34,0x2e,0x34,0x31,0x38,0x2c,0x32,
  0x34,0x31,0x2e,0x38,0x30,0x33,0x20,0x34,0x38,0x34,0x2e,0x34,0x30,0x38,0x2c,0x32,
  0x34,0x30,0x2e,0x35,0x32,0x35,0x43,0x34,0x38,0x34,0x2e,0x34,0x30,0x33,0x2c,0x32,
  0x33,0x39,0x2e,0x38,0x35,0x37,0x20,0x34,0x38,0x32,0x2e,0x33,0x38,0x33,0x2c,0x32,
  0x33,0x39,0x2e,0x30,0x32,0x31,0x20,0x34,0x38,0x32,0x2e,0x31,0x38,0x2c,0x32,0x33,
  0x38,0x2e,0x39,0x33,0x37,0x43,0x34,0x38,0x30,0x2e,0x38,0x36,0x33,0x2c,0x32,0x33,
  0x38,0x2e,0x33,0x39,0x32,0x20,0x34,0x37,0x33,0x2e,0x34,0x38,0x37,0x2c,0x32,0x33,
  0x35,0x2e,0x33,0x34,0x20,0x34,0x37,0x30,0x2e,0x34,0x37,0x34,0x2c,0x32,0x32,0x35,
  0x2e,0x35,0x31,0x43,0x34,0x37,0x30,0x2e,0x34,0x30,0x33,0x2c,0x32,0x32,0x35,0x2e,
  0x32,0x37,0x39,0x20,0x34,0x36,0x39,0x2e,0x35,0x33,0x2c,0x32,0x31,0x36,0x2e,0x35,
  0x33,0x35,0x20,0x34,0x36,0x39,0x2e,0x35,0x33,0x35,0x2c,0x32,0x31,0x36,0x2e,0x35,
  0x30,0x37,0x43,0x34,0x37,0x30,0x2e,0x37,0x36,0x31,0x2c,0x32,0x30,0x39,0x2e,0x32,
  0x31,0x38,0x20,0x34,0x36,0x39,0x2e,0x39,0x32,0x34,0x2c,0x32,0x30,0x35,0x2e,0x34,
  0x33,0x31,0x20,0x34,0x37,0x38,0x2e,0x37,0x39,0x39,0x2c,0x31,0x39,0x36,0x2e,0x38,
  0x30,0x37,0x43,0x34,0x38,0x37,0x2e,0x33,0x33,0x37,0x2c,0x31,0x38,0x38,0x2e,0x35,
  0x31,0x20,0x35,0x30,0x30,0x2e,0x35,0x34,0x33,0x2c,0x31,0x39,0x30,0x2e,0x32,0x31,
  0x32,0x20,0x35,0x30,0x34,0x2e,0x35,0x31,0x38,0x2c,0x31,0x39,0x31,0x2e,0x34,0x35,
  0x31,0x43,0x35,0x32,0x31,0x2e,0x35,0x2c,0x31,0x39,0x36,0x2e,0x37,0x34,0x33,0x20,
  0x35,0x32,0x32,0x2e,0x37,0x36,0x37,0x2c,0x32,0x31,0x30,0x2e,0x35,0x34,0x32,0x20,
  0x35,0x32,0x33,0x2e,0x32,0x32,0x32,0x2c,0x32,0x31,0x32,0x2e,0x35,0x39,0x32,0x43,
  0x35,0x32,0x35,0x2e,0x35,0x37,0x31,0x2c,0x32,0x32,0x33,0x2e,0x31,0x37,0x32,0x20,
  0x35,0x32,0x30,0x2e,0x38,0x38,0x32,0x2c,0x32,0x33,0x36,0x2e,0x35,0x30,0x35,0x20,
  0x35,0x30,0x39,0x2e,0x37,0x31,0x39,0x2c,0x32,0x34,0x32,0x2e,0x39,0x30,0x39,0x43,
  0x34,0x38,0x38,0x2e,0x36,0x31,0x31,0x2c,0x32,0x35,0x35,0x2e,0x30,0x31,0x38,0x20,
  0x34,0x36,0x35,0x2e,0x37,0x30,0x38,0x2c,0x32,0x34,0x33,0x2e,0x35,0x37,0x35,0x20,
  0x34,0x36,0x32,0x2e,0x33,0x31,0x35,0x2c,0x32,0x34,0x31,0x2e,0x38,0x38,0x43,0x34,
  0x34,0x34,0x2e,0x38,0x36,0x31,0x2c,0x32,0x33,0x33,0x2e,0x31,0x35,0x39,0x20,0x34,
  0x33,0x38,0x2e,0x37,0x34,0x2c,0x32,0x31,0x34,0x2e,0x33,0x37,0x35,0x20,0x34,0x33,
  0x37,0x2e,0x37,0x37,0x2c,0x32,0x31,0x31,0x2e,0x33,0x39,0x38,0x43,0x34,0x33,0x33,
  0x2e,0x35,0x30,0x39,0x2c,0x31,0x39,0x38,0x2e,0x33,0x32,0x31,0x20,0x34,0x33,0x35,
  0x2e,0x38,0x32,0x2c,0x31,0x39,0x36,0x2e,0x32,0x39,0x39,0x20,0x34,0x33,0x34,0x2e,
  0x37,0x37,0x33,0x2c,0x31,0x39,0x32,0x2e,0x34,0x31,0x38,0x43,0x34,0x33,0x33,0x2e,
  0x35,0x34,0x35,0x2c,0x31,0x38,0x37,0x2e,0x38,0x36,0x34,0x20,0x34,0x33,0x34,0x2e,
  0x35,0x34,0x34,0x2c,0x39,0x37,0x2e,0x39,0x39,0x32,0x20,0x34,0x33,0x34,0x2e,0x32,
  0x31,0x34,0x2c,0x38,0x35,0x2e,0x35,0x33,0x33,0x43,0x34,0x33,0x34,0x2e,0x31,0x33,
  0x35,0x2c,0x38,0x32,0x2e,0x35,0x36,0x37,0x20,0x34,0x31,0x39,0x2e,0x35,0x36,0x31,
  0x2c,0x38,0x34,0x2e,0x33,0x35,0x34,0x20,0x34,0x31,0x37,0x2e,0x33,0x39,0x33,0x2c,
  0x38,0x33,0x2e,0x38,0x30,0x36,0x43,0x34,0x31,0x35,0x2e,0x38,0x35,0x33,0x2c,0x38,
  0x33,0x2e,0x34,0x31,0x37,0x20,0x34,0x31,0x36,0x2e,0x32,0x31,0x33,0x2c,0x37,0x36,
  0x2e,0x31,0x30,0x34,0x20,0x34,0x31,0x36,0x2e,0x32,0x34,0x36,0x2c,0x37,0x35,0x2e,
  0x34,0x32,0x39,0x43,0x34,0x31,0x36,0x2e,0x33,0x35,0x38,0x2c,0x37,0x33,0x2e,0x31,
  0x34,0x38,0x20,0x34,0x31,0x39,0x2e,0x31,0x38,0x31,0x2c,0x37,0x35,0x2e,0x34,0x32,
  0x31,0x20,0x34,0x32,0x38,0x2e,0x34,0x35,0x34,0x2c,0x37,0x33,0x2e,0x32,0x33,0x43,
  0x34,0x33,0x30,0x2e,0x33,0x31,0x2c,0x37,0x32,0x2e,0x37,0x39,0x32,0x20,0x34,0x34,
  0x34,0x2e,0x37,0x38,0x36,0x2c,0x36,0x39,0x2e,0x33,0x37,0x32,0x20,0x34,0x35,0x30,
  0x2e,0x37,0x38,0x2c,0x36,0x34,0x2e,0x38,0x36,0x43,0x34,0x35,0x36,0x2e,0x33,0x37,
  0x36,0x2c,0x36,0x30,0x2e,0x36,0x34,0x38,0x20,0x34,0x35,0x38,0x2e,0x33,0x35,0x37,
  0x2c,0x36,0x33,0x2e,0x33,0x33,0x36,0x20,0x34,0x37,0x37,0x2e,0x33,0x37,0x31,0x2c,
  0x34,0x34,0x2e,0x33,0x37,0x35,0x43,0x34,0x38,0x37,0x2e,0x30,0x30,0x34,0x2c,0x33,
  0x34,0x2e,0x37,0x36,0x38,0x20,0x34,0x39,0x31,0x2e,0x33,0x36,0x31,0x2c,0x32,0x33,
  0x2e,0x33,0x20,0x34,0x39,0x30,0x2e,0x39,0x38,0x33,0x2c,0x33,0x30,0x2e,0x33,0x38,
  0x35,0x43,0x34,0x39,0x30,0x2e,0x38,0x32,0x36,0x2c,0x33,0x33,0x2e,0x33,0x32,0x39,
  0x20,0x34,0x39,0x30,0x2e,0x37,0x38,0x34,0x2c,0x37,0x32,0x2e,0x38,0x38,0x33,0x20,
  0x34,0x39,0x30,0x2e,0x39,0x38,0x39,0x2c,0x37,0x33,0x2e,0x33,0x33,0x39,0x43,0x34,
  0x39,0x31,0x2e,0x37,0x37,0x34,0x2c,0x37,0x35,0x2e,0x30,0x38,0x37,0x20,0x35,0x31,
  0x36,0x2e,0x30,0x36,0x33,0x2c,0x37,0x33,0x2e,0x39,0x33,0x34,0x20,0x35,0x32,0x32,
  0x2e,0x35,0x36,0x34,0x2c,0x37,0x34,0x2e,0x32,0x35,0x35,0x43,0x35,0x32,0x34,0x2e,
  0x35,0x32,0x39,0x2c,0x37,0x34,0x2e,0x33,0x35,0x32,0x20,0x35,0x32,0x33,0x2e,0x38,
  0x35,0x39,0x2c,0x38,0x32,0x2e,0x33,0x32,0x31,0x20,0x35,0x32,0x33,0x2e,0x38,0x2c,
  0x38,0x32,0x2e,0x35,0x38,0x32,0x43,0x35,0x32,0x33,0x2e,0x31,0x31,0x34,0x2c,0x38,
  0x35,0x2e,0x36,0x34,0x32,0x20,0x34,0x39,0x33,0x2e,0x32,0x35,0x37,0x2c,0x38,0x32,
  0x2e,0x36,0x32,0x38,0x20,0x34,0x39,0x31,0x2e,0x34,0x31,0x35,0x2c,0x38,0x34,0x2e,
  0x34,0x31,0x34,0x43,0x34,0x39,0x30,0x2e,0x32,0x30,0x36,0x2c,0x38,0x35,0x2e,0x35,
  0x38,0x37,0x20,0x34,0x39,0x31,0x2e,0x32,0x31,0x33,0x2c,0x31,0x36,0x38,0x2e,0x39,
  0x39,0x37,0x20,0x34,0x39,0x30,0x2e,0x38,0x32,0x36,0x2c,0x31,0x37,0x37,0x2e,0x35,
  0x35,0x31,0x43,0x34,0x39,0x30,0x2e,0x36,0x32,0x2c,0x31,0x38,0x32,0x2e,0x30,0x39,
  0x35,0x20,0x34,0x38,0x31,0x2e,0x33,0x33,0x2c,0x31,0x37,0x36,0x2e,0x39,0x31,0x38,
  0x20,0x34,0x36,0x37,0x2e,0x36,0x32,0x36,0x2c,0x31,0x39,0x30,0x2e,0x36,0x32,0x37,
  0x43,0x34,0x35,0x37,0x2e,0x35,0x35,0x36,0x2c,0x32,0x30,0x30,0x2e,0x37,0x20,0x34,
  0x35,0x37,0x2e,0x35,0x32,0x35,0x2c,0x32,0x31,0x36,0x2e,0x32,0x32,0x39,0x20,0x34,
  0x36,0x30,0x2e,0x38,0x39,0x38,0x2c,0x32,0x32,0x33,0x2e,0x33,0x32,0x43,0x34,0x36,
  0x37,0x2e,0x38,0x38,0x35,0x2c,0x32,0x33,0x38,0x2e,0x30,0x30,0x36,0x20,0x34,0x37,
  0x37,0x2e,0x39,0x36,0x35,0x2c,0x32,0x33,0x39,0x2e,0x33,0x39,0x36,0x20,0x34,0x38,
  0x31,0x2e,0x36,0x30,0x34,0x2c,0x32,0x34,0x30,0x2e,0x38,0x30,0x31,0x5a,0x22,0x20,
  0x73,0x74,0x79,0x6c,0x65,0x3d,0x22,0x66,0x69,0x6c,0x6c,0x3a,0x72,0x67,0x62,0x28,
  0x31,0x33,0x33,0x2c,0x31,0x35,0x35,0x2c,0x31,0x31,0x36,0x29,0x3b,0x66,0x69,0x6c,
  0x6c,0x2d,0x6f,0x70,0x61,0x63,0x69,0x74,0x79,0x3a,0x31,0x3b,0x22,0x2f,0x3e,0xa,
  0x20,0x20,0x20,0x20,0x20,0x20,0x20,0x20,0x3c,0x2f,0x67,0x3e,0xa,0x20,0x20,0x20,
  0x20,0x3c,0x2f,0x67,0x3e,0xa,0x20,0x20,0x20,0x20,0x3c,0x67,0x20,0x69,0x64,0x3d,
  0x22,0x50,0x72,0x61,0x6e,0x63,0x68,0x65,0x74,0x61,0x32,0x22,0x20,0x74,0x72,0x61,
  0x6e,0x73,0x66,0x6f,0x72,0x6d,0x3d,0x22,0x6d,0x61,0x74,0x72,0x69,0x78,0x28,0x31,
  0x2c,0x30,0x2c,0x30,0x2c,0x31,0x2c,0x33,0x36,0x2e,0x33,0x31,0x39,0x38,0x33,0x39,
  0x2c,0x35,0x31,0x2e,0x39,0x30,0x31,0x31,0x32,0x38,0x29,0x22,0x3e,0xa,0x20,0x20,
  0x20,0x20,0x20,0x20,0x20,0x20,0x3c,0x72,0x65,0x63,0x74,0x20,0x78,0x3d,0x22,0x2d,
  0x33,0x36,0x2e,0x33,0x32,0x22,0x20,0x79,0x3d,0x22,0x2d,0x35,0x31,0x2e,0x39,0x30,
  0x31,0x22,0x20,0x77,0x69,0x64,0x74,0x68,0x3d,0x22,0x31,0x32,0x30,0x37,0x2e,0x35,
  0x34,0x36,0x22,0x20,0x68,0x65,0x69,0x67,0x68,0x74,0x3d,0x22,0x33,0x38,0x32,0x2e,
  0x35,0x36,0x38,0x22,0x20,0x73,0x74,0x79,0x6c,0x65,0x3d,0x22,0x66,0x69,0x6c,0x6c,
  0x3a,0x6e,0x6f,0x6e,0x65,0x3b,0x22,0x2f,0x3e,0xa,0x20,0x20,0x20,0x20,0x20,0x20,
  0x20,0x20,0x3c,0x67,0x20,0x69,0x64,0x3d,0x22,0x49,0x4d,0x47,0x5f,0x30,0x38,0x32,
  0x39,0x2e,0x50,0x4e,0x47,0x22,0x20,0x74,0x72,0x61,0x6e,0x73,0x66,0x6f,0x72,0x6d,
  0x3d,0x22,0x6d,0x61,0x74,0x72,0x69,0x78,0x28,0x31,0x2c,0x30,0x2c,0x30,0x2c,0x31,
  0x2c,0x38,0x34,0x38,0x2e,0x36,0x38,0x30,0x31,0x36,0x31,0x2c,0x31,0x38,0x2e,0x30,
  0x39,0x38,0x38,0x37,0x32,0x29,0x22,0x3e,0xa,0x20,0x20,0x20,0x20,0x20,0x20,0x20,
  0x20,0x20,0x20,0x20,0x20,0x3c,0x70,0x61,0x74,0x68,0x20,0x64,0x3d,0x22,0x4d,0x33,
  0x38,0x2e,0x30,0x33,0x37,0x2c,0x31,0x35,0x30,0x2e,0x34,0x38,0x43,0x33,0x38,0x2e,
  0x31,0x30,0x31,0x2c,0x31,0x34,0x34,0x2e,0x30,0x30,0x31,0x20,0x33,0x36,0x2e,0x32,
  0x31,0x37,0x2c,0x31,0x33,0x30,0x2e,0x37,0x35,0x38,0x20,0x34,0x34,0x2e,0x30,0x33,
  0x38,0x2c,0x31,0x34,0x30,0x2e,0x38,0x35,0x39,0x43,0x35,0x37,0x2e,0x39,0x35,0x31,
  0x2c,0x31,0x35,0x38,0x2e,0x38,0x32,0x38,0x20,0x36,0x31,0x2e,0x36,0x31,0x34,0x2c,
  0x31,0x37,0x33,0x2e,0x34,0x38,0x20,0x36,0x32,0x2e,0x30,0x38,0x35,0x2c,0x31,0x37,
  0x34,0x2e,0x36,0x39,0x35,0x43,0x36,0x37,0x2e,0x31,0x36,0x31,0x2c,0x31,0x38,0x37,
  0x2e,0x37,0x38,0x32,0x20,0x36,0x33,0x2e,0x32,0x39,0x37,0x2c,0x31,0x37,0x31,0x2e,
  0x38,0x33,0x36,0x20,0x36,0x33,0x2e,0x32,0x30,0x38,0x2c,0x31,0x37,0x31,0x2e,0x35,
  0x38,0x37,0x43,0x34,0x37,0x2e,0x30,0x39,0x35,0x2c,0x31,0x32,0x36,0x2e,0x35,0x34,
  0x34,0x20,0x36,0x36,0x2e,0x36,0x39,0x38,0x2c,0x37,0x31,0x2e,0x30,0x35,0x34,0x20,
  0x31,0x30,0x31,0x2e,0x37,0x2c,0x33,0x34,0x2e,0x36,0x39,0x36,0x43,0x31,0x32,0x34,
  0x2e,0x33,0x32,0x2c,0x31,0x31,0x2e,0x32,0x20,0x31,0x35,0x30,0x2e,0x31,0x37,0x38,
  0x2c,0x32,0x2e,0x30,0x32,0x39,0x20,0x31,0x35,0x31,0x2e,0x35,0x33,0x36,0x2c,0x32,
  0x2e,0x30,0x36,0x39,0x43,0x31,0x35,0x38,0x2e,0x39,0x35,0x39,0x2c,0x32,0x2e,0x32,
  0x38,0x37,0x20,0x31,0x33,0x39,0x2e,0x38,0x33,0x36,0x2c,0x37,0x2e,0x34,0x32,0x36,
  0x20,0x31,0x34,0x37,0x2e,0x30,0x31,0x34,0x2c,0x34,0x30,0x2e,0x35,0x37,0x43,0x31,
  0x35,0x33,0x2e,0x30,0x37,0x33,0x2c,0x36,0x38,0x2e,0x35,0x34,0x35,0x20,0x31,0x36,
  0x38,0x2e,0x33,0x37,0x2c,0x36,0x35,0x2e,0x32,0x31,0x31,0x20,0x31,0x37,0x37,0x2e,
  0x32,0x32,0x32,0x2c,0x39,0x39,0x2e,0x35,0x37,0x31,0x43,0x32,0x30,0x30,0x2e,0x33,
  0x33,0x37,0x2c,0x31,0x38,0x39,0x2e,0x32,0x39,0x34,0x20,0x39,0x39,0x2e,0x31,0x36,
  0x37,0x2c,0x32,0x33,0x39,0x2e,0x36,0x33,0x36,0x20,0x33,0x37,0x2e,0x34,0x36,0x33,
  0x2c,0x32,0x34,0x35,0x2e,0x30,0x35,0x32,0x43,0x39,0x2e,0x38,0x32,0x34,0x2c,0x32,
  0x34,0x37,0x2e,0x34,0x37,0x37,0x20,0x39,0x2e,0x39,0x31,0x38,0x2c,0x32,0x34,0x38,
  0x2e,0x32,0x36,0x37,0x20,0x37,0x2e,0x35,0x30,0x38,0x2c,0x32,0x34,0x38,0x2e,0x33,
  0x35,0x35,0x43,0x2d,0x30,0x2e,0x38,0x38,0x35,0x2c,0x32,0x34,0x38,0x2e,0x36,0x36,
  0x32,0x20,0x31,0x37,0x2e,0x39,0x32,0x2c,0x32,0x34,0x33,0x2e,0x34,0x34,0x33,0x20,
  0x31,0x39,0x2e,0x36,0x32,0x35,0x2c,0x32,0x34,0x32,0x2e,0x38,0x33,0x43,0x39,0x33,
  0x2e,0x38,0x36,0x38,0x2c,0x32,0x31,0x36,0x2e,0x31,0x35,0x31,0x20,0x31,0x31,0x37,
  0x2e,0x32,0x39,0x33,0x2c,0x31,0x37,0x32,0x2e,0x37,0x31,0x32,0x20,0x31,0x31,0x37,
  0x2e,0x32,0x35,0x34,0x2c,0x31,0x36,0x36,0x2e,0x35,0x31,0x31,0x43,0x31,0x31,0x37,
  0x2e,0x32,0x35,0x31,0x2c,0x31,0x36,0x36,0x2e,0x30,0x34,0x31,0x20,0x31,0x31,0x35,
  0x2e,0x35,0x36,0x35,0x2c,0x31,0x36,0x33,0x2e,0x30,0x33,0x39,0x20,0x31,0x31,0x32,
  0x2e,0x30,0x35,0x2c,0x31,0x36,0x39,0x2e,0x32,0x36,0x33,0x43,0x31,0x30,0x39,0x2e,
  0x35,0x37,0x39,0x2c,0x31,0x37,0x33,0x2e,0x36,0x33,0x39,0x20,0x39,0x37,0x2e,0x34,
  0x33,0x33,0x2c,0x31,0x39,0x35,0x2e,0x31,0x34,0x37,0x20,0x36,0x38,0x2e,0x35,0x38,
  0x31,0x2c,0x32,0x31,0x34,0x2e,0x36,0x31,0x37,0x43,0x33,0x34,0x2e,0x39,0x31,0x2c,
  0x32,0x33,0x37,0x2e,0x33,0x34,0x20,0x31,0x38,0x2e,0x37,0x33,0x31,0x2c,0x32,0x33,
  0x39,0x2e,0x32,0x38,0x33,0x20,0x36,0x2e,0x34,0x35,0x33,0x2c,0x32,0x34,0x34,0x2e,
  0x33,0x33,0x36,0x43,0x2d,0x31,0x2e,0x35,0x30,0x33,0x2c,0x32,0x34,0x37,0x2e,0x36,
  0x31,0x31,0x20,0x37,0x2e,0x34,0x31,0x37,0x2c,0x32,0x34,0x30,0x2e,0x35,0x32,0x37,
  0x20,0x39,0x2e,0x30,0x39,0x39,0x2c,0x32,0x33,0x38,0x2e,0x31,0x39,0x34,0x43,0x31,
  0x32,0x2e,0x33,0x33,0x39,0x2c,0x32,0x33,0x33,0x2e,0x37,0x30,0x33,0x20,0x33,0x32,
  0x2e,0x38,0x34,0x39,0x2c,0x32,0x30,0x36,0x2e,0x38,0x32,0x32,0x20,0x33,0x38,0x2e,
  0x30,0x33,0x37,0x2c,0x31,0x35,0x30,0x2e,0x34,0x38,0x5a,0x22,0x20,0x73,0x74,0x79,
  0x6c,0x65,0x3d,0x22,0x66,0x69,0x6c,0x6c,0x3a,0x72,0x67,0x62,0x28,0x31,0x33,0x33,
  0x2c,0x31,0x35,0x35,0x2c,0x31,0x31,0x36,0x29,0x3b,0x22,0x2f,0x3e,0xa,0x20,0x20,
  0x20,0x20,0x20,0x20,0x20,0x20,0x3c,0x2f,0x67,0x3e,0xa,0x20,0x20,0x20,0x20,0x3c,
  0x2f,0x67,0x3e,0xa,0x3c,0x2f,0x73,0x76,0x67,0x3e,0xa,
    // FolhaMarca.svg
  0x0,0x0,0x3,0x2e,
  0x3c,
  0x73,0x76,0x67,0x20,0x78,0x6d,0x6c,0x6e,0x73,0x3d,0x22,0x68,0x74,0x74,0x70,0x3a,
  0x2f,0x2f,0x77,0x77,0x77,0x2e,0x77,0x33,0x2e,0x6f,0x72,0x67,0x2f,0x32,0x30,0x30,
  0x30,0x2f,0x73,0x76,0x67,0x22,0x20,0x76,0x69,0x65,0x77,0x42,0x6f,0x78,0x3d,0x22,
  0x30,0x20,0x30,0x20,0x31,0x39,0x30,0x20,0x32,0x35,0x30,0x22,0x3e,0x3c,0x70,0x61,
  0x74,0x68,0x20,0x66,0x69,0x6c,0x6c,0x3d,0x22,0x23,0x45,0x41,0x45,0x36,0x44,0x36,
  0x22,0x20,0x64,0x3d,0x22,0x4d,0x33,0x38,0x2e,0x30,0x33,0x37,0x2c,0x31,0x35,0x30,
  0x2e,0x34,0x38,0x43,0x33,0x38,0x2e,0x31,0x30,0x31,0x2c,0x31,0x34,0x34,0x2e,0x30,
  0x30,0x31,0x20,0x33,0x36,0x2e,0x32,0x31,0x37,0x2c,0x31,0x33,0x30,0x2e,0x37,0x35,
  0x38,0x20,0x34,0x34,0x2e,0x30,0x33,0x38,0x2c,0x31,0x34,0x30,0x2e,0x38,0x35,0x39,
  0x43,0x35,0x37,0x2e,0x39,0x35,0x31,0x2c,0x31,0x35,0x38,0x2e,0x38,0x32,0x38,0x20,
  0x36,0x31,0x2e,0x36,0x31,0x34,0x2c,0x31,0x37,0x33,0x2e,0x34,0x38,0x20,0x36,0x32,
  0x2e,0x30,0x38,0x35,0x2c,0x31,0x37,0x34,0x2e,0x36,0x39,0x35,0x43,0x36,0x37,0x2e,
  0x31,0x36,0x31,0x2c,0x31,0x38,0x37,0x2e,0x37,0x38,0x32,0x20,0x36,0x33,0x2e,0x32,
  0x39,0x37,0x2c,0x31,0x37,0x31,0x2e,0x38,0x33,0x36,0x20,0x36,0x33,0x2e,0x32,0x30,
  0x38,0x2c,0x31,0x37,0x31,0x2e,0x35,0x38,0x37,0x43,0x34,0x37,0x2e,0x30,0x39,0x35,
  0x2c,0x31,0x32,0x36,0x2e,0x35,0x34,0x34,0x20,0x36,0x36,0x2e,0x36,0x39,0x38,0x2c,
  0x37,0x31,0x2e,0x30,0x35,0x34,0x20,0x31,0x30,0x31,0x2e,0x37,0x2c,0x33,0x34,0x2e,
  0x36,0x39,0x36,0x43,0x31,0x32,0x34,0x2e,0x33,0x32,0x2c,0x31,0x31,0x2e,0x32,0x20,
  0x31,0x35,0x30,0x2e,0x31,0x37,0x38,0x2c,0x32,0x2e,0x30,0x32,0x39,0x20,0x31,0x35,
  0x31,0x2e,0x35,0x33,0x36,0x2c,0x32,0x2e,0x30,0x36,0x39,0x43,0x31,0x35,0x38,0x2e,
  0x39,0x35,0x39,0x2c,0x32,0x2e,0x32,0x38,0x37,0x20,0x31,0x33,0x39,0x2e,0x38,0x33,
  0x36,0x2c,0x37,0x2e,0x34,0x32,0x36,0x20,0x31,0x34,0x37,0x2e,0x30,0x31,0x34,0x2c,
  0x34,0x30,0x2e,0x35,0x37,0x43,0x31,0x35,0x33,0x2e,0x30,0x37,0x33,0x2c,0x36,0x38,
  0x2e,0x35,0x34,0x35,0x20,0x31,0x36,0x38,0x2e,0x33,0x37,0x2c,0x36,0x35,0x2e,0x32,
  0x31,0x31,0x20,0x31,0x37,0x37,0x2e,0x32,0x32,0x32,0x2c,0x39,0x39,0x2e,0x35,0x37,
  0x31,0x43,0x32,0x30,0x30,0x2e,0x33,0x33,0x37,0x2c,0x31,0x38,0x39,0x2e,0x32,0x39,
  0x34,0x20,0x39,0x39,0x2e,0x31,0x36,0x37,0x2c,0x32,0x33,0x39,0x2e,0x36,0x33,0x36,
  0x20,0x33,0x37,0x2e,0x34,0x36,0x33,0x2c,0x32,0x34,0x35,0x2e,0x30,0x35,0x32,0x43,
  0x39,0x2e,0x38,0x32,0x34,0x2c,0x32,0x34,0x37,0x2e,0x34,0x37,0x37,0x20,0x39,0x2e,
  0x39,0x31,0x38,0x2c,0x32,0x34,0x38,0x2e,0x32,0x36,0x37,0x20,0x37,0x2e,0x35,0x30,
  0x38,0x2c,0x32,0x34,0x38,0x2e,0x33,0x35,0x35,0x43,0x2d,0x30,0x2e,0x38,0x38,0x35,
  0x2c,0x32,0x34,0x38,0x2e,0x36,0x36,0x32,0x20,0x31,0x37,0x2e,0x39,0x32,0x2c,0x32,
  0x34,0x33,0x2e,0x34,0x34,0x33,0x20,0x31,0x39,0x2e,0x36,0x32,0x35,0x2c,0x32,0x34,
  0x32,0x2e,0x38,0x33,0x43,0x39,0x33,0x2e,0x38,0x36,0x38,0x2c,0x32,0x31,0x36,0x2e,
  0x31,0x35,0x31,0x20,0x31,0x31,0x37,0x2e,0x32,0x39,0x33,0x2c,0x31,0x37,0x32,0x2e,
  0x37,0x31,0x32,0x20,0x31,0x31,0x37,0x2e,0x32,0x35,0x34,0x2c,0x31,0x36,0x36,0x2e,
  0x35,0x31,0x31,0x43,0x31,0x31,0x37,0x2e,0x32,0x35,0x31,0x2c,0x31,0x36,0x36,0x2e,
  0x30,0x34,0x31,0x20,0x31,0x31,0x35,0x2e,0x35,0x36,0x35,0x2c,0x31,0x36,0x33,0x2e,
  0x30,0x33,0x39,0x20,0x31,0x31,0x32,0x2e,0x30,0x35,0x2c,0x31,0x36,0x39,0x2e,0x32,
  0x36,0x33,0x43,0x31,0x30,0x39,0x2e,0x35,0x37,0x39,0x2c,0x31,0x37,0x33,0x2e,0x36,
  0x33,0x39,0x20,0x39,0x37,0x2e,0x34,0x33,0x33,0x2c,0x31,0x39,0x35,0x2e,0x31,0x34,
  0x37,0x20,0x36,0x38,0x2e,0x35,0x38,0x31,0x2c,0x32,0x31,0x34,0x2e,0x36,0x31,0x37,
  0x43,0x33,0x34,0x2e,0x39,0x31,0x2c,0x32,0x33,0x37,0x2e,0x33,0x34,0x20,0x31,0x38,
  0x2e,0x37,0x33,0x31,0x2c,0x32,0x33,0x39,0x2e,0x32,0x38,0x33,0x20,0x36,0x2e,0x34,
  0x35,0x33,0x2c,0x32,0x34,0x34,0x2e,0x33,0x33,0x36,0x43,0x2d,0x31,0x2e,0x35,0x30,
  0x33,0x2c,0x32,0x34,0x37,0x2e,0x36,0x31,0x31,0x20,0x37,0x2e,0x34,0x31,0x37,0x2c,
  0x32,0x34,0x30,0x2e,0x35,0x32,0x37,0x20,0x39,0x2e,0x30,0x39,0x39,0x2c,0x32,0x33,
  0x38,0x2e,0x31,0x39,0x34,0x43,0x31,0x32,0x2e,0x33,0x33,0x39,0x2c,0x32,0x33,0x33,
  0x2e,0x37,0x30,0x33,0x20,0x33,0x32,0x2e,0x38,0x34,0x39,0x2c,0x32,0x30,0x36,0x2e,
  0x38,0x32,0x32,0x20,0x33,0x38,0x2e,0x30,0x33,0x37,0x2c,0x31,0x35,0x30,0x2e,0x34,
  0x38,0x5a,0x22,0x2f,0x3e,0x3c,0x2f,0x73,0x76,0x67,0x3e,0xd,0xa,
    // FolhaIcone.svg
  0x0,0x0,0x3,0x2e,
  0x3c,
  0x73,0x76,0x67,0x20,0x78,0x6d,0x6c,0x6e,0x73,0x3d,0x22,0x68,0x74,0x74,0x70,0x3a,
  0x2f,0x2f,0x77,0x77,0x77,0x2e,0x77,0x33,0x2e,0x6f,0x72,0x67,0x2f,0x32,0x30,0x30,
  0x30,0x2f,0x73,0x76,0x67,0x22,0x20,0x76,0x69,0x65,0x77,0x42,0x6f,0x78,0x3d,0x22,
  0x30,0x20,0x30,0x20,0x31,0x39,0x30,0x20,0x32,0x35,0x30,0x22,0x3e,0x3c,0x70,0x61,
  0x74,0x68,0x20,0x66,0x69,0x6c,0x6c,0x3d,0x22,0x23,0x32,0x32,0x35,0x34,0x33,0x44,
  0x22,0x20,0x64,0x3d,0x22,0x4d,0x33,0x38,0x2e,0x30,0x33,0x37,0x2c,0x31,0x35,0x30,
  0x2e,0x34,0x38,0x43,0x33,0x38,0x2e,0x31,0x30,0x31,0x2c,0x31,0x34,0x34,0x2e,0x30,
  0x30,0x31,0x20,0x33,0x36,0x2e,0x32,0x31,0x37,0x2c,0x31,0x33,0x30,0x2e,0x37,0x35,
  0x38,0x20,0x34,0x34,0x2e,0x30,0x33,0x38,0x2c,0x31,0x34,0x30,0x2e,0x38,0x35,0x39,
  0x43,0x35,0x37,0x2e,0x39,0x35,0x31,0x2c,0x31,0x35,0x38,0x2e,0x38,0x32,0x38,0x20,
  0x36,0x31,0x2e,0x36,0x31,0x34,0x2c,0x31,0x37,0x33,0x2e,0x34,0x38,0x20,0x36,0x32,
  0x2e,0x30,0x38,0x35,0x2c,0x31,0x37,0x34,0x2e,0x36,0x39,0x35,0x43,0x36,0x37,0x2e,
  0x31,0x36,0x31,0x2c,0x31,0x38,0x37,0x2e,0x37,0x38,0x32,0x20,0x36,0x33,0x2e,0x32,
  0x39,0x37,0x2c,0x31,0x37,0x31,0x2e,0x38,0x33,0x36,0x20,0x36,0x33,0x2e,0x32,0x30,
  0x38,0x2c,0x31,0x37,0x31,0x2e,0x35,0x38,0x37,0x43,0x34,0x37,0x2e,0x30,0x39,0x35,
  0x2c,0x31,0x32,0x36,0x2e,0x35,0x34,0x34,0x20,0x36,0x36,0x2e,0x36,0x39,0x38,0x2c,
  0x37,0x31,0x2e,0x30,0x35,0x34,0x20,0x31,0x30,0x31,0x2e,0x37,0x2c,0x33,0x34,0x2e,
  0x36,0x39,0x36,0x43,0x31,0x32,0x34,0x2e,0x33,0x32,0x2c,0x31,0x31,0x2e,0x32,0x20,
  0x31,0x35,0x30,0x2e,0x31,0x37,0x38,0x2c,0x32,0x2e,0x30,0x32,0x39,0x20,0x31,0x35,
  0x31,0x2e,0x35,0x33,0x36,0x2c,0x32,0x2e,0x30,0x36,0x39,0x43,0x31,0x35,0x38,0x2e,
  0x39,0x35,0x39,0x2c,0x32,0x2e,0x32,0x38,0x37,0x20,0x31,0x33,0x39,0x2e,0x38,0x33,
  0x36,0x2c,0x37,0x2e,0x34,0x32,0x36,0x20,0x31,0x34,0x37,0x2e,0x30,0x31,0x34,0x2c,
  0x34,0x30,0x2e,0x35,0x37,0x43,0x31,0x35,0x33,0x2e,0x30,0x37,0x33,0x2c,0x36,0x38,
  0x2e,0x35,0x34,0x35,0x20,0x31,0x36,0x38,0x2e,0x33,0x37,0x2c,0x36,0x35,0x2e,0x32,
  0x31,0x31,0x20,0x31,0x37,0x37,0x2e,0x32,0x32,0x32,0x2c,0x39,0x39,0x2e,0x35,0x37,
  0x31,0x43,0x32,0x30,0x30,0x2e,0x33,0x33,0x37,0x2c,0x31,0x38,0x39,0x2e,0x32,0x39,
  0x34,0x20,0x39,0x39,0x2e,0x31,0x36,0x37,0x2c,0x32,0x33,0x39,0x2e,0x36,0x33,0x36,
  0x20,0x33,0x37,0x2e,0x34,0x36,0x33,0x2c,0x32,0x34,0x35,0x2e,0x30,0x35,0x32,0x43,
  0x39,0x2e,0x38,0x32,0x34,0x2c,0x32,0x34,0x37,0x2e,0x34,0x37,0x37,0x20,0x39,0x2e,
  0x39,0x31,0x38,0x2c,0x32,0x34,0x38,0x2e,0x32,0x36,0x37,0x20,0x37,0x2e,0x35,0x30,
  0x38,0x2c,0x32,0x34,0x38,0x2e,0x33,0x35,0x35,0x43,0x2d,0x30,0x2e,0x38,0x38,0x35,
  0x2c,0x32,0x34,0x38,0x2e,0x36,0x36,0x32,0x20,0x31,0x37,0x2e,0x39,0x32,0x2c,0x32,
  0x34,0x33,0x2e,0x34,0x34,0x33,0x20,0x31,0x39,0x2e,0x36,0x32,0x35,0x2c,0x32,0x34,
  0x32,0x2e,0x38,0x33,0x43,0x39,0x33,0x2e,0x38,0x36,0x38,0x2c,0x32,0x31,0x36,0x2e,
  0x31,0x35,0x31,0x20,0x31,0x31,0x37,0x2e,0x32,0x39,0x33,0x2c,0x31,0x37,0x32,0x2e,
  0x37,0x31,0x32,0x20,0x31,0x31,0x37,0x2e,0x32,0x35,0x34,0x2c,0x31,0x36,0x36,0x2e,
  0x35,0x31,0x31,0x43,0x31,0x31,0x37,0x2e,0x32,0x35,0x31,0x2c,0x31,0x36,0x36,0x2e,
  0x30,0x34,0x31,0x20,0x31,0x31,0x35,0x2e,0x35,0x36,0x35,0x2c,0x31,0x36,0x33,0x2e,
  0x30,0x33,0x39,0x20,0x31,0x31,0x32,0x2e,0x30,0x35,0x2c,0x31,0x36,0x39,0x2e,0x32,
  0x36,0x33,0x43,0x31,0x30,0x39,0x2e,0x35,0x37,0x39,0x2c,0x31,0x37,0x33,0x2e,0x36,
  0x33,0x39,0x20,0x39,0x37,0x2e,0x34,0x33,0x33,0x2c,0x31,0x39,0x35,0x2e,0x31,0x34,
  0x37,0x20,0x36,0x38,0x2e,0x35,0x38,0x31,0x2c,0x32,0x31,0x34,0x2e,0x36,0x31,0x37,
  0x43,0x33,0x34,0x2e,0x39,0x31,0x2c,0x32,0x33,0x37,0x2e,0x33,0x34,0x20,0x31,0x38,
  0x2e,0x37,0x33,0x31,0x2c,0x32,0x33,0x39,0x2e,0x32,0x38,0x33,0x20,0x36,0x2e,0x34,
  0x35,0x33,0x2c,0x32,0x34,0x34,0x2e,0x33,0x33,0x36,0x43,0x2d,0x31,0x2e,0x35,0x30,
  0x33,0x2c,0x32,0x34,0x37,0x2e,0x36,0x31,0x31,0x20,0x37,0x2e,0x34,0x31,0x37,0x2c,
  0x32,0x34,0x30,0x2e,0x35,0x32,0x37,0x20,0x39,0x2e,0x30,0x39,0x39,0x2c,0x32,0x33,
  0x38,0x2e,0x31,0x39,0x34,0x43,0x31,0x32,0x2e,0x33,0x33,0x39,0x2c,0x32,0x33,0x33,
  0x2e,0x37,0x30,0x33,0x20,0x33,0x32,0x2e,0x38,0x34,0x39,0x2c,0x32,0x30,0x36,0x2e,
  0x38,0x32,0x32,0x20,0x33,0x38,0x2e,0x30,0x33,0x37,0x2c,0x31,0x35,0x30,0x2e,0x34,
  0x38,0x5a,0x22,0x2f,0x3e,0x3c,0x2f,0x73,0x76,0x67,0x3e,0xd,0xa,
    // AntroBege.svg
  0x0,0x0,0x1e,0xfc,
  0x3c,
  0x3f,0x78,0x6d,0x6c,0x20,0x76,0x65,0x72,0x73,0x69,0x6f,0x6e,0x3d,0x22,0x31,0x2e,
  0x30,0x22,0x20,0x65,0x6e,0x63,0x6f,0x64,0x69,0x6e,0x67,0x3d,0x22,0x55,0x54,0x46,
  0x2d,0x38,0x22,0x20,0x73,0x74,0x61,0x6e,0x64,0x61,0x6c,0x6f,0x6e,0x65,0x3d,0x22,
  0x6e,0x6f,0x22,0x3f,0x3e,0xa,0x3c,0x21,0x44,0x4f,0x43,0x54,0x59,0x50,0x45,0x20,
  0x73,0x76,0x67,0x20,0x50,0x55,0x42,0x4c,0x49,0x43,0x20,0x22,0x2d,0x2f,0x2f,0x57,
  0x33,0x43,0x2f,0x2f,0x44,0x54,0x44,0x20,0x53,0x56,0x47,0x20,0x31,0x2e,0x31,0x2f,
  0x2f,0x45,0x4e,0x22,0x20,0x22,0x68,0x74,0x74,0x70,0x3a,0x2f,0x2f,0x77,0x77,0x77,
  0x2e,0x77,0x33,0x2e,0x6f,0x72,0x67,0x2f,0x47,0x72,0x61,0x70,0x68,0x69,0x63,0x73,
  0x2f,0x53,0x56,0x47,0x2f,0x31,0x2e,0x31,0x2f,0x44,0x54,0x44,0x2f,0x73,0x76,0x67,
  0x31,0x31,0x2e,0x64,0x74,0x64,0x22,0x3e,0xa,0x3c,0x73,0x76,0x67,0x20,0x77,0x69,
  0x64,0x74,0x68,0x3d,0x22,0x31,0x30,0x30,0x25,0x22,0x20,0x68,0x65,0x69,0x67,0x68,
  0x74,0x3d,0x22,0x31,0x30,0x30,0x25,0x22,0x20,0x76,0x69,0x65,0x77,0x42,0x6f,0x78,
  0x3d,0x22,0x30,0x20,0x30,0x20,0x31,0x32,0x30,0x38,0x20,0x33,0x38,0x33,0x22,0x20,
  0x76,0x65,0x72,0x73,0x69,0x6f,0x6e,0x3d,0x22,0x31,0x2e,0x31,0x22,0x20,0x78,0x6d,
  0x6c,0x6e,0x73,0x3d,0x22,0x68,0x74,0x74,0x70,0x3a,0x2f,0x2f,0x77,0x77,0x77,0x2e,
  0x77,0x33,0x2e,0x6f,0x72,0x67,0x2f,0x32,0x30,0x30,0x30,0x2f,0x73,0x76,0x67,0x22,
  0x20,0x78,0x6d,0x6c,0x6e,0x73,0x3a,0x78,0x6c,0x69,0x6e,0x6b,0x3d,0x22,0x68,0x74,
  0x74,0x70,0x3a,0x2f,0x2f,0x77,0x77,0x77,0x2e,0x77,0x33,0x2e,0x6f,0x72,0x67,0x2f,
  0x31,0x39,0x39,0x39,0x2f,0x78,0x6c,0x69,0x6e,0x6b,0x22,0x20,0x78,0x6d,0x6c,0x3a,
  0x73,0x70,0x61,0x63,0x65,0x3d,0x22,0x70,0x72,0x65,0x73,0x65,0x72,0x76,0x65,0x22,
  0x20,0x78,0x6d,0x6c,0x6e,0x73,0x3a,0x61,0x66,0x66,0x69,0x6e,0x69,0x74,0x79,0x3d,
  0x22,0x68,0x74,0x74,0x70,0x73,0x3a,0x2f,0x2f,0x77,0x77,0x77,0x2e,0x61,0x66,0x66,
  0x69,0x6e,0x69,0x74,0x79,0x2e,0x73,0x74,0x75,0x64,0x69,0x6f,0x2f,0x22,0x20,0x73,
  0x74,0x79,0x6c,0x65,0x3d,0x22,0x66,0x69,0x6c,0x6c,0x2d,0x72,0x75,0x6c,0x65,0x3a,
  0x65,0x76,0x65,0x6e,0x6f,0x64,0x64,0x3b,0x63,0x6c,0x69,0x70,0x2d,0x72,0x75,0x6c,
  0x65,0x3a,0x65,0x76,0x65,0x6e,0x6f,0x64,0x64,0x3b,0x73,0x74,0x72,0x6f,0x6b,0x65,
  0x2d,0x6c,0x69,0x6e,0x65,0x6a,0x6f,0x69,0x6e,0x3a,0x72,0x6f,0x75,0x6e,0x64,0x3b,
  0x73,0x74,0x72,0x6f,0x6b,0x65,0x2d,0x6d,0x69,0x74,0x65,0x72,0x6c,0x69,0x6d,0x69,
  0x74,0x3a,0x32,0x3b,0x22,0x3e,0xa,0x20,0x20,0x20,0x20,0x3c,0x67,0x20,0x69,0x64,
  0x3d,0x22,0x50,0x72,0x61,0x6e,0x63,0x68,0x65,0x74,0x61,0x31,0x22,0x20,0x74,0x72,
  0x61,0x6e,0x73,0x66,0x6f,0x72,0x6d,0x3d,0x22,0x6d,0x61,0x74,0x72,0x69,0x78,0x28,
  0x31,0x2c,0x30,0x2c,0x30,0x2c,0x31,0x2c,0x2d,0x36,0x30,0x38,0x2e,0x31,0x38,0x34,
  0x36,0x34,0x32,0x2c,0x2d,0x31,0x34,0x34,0x32,0x2e,0x34,0x39,0x39,0x30,0x36,0x34,
  0x29,0x22,0x3e,0xa,0x20,0x20,0x20,0x20,0x20,0x20,0x20,0x20,0x3c,0x72,0x65,0x63,
  0x74,0x20,0x78,0x3d,0x22,0x36,0x35,0x38,0x2e,0x31,0x38,0x35,0x22,0x20,0x79,0x3d,
  0x22,0x31,0x34,0x39,0x32,0x2e,0x34,0x39,0x39,0x22,0x20,0x77,0x69,0x64,0x74,0x68,
  0x3d,0x22,0x38,0x34,0x37,0x2e,0x31,0x31,0x38,0x22,0x20,0x68,0x65,0x69,0x67,0x68,
  0x74,0x3d,0x22,0x32,0x39,0x39,0x2e,0x30,0x33,0x32,0x22,0x20,0x73,0x74,0x79,0x6c,
  0x65,0x3d,0x22,0x66,0x69,0x6c,0x6c,0x3a,0x6e,0x6f,0x6e,0x65,0x3b,0x22,0x2f,0x3e,
  0xa,0x20,0x20,0x20,0x20,0x20,0x20,0x20,0x20,0x3c,0x67,0x20,0x74,0x72,0x61,0x6e,
  0x73,0x66,0x6f,0x72,0x6d,0x3d,0x22,0x6d,0x61,0x74,0x72,0x69,0x78,0x28,0x31,0x2c,
  0x30,0x2c,0x30,0x2c,0x31,0x2c,0x36,0x35,0x36,0x2e,0x31,0x38,0x34,0x36,0x34,0x32,
  0x2c,0x31,0x35,0x30,0x36,0x2e,0x34,0x39,0x39,0x30,0x36,0x34,0x29,0x22,0x3e,0xa,
  0x20,0x20,0x20,0x20,0x20,0x20,0x20,0x20,0x20,0x20,0x20,0x20,0x3c,0x70,0x61,0x74,
  0x68,0x20,0x64,0x3d,0x22,0x4d,0x37,0x36,0x33,0x2e,0x34,0x39,0x38,0x2c,0x32,0x34,
  0x37,0x2e,0x39,0x36,0x31,0x43,0x37,0x35,0x30,0x2e,0x39,0x34,0x31,0x2c,0x32,0x34,
  0x37,0x2e,0x38,0x37,0x31,0x20,0x37,0x35,0x30,0x2e,0x39,0x35,0x37,0x2c,0x32,0x34,
  0x38,0x2e,0x30,0x34,0x37,0x20,0x37,0x34,0x30,0x2e,0x34,0x34,0x35,0x2c,0x32,0x34,
  0x35,0x2e,0x39,0x31,0x36,0x43,0x37,0x33,0x37,0x2e,0x33,0x31,0x2c,0x32,0x34,0x35,
  0x2e,0x32,0x38,0x20,0x37,0x31,0x37,0x2e,0x35,0x39,0x35,0x2c,0x32,0x34,0x31,0x2e,
  0x32,0x38,0x34,0x20,0x37,0x30,0x34,0x2e,0x33,0x38,0x35,0x2c,0x32,0x32,0x38,0x2e,
  0x36,0x32,0x31,0x43,0x36,0x36,0x32,0x2e,0x36,0x39,0x36,0x2c,0x31,0x38,0x38,0x2e,
  0x36,0x35,0x39,0x20,0x36,0x37,0x37,0x2e,0x34,0x35,0x31,0x2c,0x31,0x32,0x30,0x2e,
  0x31,0x34,0x37,0x20,0x36,0x39,0x38,0x2e,0x33,0x37,0x36,0x2c,0x39,0x38,0x2e,0x33,
  0x38,0x35,0x43,0x37,0x31,0x30,0x2e,0x39,0x36,0x31,0x2c,0x38,0x35,0x2e,0x32,0x39,
  0x37,0x20,0x37,0x31,0x32,0x2e,0x34,0x38,0x31,0x2c,0x38,0x37,0x2e,0x32,0x30,0x31,
  0x20,0x37,0x31,0x37,0x2e,0x33,0x36,0x2c,0x38,0x33,0x2e,0x33,0x31,0x32,0x43,0x37,
  0x32,0x37,0x2e,0x36,0x35,0x31,0x2c,0x37,0x35,0x2e,0x31,0x31,0x20,0x37,0x36,0x30,
  0x2e,0x38,0x37,0x31,0x2c,0x37,0x31,0x2e,0x33,0x37,0x32,0x20,0x37,0x36,0x36,0x2e,
  0x35,0x32,0x33,0x2c,0x37,0x32,0x2e,0x32,0x37,0x38,0x43,0x37,0x37,0x39,0x2e,0x33,
  0x32,0x39,0x2c,0x37,0x34,0x2e,0x33,0x33,0x31,0x20,0x37,0x37,0x39,0x2e,0x34,0x32,
  0x33,0x2c,0x37,0x33,0x2e,0x31,0x38,0x36,0x20,0x37,0x38,0x30,0x2e,0x35,0x30,0x39,
  0x2c,0x37,0x33,0x2e,0x34,0x37,0x33,0x43,0x37,0x39,0x31,0x2e,0x33,0x39,0x37,0x2c,
  0x37,0x36,0x2e,0x33,0x35,0x34,0x20,0x37,0x39,0x32,0x2e,0x32,0x32,0x36,0x2c,0x37,
  0x33,0x2e,0x38,0x32,0x39,0x20,0x38,0x31,0x31,0x2e,0x33,0x34,0x36,0x2c,0x38,0x33,
  0x2e,0x37,0x39,0x34,0x43,0x38,0x32,0x37,0x2e,0x33,0x32,0x39,0x2c,0x39,0x32,0x2e,
  0x31,0x32,0x34,0x20,0x38,0x33,0x39,0x2e,0x32,0x34,0x35,0x2c,0x31,0x30,0x39,0x2e,
  0x39,0x31,0x38,0x20,0x38,0x34,0x33,0x2e,0x35,0x34,0x31,0x2c,0x31,0x32,0x32,0x2e,
  0x34,0x38,0x33,0x43,0x38,0x35,0x34,0x2e,0x39,0x30,0x31,0x2c,0x31,0x35,0x35,0x2e,
  0x37,0x31,0x33,0x20,0x38,0x34,0x37,0x2e,0x39,0x36,0x2c,0x31,0x38,0x34,0x2e,0x31,
  0x34,0x35,0x20,0x38,0x34,0x34,0x2e,0x35,0x34,0x34,0x2c,0x31,0x39,0x35,0x2e,0x35,
  0x31,0x37,0x43,0x38,0x34,0x30,0x2e,0x31,0x35,0x2c,0x32,0x31,0x30,0x2e,0x31,0x34,
  0x35,0x20,0x38,0x32,0x38,0x2e,0x32,0x38,0x38,0x2c,0x32,0x32,0x34,0x2e,0x30,0x32,
  0x31,0x20,0x38,0x32,0x36,0x2e,0x36,0x31,0x36,0x2c,0x32,0x32,0x35,0x2e,0x36,0x32,
  0x31,0x43,0x38,0x32,0x35,0x2e,0x38,0x33,0x39,0x2c,0x32,0x32,0x36,0x2e,0x33,0x36,
  0x35,0x20,0x38,0x32,0x30,0x2e,0x39,0x31,0x33,0x2c,0x32,0x33,0x31,0x2e,0x30,0x38,
  0x33,0x20,0x38,0x31,0x36,0x2e,0x32,0x31,0x32,0x2c,0x32,0x33,0x34,0x2e,0x31,0x34,
  0x33,0x43,0x37,0x39,0x32,0x2e,0x31,0x34,0x33,0x2c,0x32,0x34,0x39,0x2e,0x38,0x31,
  0x20,0x37,0x36,0x38,0x2e,0x36,0x36,0x35,0x2c,0x32,0x34,0x37,0x2e,0x39,0x39,0x20,
  0x37,0x36,0x33,0x2e,0x34,0x39,0x38,0x2c,0x32,0x34,0x37,0x2e,0x39,0x36,0x31,0x5a,
  0x4d,0x37,0x33,0x32,0x2e,0x39,0x35,0x35,0x2c,0x31,0x34,0x33,0x2e,0x34,0x39,0x33,
  0x43,0x37,0x33,0x32,0x2e,0x38,0x38,0x39,0x2c,0x31,0x32,0x35,0x2e,0x37,0x32,0x33,
  0x20,0x37,0x33,0x33,0x2e,0x38,0x37,0x33,0x2c,0x31,0x32,0x35,0x2e,0x38,0x35,0x35,
  0x20,0x37,0x33,0x34,0x2e,0x38,0x37,0x36,0x2c,0x31,0x31,0x31,0x2e,0x35,0x32,0x33,
  0x43,0x37,0x33,0x35,0x2e,0x31,0x31,0x38,0x2c,0x31,0x30,0x38,0x2e,0x30,0x37,0x20,
  0x37,0x33,0x39,0x2e,0x37,0x32,0x31,0x2c,0x39,0x33,0x2e,0x38,0x39,0x33,0x20,0x37,
  0x34,0x30,0x2e,0x36,0x38,0x35,0x2c,0x39,0x32,0x2e,0x36,0x33,0x31,0x43,0x37,0x34,
  0x34,0x2e,0x34,0x36,0x37,0x2c,0x38,0x37,0x2e,0x36,0x38,0x32,0x20,0x37,0x34,0x33,
  0x2e,0x36,0x37,0x35,0x2c,0x38,0x35,0x2e,0x31,0x39,0x35,0x20,0x37,0x34,0x39,0x2e,
  0x33,0x34,0x34,0x2c,0x38,0x32,0x2e,0x32,0x30,0x31,0x43,0x37,0x35,0x30,0x2e,0x34,
  0x31,0x2c,0x38,0x31,0x2e,0x36,0x33,0x38,0x20,0x37,0x35,0x37,0x2e,0x34,0x37,0x2c,
  0x37,0x37,0x2e,0x39,0x31,0x20,0x37,0x36,0x34,0x2e,0x33,0x34,0x33,0x2c,0x38,0x33,
  0x2e,0x36,0x38,0x38,0x43,0x37,0x38,0x38,0x2e,0x30,0x36,0x38,0x2c,0x31,0x30,0x33,
  0x2e,0x36,0x33,0x36,0x20,0x37,0x39,0x33,0x2e,0x39,0x35,0x36,0x2c,0x31,0x35,0x34,
  0x2e,0x36,0x35,0x34,0x20,0x37,0x39,0x34,0x2e,0x31,0x34,0x31,0x2c,0x31,0x36,0x38,
  0x2e,0x35,0x30,0x37,0x43,0x37,0x39,0x34,0x2e,0x33,0x33,0x39,0x2c,0x31,0x38,0x33,
  0x2e,0x33,0x30,0x35,0x20,0x37,0x39,0x34,0x2e,0x39,0x35,0x37,0x2c,0x31,0x38,0x33,
  0x2e,0x32,0x38,0x32,0x20,0x37,0x39,0x34,0x2e,0x37,0x37,0x32,0x2c,0x31,0x38,0x34,
  0x2e,0x35,0x35,0x33,0x43,0x37,0x39,0x32,0x2e,0x37,0x37,0x37,0x2c,0x31,0x39,0x38,
  0x2e,0x32,0x38,0x31,0x20,0x37,0x39,0x36,0x2e,0x32,0x38,0x37,0x2c,0x32,0x30,0x38,
  0x2e,0x39,0x35,0x33,0x20,0x37,0x38,0x35,0x2e,0x31,0x31,0x37,0x2c,0x32,0x33,0x31,
  0x2e,0x33,0x30,0x39,0x43,0x37,0x37,0x38,0x2e,0x32,0x35,0x31,0x2c,0x32,0x34,0x35,
  0x2e,0x30,0x35,0x31,0x20,0x37,0x36,0x33,0x2e,0x39,0x36,0x37,0x2c,0x32,0x34,0x33,
  0x2e,0x32,0x38,0x36,0x20,0x37,0x35,0x32,0x2e,0x38,0x39,0x33,0x2c,0x32,0x32,0x34,
  0x2e,0x32,0x38,0x43,0x37,0x33,0x34,0x2e,0x36,0x36,0x32,0x2c,0x31,0x39,0x32,0x2e,
  0x39,0x39,0x33,0x20,0x37,0x33,0x35,0x2e,0x30,0x30,0x32,0x2c,0x31,0x35,0x39,0x2e,
  0x31,0x37,0x37,0x20,0x37,0x33,0x32,0x2e,0x39,0x35,0x35,0x2c,0x31,0x34,0x33,0x2e,
  0x34,0x39,0x33,0x5a,0x22,0x20,0x73,0x74,0x79,0x6c,0x65,0x3d,0x22,0x66,0x69,0x6c,
  0x6c,0x3a,0x72,0x67,0x62,0x28,0x32,0x33,0x34,0x2c,0x32,0x33,0x30,0x2c,0x32,0x31,
  0x34,0x29,0x3b,0x66,0x69,0x6c,0x6c,0x2d,0x6f,0x70,0x61,0x63,0x69,0x74,0x79,0x3a,
  0x31,0x3b,0x22,0x2f,0x3e,0xa,0x20,0x20,0x20,0x20,0x20,0x20,0x20,0x20,0x20,0x20,
  0x20,0x20,0x3c,0x70,0x61,0x74,0x68,0x20,0x64,0x3d,0x22,0x4d,0x31,0x32,0x35,0x2e,
  0x30,0x37,0x35,0x2c,0x31,0x34,0x39,0x2e,0x34,0x34,0x31,0x43,0x31,0x32,0x31,0x2e,
  0x37,0x37,0x38,0x2c,0x31,0x34,0x32,0x2e,0x32,0x30,0x32,0x20,0x31,0x31,0x39,0x2e,
  0x35,0x37,0x33,0x2c,0x31,0x33,0x39,0x2e,0x37,0x31,0x33,0x20,0x31,0x31,0x35,0x2e,
  0x37,0x38,0x31,0x2c,0x31,0x32,0x39,0x2e,0x33,0x38,0x33,0x43,0x31,0x30,0x39,0x2e,
  0x34,0x32,0x36,0x2c,0x31,0x31,0x32,0x2e,0x30,0x37,0x20,0x31,0x30,0x38,0x2e,0x31,
  0x33,0x34,0x2c,0x31,0x31,0x32,0x2e,0x36,0x35,0x39,0x20,0x31,0x30,0x31,0x2e,0x37,
  0x38,0x2c,0x39,0x35,0x2e,0x33,0x38,0x33,0x43,0x31,0x30,0x30,0x2e,0x38,0x34,0x38,
  0x2c,0x39,0x32,0x2e,0x38,0x35,0x20,0x39,0x35,0x2e,0x30,0x37,0x36,0x2c,0x37,0x39,
  0x2e,0x37,0x33,0x33,0x20,0x39,0x32,0x2e,0x37,0x37,0x34,0x2c,0x37,0x33,0x2e,0x33,
  0x38,0x36,0x43,0x39,0x30,0x2e,0x30,0x33,0x32,0x2c,0x36,0x35,0x2e,0x38,0x32,0x38,
  0x20,0x37,0x39,0x2e,0x30,0x33,0x35,0x2c,0x34,0x30,0x2e,0x32,0x31,0x36,0x20,0x37,
  0x37,0x2e,0x38,0x30,0x33,0x2c,0x33,0x37,0x2e,0x33,0x34,0x37,0x43,0x37,0x34,0x2e,
  0x39,0x35,0x31,0x2c,0x33,0x30,0x2e,0x37,0x30,0x34,0x20,0x37,0x34,0x2e,0x30,0x33,
  0x34,0x2c,0x33,0x38,0x2e,0x38,0x32,0x32,0x20,0x37,0x33,0x2e,0x31,0x39,0x35,0x2c,
  0x34,0x30,0x2e,0x33,0x35,0x31,0x43,0x37,0x31,0x2e,0x37,0x31,0x2c,0x34,0x33,0x2e,
  0x30,0x35,0x37,0x20,0x34,0x34,0x2e,0x33,0x32,0x37,0x2c,0x31,0x30,0x37,0x2e,0x32,
  0x35,0x35,0x20,0x34,0x33,0x2e,0x35,0x33,0x38,0x2c,0x31,0x30,0x39,0x2e,0x35,0x31,
  0x36,0x43,0x33,0x39,0x2e,0x30,0x32,0x39,0x2c,0x31,0x32,0x32,0x2e,0x34,0x33,0x31,
  0x20,0x32,0x31,0x2e,0x33,0x30,0x36,0x2c,0x31,0x35,0x35,0x2e,0x32,0x33,0x36,0x20,
  0x34,0x32,0x2e,0x38,0x38,0x39,0x2c,0x31,0x39,0x32,0x2e,0x32,0x38,0x43,0x34,0x35,
  0x2e,0x38,0x38,0x33,0x2c,0x31,0x39,0x37,0x2e,0x34,0x31,0x37,0x20,0x35,0x35,0x2e,
  0x31,0x35,0x31,0x2c,0x32,0x30,0x36,0x2e,0x36,0x37,0x34,0x20,0x35,0x37,0x2e,0x37,
  0x33,0x33,0x2c,0x32,0x30,0x38,0x2e,0x31,0x30,0x31,0x43,0x36,0x37,0x2e,0x37,0x30,
  0x34,0x2c,0x32,0x31,0x33,0x2e,0x36,0x30,0x38,0x20,0x36,0x39,0x2e,0x39,0x33,0x36,
  0x2c,0x32,0x31,0x31,0x2e,0x38,0x36,0x37,0x20,0x36,0x39,0x2e,0x38,0x38,0x31,0x2c,
  0x32,0x31,0x35,0x2e,0x34,0x39,0x36,0x43,0x36,0x39,0x2e,0x33,0x36,0x32,0x2c,0x32,
  0x35,0x30,0x2e,0x33,0x35,0x33,0x20,0x32,0x38,0x2e,0x37,0x38,0x34,0x2c,0x32,0x35,
  0x38,0x2e,0x39,0x35,0x39,0x20,0x31,0x30,0x2e,0x37,0x36,0x31,0x2c,0x32,0x33,0x34,
  0x2e,0x33,0x33,0x34,0x43,0x2d,0x31,0x31,0x2e,0x32,0x33,0x37,0x2c,0x32,0x30,0x34,
  0x2e,0x32,0x37,0x35,0x20,0x31,0x32,0x2e,0x32,0x30,0x39,0x2c,0x31,0x36,0x32,0x2e,
  0x38,0x31,0x32,0x20,0x32,0x34,0x2e,0x38,0x30,0x34,0x2c,0x31,0x33,0x31,0x2e,0x36,
  0x35,0x43,0x32,0x35,0x2e,0x37,0x38,0x38,0x2c,0x31,0x32,0x39,0x2e,0x32,0x31,0x35,
  0x20,0x32,0x39,0x2e,0x36,0x33,0x36,0x2c,0x31,0x32,0x31,0x2e,0x32,0x30,0x34,0x20,
  0x33,0x30,0x2e,0x30,0x36,0x39,0x2c,0x31,0x32,0x30,0x2e,0x33,0x30,0x31,0x43,0x33,
  0x36,0x2e,0x36,0x36,0x36,0x2c,0x31,0x30,0x36,0x2e,0x35,0x36,0x36,0x20,0x33,0x35,
  0x2e,0x34,0x31,0x38,0x2c,0x31,0x30,0x36,0x2e,0x31,0x33,0x33,0x20,0x34,0x32,0x2e,
  0x30,0x38,0x33,0x2c,0x39,0x32,0x2e,0x33,0x30,0x38,0x43,0x34,0x32,0x2e,0x39,0x35,
  0x35,0x2c,0x39,0x30,0x2e,0x35,0x30,0x31,0x20,0x34,0x32,0x2e,0x30,0x35,0x38,0x2c,
  0x39,0x30,0x2e,0x31,0x34,0x35,0x20,0x35,0x32,0x2e,0x30,0x36,0x38,0x2c,0x36,0x39,
  0x2e,0x33,0x30,0x31,0x43,0x35,0x38,0x2e,0x38,0x34,0x32,0x2c,0x35,0x35,0x2e,0x31,
  0x39,0x32,0x20,0x37,0x32,0x2e,0x38,0x37,0x39,0x2c,0x31,0x34,0x2e,0x31,0x36,0x37,
  0x20,0x38,0x31,0x2e,0x32,0x35,0x31,0x2c,0x39,0x2e,0x31,0x30,0x33,0x43,0x38,0x34,
  0x2e,0x35,0x37,0x2c,0x37,0x2e,0x30,0x39,0x35,0x20,0x38,0x34,0x2e,0x31,0x39,0x38,
  0x2c,0x36,0x2e,0x36,0x36,0x39,0x20,0x38,0x37,0x2e,0x36,0x35,0x2c,0x34,0x2e,0x38,
  0x30,0x32,0x43,0x39,0x35,0x2e,0x33,0x37,0x35,0x2c,0x30,0x2e,0x36,0x32,0x32,0x20,
  0x31,0x31,0x35,0x2e,0x35,0x39,0x31,0x2c,0x32,0x2e,0x34,0x32,0x36,0x20,0x31,0x33,
  0x38,0x2e,0x35,0x30,0x31,0x2c,0x32,0x2e,0x30,0x39,0x32,0x43,0x31,0x33,0x38,0x2e,
  0x38,0x34,0x33,0x2c,0x32,0x2e,0x30,0x38,0x37,0x20,0x31,0x34,0x34,0x2e,0x31,0x31,
  0x39,0x2c,0x32,0x2e,0x30,0x31,0x20,0x31,0x34,0x32,0x2e,0x31,0x39,0x35,0x2c,0x34,
  0x2e,0x32,0x36,0x43,0x31,0x32,0x36,0x2e,0x31,0x39,0x33,0x2c,0x32,0x32,0x2e,0x39,
  0x37,0x38,0x20,0x31,0x34,0x34,0x2e,0x37,0x31,0x37,0x2c,0x34,0x36,0x2e,0x33,0x31,
  0x33,0x20,0x31,0x35,0x38,0x2e,0x32,0x32,0x35,0x2c,0x38,0x33,0x2e,0x36,0x31,0x34,
  0x43,0x31,0x35,0x38,0x2e,0x35,0x39,0x36,0x2c,0x38,0x34,0x2e,0x36,0x33,0x38,0x20,
  0x31,0x36,0x38,0x2e,0x32,0x37,0x32,0x2c,0x31,0x30,0x37,0x2e,0x32,0x31,0x34,0x20,
  0x31,0x37,0x30,0x2e,0x32,0x32,0x32,0x2c,0x31,0x31,0x32,0x2e,0x36,0x31,0x36,0x43,
  0x31,0x37,0x30,0x2e,0x39,0x38,0x31,0x2c,0x31,0x31,0x34,0x2e,0x37,0x31,0x36,0x20,
  0x31,0x37,0x34,0x2e,0x37,0x38,0x39,0x2c,0x31,0x32,0x32,0x2e,0x38,0x38,0x33,0x20,
  0x31,0x37,0x37,0x2e,0x32,0x32,0x34,0x2c,0x31,0x32,0x39,0x2e,0x36,0x31,0x35,0x43,
  0x31,0x38,0x31,0x2e,0x31,0x35,0x39,0x2c,0x31,0x34,0x30,0x2e,0x34,0x39,0x34,0x20,
  0x31,0x38,0x36,0x2e,0x36,0x37,0x36,0x2c,0x31,0x35,0x32,0x2e,0x35,0x30,0x37,0x20,
  0x31,0x38,0x37,0x2e,0x35,0x37,0x35,0x2c,0x31,0x35,0x34,0x2e,0x34,0x36,0x34,0x43,
  0x31,0x38,0x39,0x2e,0x31,0x36,0x32,0x2c,0x31,0x35,0x37,0x2e,0x39,0x32,0x20,0x32,
  0x30,0x39,0x2e,0x39,0x36,0x38,0x2c,0x32,0x30,0x39,0x2e,0x35,0x38,0x34,0x20,0x32,
  0x31,0x32,0x2e,0x31,0x39,0x35,0x2c,0x32,0x31,0x33,0x2e,0x36,0x34,0x39,0x43,0x32,
  0x31,0x33,0x2e,0x30,0x35,0x38,0x2c,0x32,0x31,0x35,0x2e,0x32,0x32,0x33,0x20,0x32,
  0x31,0x31,0x2e,0x39,0x35,0x33,0x2c,0x32,0x31,0x35,0x2e,0x36,0x35,0x37,0x20,0x32,
  0x32,0x30,0x2e,0x35,0x37,0x37,0x2c,0x32,0x33,0x34,0x2e,0x34,0x36,0x33,0x43,0x32,
  0x32,0x35,0x2e,0x34,0x33,0x2c,0x32,0x34,0x35,0x2e,0x30,0x34,0x36,0x20,0x32,0x32,
  0x34,0x2e,0x35,0x38,0x35,0x2c,0x32,0x34,0x35,0x2e,0x36,0x38,0x31,0x20,0x32,0x32,
  0x33,0x2e,0x36,0x36,0x33,0x2c,0x32,0x34,0x35,0x2e,0x39,0x30,0x31,0x43,0x32,0x32,
  0x33,0x2e,0x32,0x31,0x39,0x2c,0x32,0x34,0x36,0x2e,0x30,0x30,0x36,0x20,0x31,0x35,
  0x30,0x2e,0x32,0x39,0x37,0x2c,0x32,0x34,0x35,0x2e,0x39,0x31,0x36,0x20,0x31,0x34,
  0x39,0x2e,0x34,0x39,0x39,0x2c,0x32,0x34,0x35,0x2e,0x39,0x34,0x37,0x43,0x31,0x34,
  0x39,0x2e,0x31,0x33,0x35,0x2c,0x32,0x34,0x35,0x2e,0x39,0x36,0x31,0x20,0x31,0x34,
  0x33,0x2e,0x31,0x35,0x2c,0x32,0x34,0x36,0x2e,0x31,0x39,0x20,0x31,0x34,0x35,0x2e,
  0x32,0x32,0x33,0x2c,0x32,0x34,0x34,0x2e,0x33,0x36,0x43,0x31,0x35,0x30,0x2e,0x32,
  0x32,0x35,0x2c,0x32,0x33,0x39,0x2e,0x39,0x34,0x33,0x20,0x31,0x35,0x31,0x2e,0x31,
  0x32,0x31,0x2c,0x32,0x33,0x31,0x2e,0x36,0x37,0x32,0x20,0x31,0x35,0x31,0x2e,0x32,
  0x35,0x31,0x2c,0x32,0x33,0x30,0x2e,0x34,0x36,0x37,0x43,0x31,0x35,0x31,0x2e,0x35,
  0x32,0x39,0x2c,0x32,0x32,0x37,0x2e,0x39,0x20,0x31,0x35,0x33,0x2e,0x39,0x31,0x32,
  0x2c,0x32,0x32,0x33,0x2e,0x38,0x36,0x37,0x20,0x31,0x34,0x35,0x2e,0x37,0x37,0x31,
  0x2c,0x32,0x30,0x31,0x2e,0x33,0x38,0x37,0x43,0x31,0x34,0x35,0x2e,0x30,0x38,0x37,
  0x2c,0x31,0x39,0x39,0x2e,0x34,0x39,0x39,0x20,0x31,0x34,0x30,0x2e,0x35,0x39,0x36,
  0x2c,0x31,0x38,0x37,0x2e,0x30,0x39,0x36,0x20,0x31,0x33,0x35,0x2e,0x38,0x30,0x35,
  0x2c,0x31,0x37,0x38,0x2e,0x33,0x35,0x31,0x43,0x31,0x33,0x32,0x2e,0x30,0x30,0x39,
  0x2c,0x31,0x37,0x31,0x2e,0x34,0x32,0x32,0x20,0x31,0x33,0x31,0x2e,0x30,0x32,0x38,
  0x2c,0x31,0x35,0x36,0x2e,0x37,0x31,0x33,0x20,0x31,0x30,0x38,0x2e,0x35,0x39,0x36,
  0x2c,0x31,0x35,0x30,0x2e,0x32,0x32,0x35,0x43,0x31,0x30,0x31,0x2e,0x38,0x34,0x39,
  0x2c,0x31,0x34,0x38,0x2e,0x32,0x37,0x34,0x20,0x38,0x31,0x2e,0x30,0x38,0x2c,0x31,
  0x34,0x39,0x2e,0x31,0x31,0x35,0x20,0x36,0x37,0x2e,0x36,0x32,0x32,0x2c,0x31,0x36,
  0x32,0x2e,0x36,0x32,0x34,0x43,0x36,0x32,0x2e,0x32,0x36,0x2c,0x31,0x36,0x38,0x2e,
  0x30,0x30,0x35,0x20,0x36,0x31,0x2e,0x36,0x38,0x2c,0x31,0x36,0x37,0x2e,0x35,0x36,
  0x38,0x20,0x35,0x38,0x2e,0x35,0x38,0x32,0x2c,0x31,0x37,0x34,0x2e,0x35,0x35,0x37,
  0x43,0x35,0x37,0x2e,0x33,0x33,0x31,0x2c,0x31,0x37,0x37,0x2e,0x33,0x37,0x39,0x20,
  0x35,0x35,0x2e,0x37,0x34,0x35,0x2c,0x31,0x37,0x34,0x2e,0x30,0x31,0x37,0x20,0x35,
  0x33,0x2e,0x33,0x36,0x33,0x2c,0x31,0x37,0x31,0x2e,0x36,0x33,0x31,0x43,0x35,0x30,
  0x2e,0x32,0x37,0x36,0x2c,0x31,0x36,0x38,0x2e,0x35,0x33,0x37,0x20,0x33,0x35,0x2e,
  0x39,0x35,0x37,0x2c,0x31,0x34,0x36,0x2e,0x37,0x33,0x39,0x20,0x35,0x33,0x2e,0x33,
  0x34,0x32,0x2c,0x31,0x32,0x39,0x2e,0x33,0x34,0x35,0x43,0x37,0x35,0x2e,0x35,0x36,
  0x32,0x2c,0x31,0x30,0x37,0x2e,0x31,0x31,0x35,0x20,0x31,0x31,0x32,0x2e,0x31,0x33,
  0x34,0x2c,0x31,0x33,0x30,0x2e,0x31,0x20,0x31,0x32,0x30,0x2e,0x39,0x38,0x39,0x2c,
  0x31,0x34,0x36,0x2e,0x30,0x38,0x36,0x43,0x31,0x32,0x31,0x2e,0x37,0x31,0x33,0x2c,
  0x31,0x34,0x37,0x2e,0x33,0x39,0x34,0x20,0x31,0x32,0x32,0x2e,0x37,0x36,0x33,0x2c,
  0x31,0x34,0x38,0x2e,0x38,0x31,0x34,0x20,0x31,0x32,0x32,0x2e,0x39,0x33,0x31,0x2c,
  0x31,0x34,0x39,0x2e,0x30,0x34,0x32,0x43,0x31,0x32,0x33,0x2e,0x37,0x31,0x34,0x2c,
  0x31,0x35,0x30,0x2e,0x31,0x30,0x31,0x20,0x31,0x32,0x33,0x2e,0x38,0x37,0x35,0x2c,
  0x31,0x34,0x39,0x2e,0x39,0x38,0x33,0x20,0x31,0x32,0x35,0x2e,0x30,0x37,0x35,0x2c,
  0x31,0x34,0x39,0x2e,0x34,0x34,0x31,0x5a,0x22,0x20,0x73,0x74,0x79,0x6c,0x65,0x3d,
  0x22,0x66,0x69,0x6c,0x6c,0x3a,0x72,0x67,0x62,0x28,0x32,0x33,0x34,0x2c,0x32,0x33,
  0x30,0x2c,0x32,0x31,0x34,0x29,0x3b,0x66,0x69,0x6c,0x6c,0x2d,0x6f,0x70,0x61,0x63,
  0x69,0x74,0x79,0x3a,0x31,0x3b,0x22,0x2f,0x3e,0xa,0x20,0x20,0x20,0x20,0x20,0x20,
  0x20,0x20,0x20,0x20,0x20,0x20,0x3c,0x70,0x61,0x74,0x68,0x20,0x64,0x3d,0x22,0x4d,
  0x33,0x30,0x32,0x2e,0x33,0x35,0x36,0x2c,0x31,0x30,0x34,0x2e,0x31,0x30,0x33,0x43,
  0x33,0x31,0x34,0x2e,0x35,0x33,0x32,0x2c,0x37,0x38,0x2e,0x37,0x38,0x38,0x20,0x33,
  0x33,0x31,0x2e,0x32,0x30,0x38,0x2c,0x37,0x36,0x2e,0x34,0x38,0x32,0x20,0x33,0x34,
  0x31,0x2e,0x34,0x38,0x36,0x2c,0x37,0x33,0x2e,0x34,0x36,0x43,0x33,0x34,0x35,0x2e,
  0x35,0x32,0x34,0x2c,0x37,0x32,0x2e,0x32,0x37,0x33,0x20,0x33,0x37,0x38,0x2e,0x37,
  0x31,0x35,0x2c,0x36,0x37,0x2e,0x39,0x36,0x36,0x20,0x33,0x39,0x34,0x2e,0x39,0x30,
  0x36,0x2c,0x39,0x36,0x2e,0x32,0x38,0x43,0x34,0x30,0x38,0x2e,0x36,0x37,0x38,0x2c,
  0x31,0x32,0x30,0x2e,0x33,0x36,0x35,0x20,0x34,0x30,0x33,0x2e,0x39,0x33,0x38,0x2c,
  0x31,0x33,0x33,0x2e,0x34,0x36,0x39,0x20,0x34,0x30,0x34,0x2e,0x38,0x36,0x34,0x2c,
  0x32,0x31,0x38,0x2e,0x34,0x39,0x33,0x43,0x34,0x30,0x35,0x2e,0x30,0x38,0x32,0x2c,
  0x32,0x33,0x38,0x2e,0x35,0x34,0x37,0x20,0x34,0x31,0x35,0x2e,0x38,0x33,0x35,0x2c,
  0x32,0x34,0x35,0x2e,0x35,0x35,0x33,0x20,0x34,0x31,0x31,0x2e,0x34,0x33,0x33,0x2c,
  0x32,0x34,0x36,0x2e,0x30,0x34,0x34,0x43,0x34,0x30,0x39,0x2e,0x34,0x39,0x39,0x2c,
  0x32,0x34,0x36,0x2e,0x32,0x35,0x39,0x20,0x33,0x34,0x37,0x2e,0x39,0x38,0x2c,0x32,
  0x34,0x35,0x2e,0x39,0x38,0x36,0x20,0x33,0x34,0x32,0x2e,0x34,0x36,0x32,0x2c,0x32,
  0x34,0x35,0x2e,0x39,0x36,0x32,0x43,0x33,0x33,0x37,0x2e,0x33,0x35,0x35,0x2c,0x32,
  0x34,0x35,0x2e,0x39,0x33,0x39,0x20,0x33,0x34,0x34,0x2e,0x36,0x35,0x39,0x2c,0x32,
  0x34,0x30,0x2e,0x32,0x36,0x34,0x20,0x33,0x34,0x37,0x2e,0x30,0x37,0x36,0x2c,0x32,
  0x32,0x37,0x2e,0x34,0x34,0x38,0x43,0x33,0x34,0x39,0x2e,0x32,0x36,0x35,0x2c,0x32,
  0x31,0x35,0x2e,0x38,0x33,0x38,0x20,0x33,0x34,0x37,0x2e,0x39,0x33,0x33,0x2c,0x31,
  0x32,0x37,0x2e,0x31,0x37,0x35,0x20,0x33,0x34,0x37,0x2e,0x37,0x37,0x37,0x2c,0x31,
  0x32,0x36,0x2e,0x34,0x31,0x43,0x33,0x34,0x36,0x2e,0x38,0x32,0x35,0x2c,0x31,0x32,
  0x31,0x2e,0x37,0x33,0x33,0x20,0x33,0x34,0x33,0x2e,0x38,0x34,0x39,0x2c,0x39,0x36,
  0x2e,0x32,0x31,0x36,0x20,0x33,0x32,0x32,0x2e,0x35,0x31,0x38,0x2c,0x39,0x37,0x2e,
  0x38,0x38,0x34,0x43,0x33,0x31,0x39,0x2e,0x34,0x37,0x33,0x2c,0x39,0x38,0x2e,0x31,
  0x32,0x32,0x20,0x33,0x30,0x32,0x2e,0x30,0x38,0x38,0x2c,0x31,0x30,0x32,0x2e,0x33,
  0x30,0x31,0x20,0x33,0x30,0x31,0x2e,0x39,0x30,0x39,0x2c,0x31,0x33,0x36,0x2e,0x35,
  0x30,0x31,0x43,0x33,0x30,0x31,0x2e,0x34,0x38,0x39,0x2c,0x32,0x31,0x36,0x2e,0x37,
  0x32,0x34,0x20,0x33,0x30,0x31,0x2e,0x38,0x30,0x33,0x2c,0x32,0x31,0x38,0x2e,0x35,
  0x34,0x36,0x20,0x33,0x30,0x33,0x2e,0x30,0x31,0x32,0x2c,0x32,0x32,0x35,0x2e,0x35,
  0x36,0x39,0x43,0x33,0x30,0x35,0x2e,0x31,0x30,0x36,0x2c,0x32,0x33,0x37,0x2e,0x37,
  0x32,0x39,0x20,0x33,0x30,0x38,0x2e,0x32,0x33,0x32,0x2c,0x32,0x34,0x31,0x2e,0x36,
  0x33,0x37,0x20,0x33,0x30,0x39,0x2e,0x31,0x34,0x35,0x2c,0x32,0x34,0x32,0x2e,0x37,
  0x37,0x39,0x43,0x33,0x31,0x30,0x2e,0x33,0x34,0x33,0x2c,0x32,0x34,0x34,0x2e,0x32,
  0x37,0x37,0x20,0x33,0x30,0x39,0x2e,0x39,0x36,0x39,0x2c,0x32,0x34,0x36,0x2e,0x30,
  0x30,0x38,0x20,0x33,0x30,0x39,0x2e,0x34,0x31,0x2c,0x32,0x34,0x36,0x2e,0x30,0x37,
  0x32,0x43,0x33,0x30,0x34,0x2e,0x30,0x31,0x32,0x2c,0x32,0x34,0x36,0x2e,0x36,0x38,
  0x38,0x20,0x33,0x30,0x34,0x2e,0x30,0x33,0x36,0x2c,0x32,0x34,0x35,0x2e,0x36,0x34,
  0x37,0x20,0x32,0x34,0x31,0x2e,0x34,0x39,0x39,0x2c,0x32,0x34,0x35,0x2e,0x39,0x34,
  0x37,0x43,0x32,0x33,0x39,0x2e,0x33,0x39,0x39,0x2c,0x32,0x34,0x35,0x2e,0x39,0x35,
  0x37,0x20,0x32,0x33,0x36,0x2e,0x38,0x32,0x37,0x2c,0x32,0x34,0x36,0x2e,0x34,0x38,
  0x20,0x32,0x33,0x38,0x2e,0x37,0x39,0x35,0x2c,0x32,0x34,0x32,0x2e,0x36,0x35,0x34,
  0x43,0x32,0x34,0x36,0x2e,0x38,0x34,0x31,0x2c,0x32,0x32,0x37,0x2e,0x30,0x30,0x39,
  0x20,0x32,0x34,0x36,0x2e,0x30,0x36,0x39,0x2c,0x32,0x32,0x36,0x2e,0x32,0x30,0x38,
  0x20,0x32,0x34,0x36,0x2e,0x30,0x35,0x2c,0x31,0x32,0x39,0x2e,0x35,0x43,0x32,0x34,
  0x36,0x2e,0x30,0x34,0x33,0x2c,0x39,0x33,0x2e,0x36,0x31,0x34,0x20,0x32,0x33,0x32,
  0x2e,0x33,0x34,0x2c,0x39,0x30,0x2e,0x34,0x34,0x34,0x20,0x32,0x33,0x39,0x2e,0x34,
  0x34,0x32,0x2c,0x38,0x39,0x2e,0x32,0x32,0x36,0x43,0x32,0x34,0x31,0x2e,0x36,0x34,
  0x33,0x2c,0x38,0x38,0x2e,0x38,0x34,0x39,0x20,0x32,0x34,0x31,0x2e,0x35,0x36,0x31,
  0x2c,0x38,0x38,0x2e,0x35,0x37,0x39,0x20,0x32,0x36,0x36,0x2e,0x34,0x33,0x36,0x2c,
  0x38,0x32,0x2e,0x31,0x30,0x35,0x43,0x32,0x37,0x35,0x2e,0x35,0x39,0x31,0x2c,0x37,
  0x39,0x2e,0x37,0x32,0x32,0x20,0x32,0x38,0x34,0x2e,0x38,0x38,0x39,0x2c,0x37,0x36,
  0x2e,0x39,0x33,0x37,0x20,0x32,0x38,0x36,0x2e,0x34,0x38,0x35,0x2c,0x37,0x36,0x2e,
  0x34,0x35,0x39,0x43,0x33,0x30,0x31,0x2e,0x31,0x32,0x34,0x2c,0x37,0x32,0x2e,0x30,
  0x37,0x34,0x20,0x33,0x30,0x31,0x2e,0x37,0x39,0x31,0x2c,0x37,0x32,0x2e,0x33,0x35,
  0x20,0x33,0x30,0x32,0x2e,0x30,0x33,0x37,0x2c,0x37,0x33,0x2e,0x35,0x39,0x43,0x33,
  0x30,0x32,0x2e,0x34,0x38,0x31,0x2c,0x37,0x35,0x2e,0x38,0x32,0x37,0x20,0x33,0x30,
  0x31,0x2e,0x38,0x32,0x31,0x2c,0x31,0x30,0x30,0x2e,0x30,0x36,0x36,0x20,0x33,0x30,
  0x31,0x2e,0x37,0x35,0x38,0x2c,0x31,0x30,0x32,0x2e,0x33,0x36,0x38,0x43,0x33,0x30,
  0x31,0x2e,0x37,0x33,0x32,0x2c,0x31,0x30,0x33,0x2e,0x33,0x32,0x39,0x20,0x33,0x30,
  0x32,0x2e,0x30,0x34,0x34,0x2c,0x31,0x30,0x33,0x2e,0x31,0x39,0x39,0x20,0x33,0x30,
  0x32,0x2e,0x33,0x35,0x36,0x2c,0x31,0x30,0x34,0x2e,0x31,0x30,0x33,0x5a,0x22,0x20,
  0x73,0x74,0x79,0x6c,0x65,0x3d,0x22,0x66,0x69,0x6c,0x6c,0x3a,0x72,0x67,0x62,0x28,
  0x32,0x33,0x34,0x2c,0x32,0x33,0x30,0x2c,0x32,0x31,0x34,0x29,0x3b,0x66,0x69,0x6c,
  0x6c,0x2d,0x6f,0x70,0x61,0x63,0x69,0x74,0x79,0x3a,0x31,0x3b,0x22,0x2f,0x3e,0xa,
  0x20,0x20,0x20,0x20,0x20,0x20,0x20,0x20,0x20,0x20,0x20,0x20,0x3c,0x70,0x61,0x74,
  0x68,0x20,0x64,0x3d,0x22,0x4d,0x36,0x34,0x38,0x2e,0x32,0x36,0x33,0x2c,0x37,0x39,
  0x2e,0x36,0x37,0x38,0x43,0x36,0x33,0x32,0x2e,0x34,0x31,0x35,0x2c,0x37,0x34,0x2e,
  0x36,0x30,0x33,0x20,0x36,0x31,0x33,0x2e,0x37,0x37,0x37,0x2c,0x39,0x37,0x2e,0x34,
  0x34,0x36,0x20,0x36,0x30,0x39,0x2e,0x32,0x33,0x31,0x2c,0x31,0x31,0x30,0x2e,0x33,
  0x39,0x43,0x35,0x39,0x38,0x2e,0x37,0x37,0x38,0x2c,0x31,0x34,0x30,0x2e,0x31,0x35,
  0x35,0x20,0x36,0x30,0x30,0x2e,0x34,0x31,0x33,0x2c,0x31,0x35,0x33,0x2e,0x35,0x34,
  0x32,0x20,0x35,0x39,0x39,0x2e,0x37,0x33,0x37,0x2c,0x31,0x35,0x37,0x2e,0x35,0x32,
  0x39,0x43,0x35,0x39,0x38,0x2e,0x36,0x35,0x39,0x2c,0x31,0x36,0x33,0x2e,0x38,0x38,
  0x37,0x20,0x35,0x39,0x37,0x2e,0x36,0x32,0x34,0x2c,0x32,0x31,0x36,0x2e,0x37,0x31,
  0x33,0x20,0x36,0x30,0x30,0x2e,0x35,0x33,0x36,0x2c,0x32,0x32,0x38,0x2e,0x34,0x38,
  0x38,0x43,0x36,0x30,0x30,0x2e,0x38,0x36,0x35,0x2c,0x32,0x32,0x39,0x2e,0x38,0x31,
  0x35,0x20,0x36,0x30,0x33,0x2e,0x36,0x34,0x34,0x2c,0x32,0x34,0x31,0x2e,0x30,0x35,
  0x32,0x20,0x36,0x30,0x36,0x2e,0x37,0x39,0x2c,0x32,0x34,0x34,0x2e,0x33,0x39,0x33,
  0x43,0x36,0x30,0x36,0x2e,0x38,0x38,0x37,0x2c,0x32,0x34,0x34,0x2e,0x34,0x39,0x36,
  0x20,0x36,0x30,0x38,0x2e,0x32,0x30,0x35,0x2c,0x32,0x34,0x35,0x2e,0x38,0x39,0x36,
  0x20,0x36,0x30,0x36,0x2e,0x34,0x31,0x38,0x2c,0x32,0x34,0x36,0x2e,0x31,0x32,0x43,
  0x36,0x30,0x31,0x2e,0x38,0x32,0x31,0x2c,0x32,0x34,0x36,0x2e,0x36,0x39,0x38,0x20,
  0x36,0x30,0x31,0x2e,0x38,0x32,0x38,0x2c,0x32,0x34,0x35,0x2e,0x39,0x34,0x36,0x20,
  0x35,0x34,0x38,0x2e,0x35,0x2c,0x32,0x34,0x35,0x2e,0x39,0x34,0x36,0x43,0x35,0x34,
  0x33,0x2e,0x36,0x35,0x37,0x2c,0x32,0x34,0x35,0x2e,0x39,0x34,0x36,0x20,0x35,0x33,
  0x32,0x2e,0x32,0x32,0x39,0x2c,0x32,0x34,0x36,0x2e,0x39,0x31,0x38,0x20,0x35,0x33,
  0x34,0x2e,0x38,0x31,0x39,0x2c,0x32,0x34,0x33,0x2e,0x37,0x33,0x37,0x43,0x35,0x34,
  0x31,0x2e,0x38,0x30,0x34,0x2c,0x32,0x33,0x35,0x2e,0x31,0x36,0x31,0x20,0x35,0x34,
  0x32,0x2e,0x31,0x33,0x2c,0x32,0x32,0x30,0x2e,0x35,0x39,0x37,0x20,0x35,0x34,0x32,
  0x2e,0x31,0x37,0x37,0x2c,0x32,0x31,0x38,0x2e,0x34,0x39,0x34,0x43,0x35,0x34,0x32,
  0x2e,0x33,0x33,0x36,0x2c,0x32,0x31,0x31,0x2e,0x33,0x39,0x39,0x20,0x35,0x34,0x33,
  0x2e,0x30,0x33,0x34,0x2c,0x32,0x31,0x31,0x2e,0x35,0x31,0x35,0x20,0x35,0x34,0x33,
  0x2e,0x30,0x33,0x35,0x2c,0x32,0x30,0x34,0x2e,0x35,0x43,0x35,0x34,0x33,0x2e,0x30,
  0x34,0x37,0x2c,0x31,0x31,0x35,0x2e,0x39,0x31,0x34,0x20,0x35,0x34,0x34,0x2e,0x31,
  0x32,0x33,0x2c,0x31,0x30,0x34,0x2e,0x39,0x31,0x20,0x35,0x33,0x34,0x2e,0x38,0x35,
  0x31,0x2c,0x39,0x32,0x2e,0x32,0x33,0x39,0x43,0x35,0x33,0x32,0x2e,0x36,0x31,0x39,
  0x2c,0x38,0x39,0x2e,0x31,0x38,0x38,0x20,0x35,0x33,0x37,0x2e,0x35,0x39,0x37,0x2c,
  0x38,0x39,0x2e,0x33,0x31,0x37,0x20,0x35,0x35,0x30,0x2e,0x34,0x38,0x35,0x2c,0x38,
  0x35,0x2e,0x34,0x35,0x38,0x43,0x35,0x35,0x31,0x2e,0x33,0x35,0x32,0x2c,0x38,0x35,
  0x2e,0x31,0x39,0x38,0x20,0x35,0x38,0x32,0x2e,0x35,0x31,0x32,0x2c,0x37,0x36,0x2e,
  0x39,0x39,0x37,0x20,0x35,0x39,0x30,0x2e,0x34,0x38,0x37,0x2c,0x37,0x34,0x2e,0x34,
  0x36,0x35,0x43,0x35,0x39,0x38,0x2e,0x33,0x34,0x31,0x2c,0x37,0x31,0x2e,0x39,0x37,
  0x32,0x20,0x35,0x39,0x38,0x2e,0x37,0x30,0x31,0x2c,0x37,0x32,0x2e,0x36,0x39,0x34,
  0x20,0x35,0x39,0x38,0x2e,0x38,0x35,0x32,0x2c,0x37,0x33,0x2e,0x33,0x35,0x32,0x43,
  0x35,0x39,0x39,0x2e,0x33,0x31,0x32,0x2c,0x37,0x35,0x2e,0x33,0x37,0x20,0x35,0x39,
  0x37,0x2e,0x37,0x36,0x32,0x2c,0x31,0x30,0x37,0x2e,0x33,0x39,0x35,0x20,0x36,0x30,
  0x30,0x2e,0x32,0x33,0x36,0x2c,0x39,0x39,0x2e,0x31,0x39,0x37,0x43,0x36,0x30,0x30,
  0x2e,0x37,0x39,0x31,0x2c,0x39,0x37,0x2e,0x33,0x36,0x20,0x36,0x31,0x31,0x2e,0x37,
  0x36,0x35,0x2c,0x37,0x39,0x2e,0x30,0x35,0x31,0x20,0x36,0x33,0x31,0x2e,0x34,0x33,
  0x38,0x2c,0x37,0x34,0x2e,0x31,0x31,0x34,0x43,0x36,0x37,0x36,0x2e,0x36,0x36,0x36,
  0x2c,0x36,0x32,0x2e,0x37,0x36,0x33,0x20,0x36,0x38,0x39,0x2e,0x35,0x36,0x35,0x2c,
  0x31,0x31,0x37,0x2e,0x31,0x37,0x36,0x20,0x36,0x36,0x31,0x2e,0x33,0x35,0x2c,0x31,
  0x33,0x31,0x2e,0x32,0x30,0x37,0x43,0x36,0x33,0x36,0x2e,0x35,0x34,0x34,0x2c,0x31,
  0x34,0x33,0x2e,0x35,0x34,0x31,0x20,0x36,0x31,0x30,0x2e,0x39,0x33,0x32,0x2c,0x31,
  0x31,0x34,0x2e,0x38,0x37,0x31,0x20,0x36,0x32,0x36,0x2e,0x38,0x35,0x39,0x2c,0x39,
  0x30,0x2e,0x38,0x30,0x33,0x43,0x36,0x33,0x32,0x2e,0x31,0x32,0x31,0x2c,0x38,0x32,
  0x2e,0x38,0x35,0x31,0x20,0x36,0x34,0x30,0x2e,0x39,0x37,0x35,0x2c,0x38,0x31,0x2e,
  0x35,0x33,0x34,0x20,0x36,0x34,0x32,0x2e,0x34,0x31,0x37,0x2c,0x38,0x31,0x2e,0x33,
  0x32,0x43,0x36,0x34,0x35,0x2e,0x35,0x30,0x39,0x2c,0x38,0x30,0x2e,0x38,0x35,0x39,
  0x20,0x36,0x34,0x35,0x2e,0x37,0x39,0x39,0x2c,0x38,0x31,0x2e,0x36,0x39,0x32,0x20,
  0x36,0x34,0x38,0x2e,0x32,0x36,0x33,0x2c,0x37,0x39,0x2e,0x36,0x37,0x38,0x5a,0x22,
  0x20,0x73,0x74,0x79,0x6c,0x65,0x3d,0x22,0x66,0x69,0x6c,0x6c,0x3a,0x72,0x67,0x62,
  0x28,0x32,0x33,0x34,0x2c,0x32,0x33,0x30,0x2c,0x32,0x31,0x34,0x29,0x3b,0x66,0x69,
  0x6c,0x6c,0x2d,0x6f,0x70,0x61,0x63,0x69,0x74,0x79,0x3a,0x31,0x3b,0x22,0x2f,0x3e,
  0xa,0x20,0x20,0x20,0x20,0x20,0x20,0x20,0x20,0x20,0x20,0x20,0x20,0x3c,0x70,0x61,
  0x74,0x68,0x20,0x64,0x3d,0x22,0x4d,0x34,0x38,0x31,0x2e,0x36,0x30,0x34,0x2c,0x32,
  0x34,0x30,0x2e,0x38,0x30,0x31,0x43,0x34,0x38,0x31,0x2e,0x38,0x31,0x36,0x2c,0x32,
  0x34,0x30,0x2e,0x38,0x37,0x37,0x20,0x34,0x38,0x34,0x2e,0x34,0x31,0x38,0x2c,0x32,
  0x34,0x31,0x2e,0x38,0x30,0x33,0x20,0x34,0x38,0x34,0x2e,0x34,0x30,0x38,0x2c,0x32,
  0x34,0x30,0x2e,0x35,0x32,0x35,0x43,0x34,0x38,0x34,0x2e,0x34,0x30,0x33,0x2c,0x32,
  0x33,0x39,0x2e,0x38,0x35,0x37,0x20,0x34,0x38,0x32,0x2e,0x33,0x38,0x33,0x2c,0x32,
  0x33,0x39,0x2e,0x30,0x32,0x31,0x20,0x34,0x38,0x32,0x2e,0x31,0x38,0x2c,0x32,0x33,
  0x38,0x2e,0x39,0x33,0x37,0x43,0x34,0x38,0x30,0x2e,0x38,0x36,0x33,0x2c,0x32,0x33,
  0x38,0x2e,0x33,0x39,0x32,0x20,0x34,0x37,0x33,0x2e,0x34,0x38,0x37,0x2c,0x32,0x33,
  0x35,0x2e,0x33,0x34,0x20,0x34,0x37,0x30,0x2e,0x34,0x37,0x34,0x2c,0x32,0x32,0x35,
  0x2e,0x35,0x31,0x43,0x34,0x37,0x30,0x2e,0x34,0x30,0x33,0x2c,0x32,0x32,0x35,0x2e,
  0x32,0x37,0x39,0x20,0x34,0x36,0x39,0x2e,0x35,0x33,0x2c,0x32,0x31,0x36,0x2e,0x35,
  0x33,0x35,0x20,0x34,0x36,0x39,0x2e,0x35,0x33,0x35,0x2c,0x32,0x31,0x36,0x2e,0x35,
  0x30,0x37,0x43,0x34,0x37,0x30,0x2e,0x37,0x36,0x31,0x2c,0x32,0x30,0x39,0x2e,0x32,
  0x31,0x38,0x20,0x34,0x36,0x39,0x2e,0x39,0x32,0x34,0x2c,0x32,0x30,0x35,0x2e,0x34,
  0x33,0x31,0x20,0x34,0x37,0x38,0x2e,0x37,0x39,0x39,0x2c,0x31,0x39,0x36,0x2e,0x38,
  0x30,0x37,0x43,0x34,0x38,0x37,0x2e,0x33,0x33,0x37,0x2c,0x31,0x38,0x38,0x2e,0x35,
  0x31,0x20,0x35,0x30,0x30,0x2e,0x35,0x34,0x33,0x2c,0x31,0x39,0x30,0x2e,0x32,0x31,
  0x32,0x20,0x35,0x30,0x34,0x2e,0x35,0x31,0x38,0x2c,0x31,0x39,0x31,0x2e,0x34,0x35,
  0x31,0x43,0x35,0x32,0x31,0x2e,0x35,0x2c,0x31,0x39,0x36,0x2e,0x37,0x34,0x33,0x20,
  0x35,0x32,0x32,0x2e,0x37,0x36,0x37,0x2c,0x32,0x31,0x30,0x2e,0x35,0x34,0x32,0x20,
  0x35,0x32,0x33,0x2e,0x32,0x32,0x32,0x2c,0x32,0x31,0x32,0x2e,0x35,0x39,0x32,0x43,
  0x35,0x32,0x35,0x2e,0x35,0x37,0x31,0x2c,0x32,0x32,0x33,0x2e,0x31,0x37,0x32,0x20,
  0x35,0x32,0x30,0x2e,0x38,0x38,0x32,0x2c,0x32,0x33,0x36,0x2e,0x35,0x30,0x35,0x20,
  0x35,0x30,0x39,0x2e,0x37,0x31,0x39,0x2c,0x32,0x34,0x32,0x2e,0x39,0x30,0x39,0x43,
  0x34,0x38,0x38,0x2e,0x36,0x31,0x31,0x2c,0x32,0x35,0x35,0x2e,0x30,0x31,0x38,0x20,
  0x34,0x36,0x35,0x2e,0x37,0x30,0x38,0x2c,0x32,0x34,0x33,0x2e,0x35,0x37,0x35,0x20,
  0x34,0x36,0x32,0x2e,0x33,0x31,0x35,0x2c,0x32,0x34,0x31,0x2e,0x38,0x38,0x43,0x34,
  0x34,0x34,0x2e,0x38,0x36,0x31,0x2c,0x32,0x33,0x33,0x2e,0x31,0x35,0x39,0x20,0x34,
  0x33,0x38,0x2e,0x37,0x34,0x2c,0x32,0x31,0x34,0x2e,0x33,0x37,0x35,0x20,0x34,0x33,
  0x37,0x2e,0x37,0x37,0x2c,0x32,0x31,0x31,0x2e,0x33,0x39,0x38,0x43,0x34,0x33,0x33,
  0x2e,0x35,0x30,0x39,0x2c,0x31,0x39,0x38,0x2e,0x33,0x32,0x31,0x20,0x34,0x33,0x35,
  0x2e,0x38,0x32,0x2c,0x31,0x39,0x36,0x2e,0x32,0x39,0x39,0x20,0x34,0x33,0x34,0x2e,
  0x37,0x37,0x33,0x2c,0x31,0x39,0x32,0x2e,0x34,0x31,0x38,0x43,0x34,0x33,0x33,0x2e,
  0x35,0x34,0x35,0x2c,0x31,0x38,0x37,0x2e,0x38,0x36,0x34,0x20,0x34,0x33,0x34,0x2e,
  0x35,0x34,0x34,0x2c,0x39,0x37,0x2e,0x39,0x39,0x32,0x20,0x34,0x33,0x34,0x2e,0x32,
  0x31,0x34,0x2c,0x38,0x35,0x2e,0x35,0x33,0x33,0x43,0x34,0x33,0x34,0x2e,0x31,0x33,
  0x35,0x2c,0x38,0x32,0x2e,0x35,0x36,0x37,0x20,0x34,0x31,0x39,0x2e,0x35,0x36,0x31,
  0x2c,0x38,0x34,0x2e,0x33,0x35,0x34,0x20,0x34,0x31,0x37,0x2e,0x33,0x39,0x33,0x2c,
  0x38,0x33,0x2e,0x38,0x30,0x36,0x43,0x34,0x31,0x35,0x2e,0x38,0x35,0x33,0x2c,0x38,
  0x33,0x2e,0x34,0x31,0x37,0x20,0x34,0x31,0x36,0x2e,0x32,0x31,0x33,0x2c,0x37,0x36,
  0x2e,0x31,0x30,0x34,0x20,0x34,0x31,0x36,0x2e,0x32,0x34,0x36,0x2c,0x37,0x35,0x2e,
  0x34,0x32,0x39,0x43,0x34,0x31,0x36,0x2e,0x33,0x35,0x38,0x2c,0x37,0x33,0x2e,0x31,
  0x34,0x38,0x20,0x34,0x31,0x39,0x2e,0x31,0x38,0x31,0x2c,0x37,0x35,0x2e,0x34,0x32,
  0x31,0x20,0x34,0x32,0x38,0x2e,0x34,0x35,0x34,0x2c,0x37,0x33,0x2e,0x32,0x33,0x43,
  0x34,0x33,0x30,0x2e,0x33,0x31,0x2c,0x37,0x32,0x2e,0x37,0x39,0x32,0x20,0x34,0x34,
  0x34,0x2e,0x37,0x38,0x36,0x2c,0x36,0x39,0x2e,0x33,0x37,0x32,0x20,0x34,0x35,0x30,
  0x2e,0x37,0x38,0x2c,0x36,0x34,0x2e,0x38,0x36,0x43,0x34,0x35,0x36,0x2e,0x33,0x37,
  0x36,0x2c,0x36,0x30,0x2e,0x36,0x34,0x38,0x20,0x34,0x35,0x38,0x2e,0x33,0x35,0x37,
  0x2c,0x36,0x33,0x2e,0x33,0x33,0x36,0x20,0x34,0x37,0x37,0x2e,0x33,0x37,0x31,0x2c,
  0x34,0x34,0x2e,0x33,0x37,0x35,0x43,0x34,0x38,0x37,0x2e,0x30,0x30,0x34,0x2c,0x33,
  0x34,0x2e,0x37,0x36,0x38,0x20,0x34,0x39,0x31,0x2e,0x33,0x36,0x31,0x2c,0x32,0x33,
  0x2e,0x33,0x20,0x34,0x39,0x30,0x2e,0x39,0x38,0x33,0x2c,0x33,0x30,0x2e,0x33,0x38,
  0x35,0x43,0x34,0x39,0x30,0x2e,0x38,0x32,0x36,0x2c,0x33,0x33,0x2e,0x33,0x32,0x39,
  0x20,0x34,0x39,0x30,0x2e,0x37,0x38,0x34,0x2c,0x37,0x32,0x2e,0x38,0x38,0x33,0x20,
  0x34,0x39,0x30,0x2e,0x39,0x38,0x39,0x2c,0x37,0x33,0x2e,0x33,0x33,0x39,0x43,0x34,
  0x39,0x31,0x2e,0x37,0x37,0x34,0x2c,0x37,0x35,0x2e,0x30,0x38,0x37,0x20,0x35,0x31,
  0x36,0x2e,0x30,0x36,0x33,0x2c,0x37,0x33,0x2e,0x39,0x33,0x34,0x20,0x35,0x32,0x32,
  0x2e,0x35,0x36,0x34,0x2c,0x37,0x34,0x2e,0x32,0x35,0x35,0x43,0x35,0x32,0x34,0x2e,
  0x35,0x32,0x39,0x2c,0x37,0x34,0x2e,0x33,0x35,0x32,0x20,0x35,0x32,0x33,0x2e,0x38,
  0x35,0x39,0x2c,0x38,0x32,0x2e,0x33,0x32,0x31,0x20,0x35,0x32,0x33,0x2e,0x38,0x2c,
  0x38,0x32,0x2e,0x35,0x38,0x32,0x43,0x35,0x32,0x33,0x2e,0x31,0x31,0x34,0x2c,0x38,
  0x35,0x2e,0x36,0x34,0x32,0x20,0x34,0x39,0x33,0x2e,0x32,0x35,0x37,0x2c,0x38,0x32,
  0x2e,0x36,0x32,0x38,0x20,0x34,0x39,0x31,0x2e,0x34,0x31,0x35,0x2c,0x38,0x34,0x2e,
  0x34,0x31,0x34,0x43,0x34,0x39,0x30,0x2e,0x32,0x30,0x36,0x2c,0x38,0x35,0x2e,0x35,
  0x38,0x37,0x20,0x34,0x39,0x31,0x2e,0x32,0x31,0x33,0x2c,0x31,0x36,0x38,0x2e,0x39,
  0x39,0x37,0x20,0x34,0x39,0x30,0x2e,0x38,0x32,0x36,0x2c,0x31,0x37,0x37,0x2e,0x35,
  0x35,0x31,0x43,0x34,0x39,0x30,0x2e,0x36,0x32,0x2c,0x31,0x38,0x32,0x2e,0x30,0x39,
  0x35,0x20,0x34,0x38,0x31,0x2e,0x33,0x33,0x2c,0x31,0x37,0x36,0x2e,0x39,0x31,0x38,
  0x20,0x34,0x36,0x37,0x2e,0x36,0x32,0x36,0x2c,0x31,0x39,0x30,0x2e,0x36,0x32,0x37,
  0x43,0x34,0x35,0x37,0x2e,0x35,0x35,0x36,0x2c,0x32,0x30,0x30,0x2e,0x37,0x20,0x34,
  0x35,0x37,0x2e,0x35,0x32,0x35,0x2c,0x32,0x31,0x36,0x2e,0x32,0x32,0x39,0x20,0x34,
  0x36,0x30,0x2e,0x38,0x39,0x38,0x2c,0x32,0x32,0x33,0x2e,0x33,0x32,0x43,0x34,0x36,
  0x37,0x2e,0x38,0x38,0x35,0x2c,0x32,0x33,0x38,0x2e,0x30,0x30,0x36,0x20,0x34,0x37,
  0x37,0x2e,0x39,0x36,0x35,0x2c,0x32,0x33,0x39,0x2e,0x33,0x39,0x36,0x20,0x34,0x38,
  0x31,0x2e,0x36,0x30,0x34,0x2c,0x32,0x34,0x30,0x2e,0x38,0x30,0x31,0x5a,0x22,0x20,
  0x73,0x74,0x79,0x6c,0x65,0x3d,0x22,0x66,0x69,0x6c,0x6c,0x3a,0x72,0x67,0x62,0x28,
  0x32,0x33,0x34,0x2c,0x32,0x33,0x30,0x2c,0x32,0x31,0x34,0x29,0x3b,0x66,0x69,0x6c,
  0x6c,0x2d,0x6f,0x70,0x61,0x63,0x69,0x74,0x79,0x3a,0x31,0x3b,0x22,0x2f,0x3e,0xa,
  0x20,0x20,0x20,0x20,0x20,0x20,0x20,0x20,0x3c,0x2f,0x67,0x3e,0xa,0x20,0x20,0x20,
  0x20,0x3c,0x2f,0x67,0x3e,0xa,0x20,0x20,0x20,0x20,0x3c,0x67,0x20,0x69,0x64,0x3d,
  0x22,0x50,0x72,0x61,0x6e,0x63,0x68,0x65,0x74,0x61,0x32,0x22,0x20,0x74,0x72,0x61,
  0x6e,0x73,0x66,0x6f,0x72,0x6d,0x3d,0x22,0x6d,0x61,0x74,0x72,0x69,0x78,0x28,0x31,
  0x2c,0x30,0x2c,0x30,0x2c,0x31,0x2c,0x33,0x36,0x2e,0x33,0x31,0x39,0x38,0x33,0x39,
  0x2c,0x35,0x31,0x2e,0x39,0x30,0x31,0x31,0x32,0x38,0x29,0x22,0x3e,0xa,0x20,0x20,
  0x20,0x20,0x20,0x20,0x20,0x20,0x3c,0x72,0x65,0x63,0x74,0x20,0x78,0x3d,0x22,0x2d,
  0x33,0x36,0x2e,0x33,0x32,0x22,0x20,0x79,0x3d,0x22,0x2d,0x35,0x31,0x2e,0x39,0x30,
  0x31,0x22,0x20,0x77,0x69,0x64,0x74,0x68,0x3d,0x22,0x31,0x32,0x30,0x37,0x2e,0x35,
  0x34,0x36,0x22,0x20,0x68,0x65,0x69,0x67,0x68,0x74,0x3d,0x22,0x33,0x38,0x32,0x2e,
  0x35,0x36,0x38,0x22,0x20,0x73,0x74,0x79,0x6c,0x65,0x3d,0x22,0x66,0x69,0x6c,0x6c,
  0x3a,0x6e,0x6f,0x6e,0x65,0x3b,0x22,0x2f,0x3e,0xa,0x20,0x20,0x20,0x20,0x20,0x20,
  0x20,0x20,0x3c,0x67,0x20,0x69,0x64,0x3d,0x22,0x49,0x4d,0x47,0x5f,0x30,0x38,0x32,
  0x39,0x2e,0x50,0x4e,0x47,0x22,0x20,0x74,0x72,0x61,0x6e,0x73,0x66,0x6f,0x72,0x6d,
  0x3d,0x22,0x6d,0x61,0x74,0x72,0x69,0x78,0x28,0x31,0x2c,0x30,0x2c,0x30,0x2c,0x31,
  0x2c,0x38,0x34,0x38,0x2e,0x36,0x38,0x30,0x31,0x36,0x31,0x2c,0x31,0x38,0x2e,0x30,
  0x39,0x38,0x38,0x37,0x32,0x29,0x22,0x3e,0xa,0x20,0x20,0x20,0x20,0x20,0x20,0x20,
  0x20,0x20,0x20,0x20,0x20,0x3c,0x70,0x61,0x74,0x68,0x20,0x64,0x3d,0x22,0x4d,0x33,
  0x38,0x2e,0x30,0x33,0x37,0x2c,0x31,0x35,0x30,0x2e,0x34,0x38,0x43,0x33,0x38,0x2e,
  0x31,0x30,0x31,0x2c,0x31,0x34,0x34,0x2e,0x30,0x30,0x31,0x20,0x33,0x36,0x2e,0x32,
  0x31,0x37,0x2c,0x31,0x33,0x30,0x2e,0x37,0x35,0x38,0x20,0x34,0x34,0x2e,0x30,0x33,
  0x38,0x2c,0x31,0x34,0x30,0x2e,0x38,0x35,0x39,0x43,0x35,0x37,0x2e,0x39,0x35,0x31,
  0x2c,0x31,0x35,0x38,0x2e,0x38,0x32,0x38,0x20,0x36,0x31,0x2e,0x36,0x31,0x34,0x2c,
  0x31,0x37,0x33,0x2e,0x34,0x38,0x20,0x36,0x32,0x2e,0x30,0x38,0x35,0x2c,0x31,0x37,
  0x34,0x2e,0x36,0x39,0x35,0x43,0x36,0x37,0x2e,0x31,0x36,0x31,0x2c,0x31,0x38,0x37,
  0x2e,0x37,0x38,0x32,0x20,0x36,0x33,0x2e,0x32,0x39,0x37,0x2c,0x31,0x37,0x31,0x2e,
  0x38,0x33,0x36,0x20,0x36,0x33,0x2e,0x32,0x30,0x38,0x2c,0x31,0x37,0x31,0x2e,0x35,
  0x38,0x37,0x43,0x34,0x37,0x2e,0x30,0x39,0x35,0x2c,0x31,0x32,0x36,0x2e,0x35,0x34,
  0x34,0x20,0x36,0x36,0x2e,0x36,0x39,0x38,0x2c,0x37,0x31,0x2e,0x30,0x35,0x34,0x20,
  0x31,0x30,0x31,0x2e,0x37,0x2c,0x33,0x34,0x2e,0x36,0x39,0x36,0x43,0x31,0x32,0x34,
  0x2e,0x33,0x32,0x2c,0x31,0x31,0x2e,0x32,0x20,0x31,0x35,0x30,0x2e,0x31,0x37,0x38,
  0x2c,0x32,0x2e,0x30,0x32,0x39,0x20,0x31,0x35,0x31,0x2e,0x35,0x33,0x36,0x2c,0x32,
  0x2e,0x30,0x36,0x39,0x43,0x31,0x35,0x38,0x2e,0x39,0x35,0x39,0x2c,0x32,0x2e,0x32,
  0x38,0x37,0x20,0x31,0x33,0x39,0x2e,0x38,0x33,0x36,0x2c,0x37,0x2e,0x34,0x32,0x36,
  0x20,0x31,0x34,0x37,0x2e,0x30,0x31,0x34,0x2c,0x34,0x30,0x2e,0x35,0x37,0x43,0x31,
  0x35,0x33,0x2e,0x30,0x37,0x33,0x2c,0x36,0x38,0x2e,0x35,0x34,0x35,0x20,0x31,0x36,
  0x38,0x2e,0x33,0x37,0x2c,0x36,0x35,0x2e,0x32,0x31,0x31,0x20,0x31,0x37,0x37,0x2e,
  0x32,0x32,0x32,0x2c,0x39,0x39,0x2e,0x35,0x37,0x31,0x43,0x32,0x30,0x30,0x2e,0x33,
  0x33,0x37,0x2c,0x31,0x38,0x39,0x2e,0x32,0x39,0x34,0x20,0x39,0x39,0x2e,0x31,0x36,
  0x37,0x2c,0x32,0x33,0x39,0x2e,0x36,0x33,0x36,0x20,0x33,0x37,0x2e,0x34,0x36,0x33,
  0x2c,0x32,0x34,0x35,0x2e,0x30,0x35,0x32,0x43,0x39,0x2e,0x38,0x32,0x34,0x2c,0x32,
  0x34,0x37,0x2e,0x34,0x37,0x37,0x20,0x39,0x2e,0x39,0x31,0x38,0x2c,0x32,0x34,0x38,
  0x2e,0x32,0x36,0x37,0x20,0x37,0x2e,0x35,0x30,0x38,0x2c,0x32,0x34,0x38,0x2e,0x33,
  0x35,0x35,0x43,0x2d,0x30,0x2e,0x38,0x38,0x35,0x2c,0x32,0x34,0x38,0x2e,0x36,0x36,
  0x32,0x20,0x31,0x37,0x2e,0x39,0x32,0x2c,0x32,0x34,0x33,0x2e,0x34,0x34,0x33,0x20,
  0x31,0x39,0x2e,0x36,0x32,0x35,0x2c,0x32,0x34,0x32,0x2e,0x38,0x33,0x43,0x39,0x33,
  0x2e,0x38,0x36,0x38,0x2c,0x32,0x31,0x36,0x2e,0x31,0x35,0x31,0x20,0x31,0x31,0x37,
  0x2e,0x32,0x39,0x33,0x2c,0x31,0x37,0x32,0x2e,0x37,0x31,0x32,0x20,0x31,0x31,0x37,
  0x2e,0x32,0x35,0x34,0x2c,0x31,0x36,0x36,0x2e,0x35,0x31,0x31,0x43,0x31,0x31,0x37,
  0x2e,0x32,0x35,0x31,0x2c,0x31,0x36,0x36,0x2e,0x30,0x34,0x31,0x20,0x31,0x31,0x35,
  0x2e,0x35,0x36,0x35,0x2c,0x31,0x36,0x33,0x2e,0x30,0x33,0x39,0x20,0x31,0x31,0x32,
  0x2e,0x30,0x35,0x2c,0x31,0x36,0x39,0x2e,0x32,0x36,0x33,0x43,0x31,0x30,0x39,0x2e,
  0x35,0x37,0x39,0x2c,0x31,0x37,0x33,0x2e,0x36,0x33,0x39,0x20,0x39,0x37,0x2e,0x34,
  0x33,0x33,0x2c,0x31,0x39,0x35,0x2e,0x31,0x34,0x37,0x20,0x36,0x38,0x2e,0x35,0x38,
  0x31,0x2c,0x32,0x31,0x34,0x2e,0x36,0x31,0x37,0x43,0x33,0x34,0x2e,0x39,0x31,0x2c,
  0x32,0x33,0x37,0x2e,0x33,0x34,0x20,0x31,0x38,0x2e,0x37,0x33,0x31,0x2c,0x32,0x33,
  0x39,0x2e,0x32,0x38,0x33,0x20,0x36,0x2e,0x34,0x35,0x33,0x2c,0x32,0x34,0x34,0x2e,
  0x33,0x33,0x36,0x43,0x2d,0x31,0x2e,0x35,0x30,0x33,0x2c,0x32,0x34,0x37,0x2e,0x36,
  0x31,0x31,0x20,0x37,0x2e,0x34,0x31,0x37,0x2c,0x32,0x34,0x30,0x2e,0x35,0x32,0x37,
  0x20,0x39,0x2e,0x30,0x39,0x39,0x2c,0x32,0x33,0x38,0x2e,0x31,0x39,0x34,0x43,0x31,
  0x32,0x2e,0x33,0x33,0x39,0x2c,0x32,0x33,0x33,0x2e,0x37,0x30,0x33,0x20,0x33,0x32,
  0x2e,0x38,0x34,0x39,0x2c,0x32,0x30,0x36,0x2e,0x38,0x32,0x32,0x20,0x33,0x38,0x2e,
  0x30,0x33,0x37,0x2c,0x31,0x35,0x30,0x2e,0x34,0x38,0x5a,0x22,0x20,0x73,0x74,0x79,
  0x6c,0x65,0x3d,0x22,0x66,0x69,0x6c,0x6c,0x3a,0x72,0x67,0x62,0x28,0x32,0x33,0x34,
  0x2c,0x32,0x33,0x30,0x2c,0x32,0x31,0x34,0x29,0x3b,0x22,0x2f,0x3e,0xa,0x20,0x20,
  0x20,0x20,0x20,0x20,0x20,0x20,0x3c,0x2f,0x67,0x3e,0xa,0x20,0x20,0x20,0x20,0x3c,
  0x2f,0x67,0x3e,0xa,0x3c,0x2f,0x73,0x76,0x67,0x3e,0xa,
  
};

static const unsigned char qt_resource_name[] = {
  // qt
  0x0,0x2,
  0x0,0x0,0x7,0x84,
  0x0,0x71,
  0x0,0x74,
    // qml
  0x0,0x3,
  0x0,0x0,0x78,0x3c,
  0x0,0x71,
  0x0,0x6d,0x0,0x6c,
    // Antro
  0x0,0x5,
  0x0,0x48,0x5b,0x8f,
  0x0,0x41,
  0x0,0x6e,0x0,0x74,0x0,0x72,0x0,0x6f,
    // assets
  0x0,0x6,
  0x6,0x8a,0x9c,0xb3,
  0x0,0x61,
  0x0,0x73,0x0,0x73,0x0,0x65,0x0,0x74,0x0,0x73,
    // AntroFolhinha.svg
  0x0,0x11,
  0x2,0x71,0x69,0x7,
  0x0,0x41,
  0x0,0x6e,0x0,0x74,0x0,0x72,0x0,0x6f,0x0,0x46,0x0,0x6f,0x0,0x6c,0x0,0x68,0x0,0x69,0x0,0x6e,0x0,0x68,0x0,0x61,0x0,0x2e,0x0,0x73,0x0,0x76,0x0,0x67,
  
    // AntroVerde.svg
  0x0,0xe,
  0x3,0xd6,0xd1,0x47,
  0x0,0x41,
  0x0,0x6e,0x0,0x74,0x0,0x72,0x0,0x6f,0x0,0x56,0x0,0x65,0x0,0x72,0x0,0x64,0x0,0x65,0x0,0x2e,0x0,0x73,0x0,0x76,0x0,0x67,
    // FolhaMarca.svg
  0x0,0xe,
  0x4,0xd0,0x8e,0x87,
  0x0,0x46,
  0x0,0x6f,0x0,0x6c,0x0,0x68,0x0,0x61,0x0,0x4d,0x0,0x61,0x0,0x72,0x0,0x63,0x0,0x61,0x0,0x2e,0x0,0x73,0x0,0x76,0x0,0x67,
    // FolhaIcone.svg
  0x0,0xe,
  0xa,0x1c,0xf6,0x47,
  0x0,0x46,
  0x0,0x6f,0x0,0x6c,0x0,0x68,0x0,0x61,0x0,0x49,0x0,0x63,0x0,0x6f,0x0,0x6e,0x0,0x65,0x0,0x2e,0x0,0x73,0x0,0x76,0x0,0x67,
    // AntroBege.svg
  0x0,0xd,
  0xb,0x63,0x7c,0xe7,
  0x0,0x41,
  0x0,0x6e,0x0,0x74,0x0,0x72,0x0,0x6f,0x0,0x42,0x0,0x65,0x0,0x67,0x0,0x65,0x0,0x2e,0x0,0x73,0x0,0x76,0x0,0x67,
  
};

static const unsigned char qt_resource_struct[] = {
  // :
  0x0,0x0,0x0,0x0,0x0,0x2,0x0,0x0,0x0,0x1,0x0,0x0,0x0,0x1,
0x0,0x0,0x0,0x0,0x0,0x0,0x0,0x0,
  // :/qt
  0x0,0x0,0x0,0x0,0x0,0x2,0x0,0x0,0x0,0x1,0x0,0x0,0x0,0x2,
0x0,0x0,0x0,0x0,0x0,0x0,0x0,0x0,
  // :/qt/qml
  0x0,0x0,0x0,0xa,0x0,0x2,0x0,0x0,0x0,0x1,0x0,0x0,0x0,0x3,
0x0,0x0,0x0,0x0,0x0,0x0,0x0,0x0,
  // :/qt/qml/Antro
  0x0,0x0,0x0,0x16,0x0,0x2,0x0,0x0,0x0,0x1,0x0,0x0,0x0,0x4,
0x0,0x0,0x0,0x0,0x0,0x0,0x0,0x0,
  // :/qt/qml/Antro/assets
  0x0,0x0,0x0,0x26,0x0,0x2,0x0,0x0,0x0,0x5,0x0,0x0,0x0,0x5,
0x0,0x0,0x0,0x0,0x0,0x0,0x0,0x0,
  // :/qt/qml/Antro/assets/AntroFolhinha.svg
  0x0,0x0,0x0,0x38,0x0,0x0,0x0,0x0,0x0,0x1,0x0,0x0,0x0,0x0,
0x0,0x0,0x1,0xa1,0x8,0x98,0xfd,0xd8,
  // :/qt/qml/Antro/assets/AntroVerde.svg
  0x0,0x0,0x0,0x60,0x0,0x0,0x0,0x0,0x0,0x1,0x0,0x0,0x1e,0x73,
0x0,0x0,0x1,0xa1,0x8,0x99,0xf2,0xaa,
  // :/qt/qml/Antro/assets/FolhaMarca.svg
  0x0,0x0,0x0,0x82,0x0,0x0,0x0,0x0,0x0,0x1,0x0,0x0,0x3d,0x73,
0x0,0x0,0x1,0xa1,0x8,0x33,0x23,0x99,
  // :/qt/qml/Antro/assets/FolhaIcone.svg
  0x0,0x0,0x0,0xa4,0x0,0x0,0x0,0x0,0x0,0x1,0x0,0x0,0x40,0xa5,
0x0,0x0,0x1,0xa1,0x8,0x33,0x23,0x99,
  // :/qt/qml/Antro/assets/AntroBege.svg
  0x0,0x0,0x0,0xc6,0x0,0x0,0x0,0x0,0x0,0x1,0x0,0x0,0x43,0xd7,
0x0,0x0,0x1,0xa1,0x8,0x96,0xd9,0xfa,

};

#ifdef QT_NAMESPACE
#  define QT_RCC_PREPEND_NAMESPACE(name) ::QT_NAMESPACE::name
#  define QT_RCC_MANGLE_NAMESPACE0(x) x
#  define QT_RCC_MANGLE_NAMESPACE1(a, b) a##_##b
#  define QT_RCC_MANGLE_NAMESPACE2(a, b) QT_RCC_MANGLE_NAMESPACE1(a,b)
#  define QT_RCC_MANGLE_NAMESPACE(name) QT_RCC_MANGLE_NAMESPACE2( \
        QT_RCC_MANGLE_NAMESPACE0(name), QT_RCC_MANGLE_NAMESPACE0(QT_NAMESPACE))
#else
#   define QT_RCC_PREPEND_NAMESPACE(name) name
#   define QT_RCC_MANGLE_NAMESPACE(name) name
#endif

#if defined(QT_INLINE_NAMESPACE)
inline namespace QT_NAMESPACE {
#elif defined(QT_NAMESPACE)
namespace QT_NAMESPACE {
#endif

bool qRegisterResourceData(int, const unsigned char *, const unsigned char *, const unsigned char *);
bool qUnregisterResourceData(int, const unsigned char *, const unsigned char *, const unsigned char *);

#ifdef QT_NAMESPACE
}
#endif

int QT_RCC_MANGLE_NAMESPACE(qInitResources_appAntro_raw_res_0)();
int QT_RCC_MANGLE_NAMESPACE(qInitResources_appAntro_raw_res_0)()
{
    int version = 3;
    QT_RCC_PREPEND_NAMESPACE(qRegisterResourceData)
        (version, qt_resource_struct, qt_resource_name, qt_resource_data);
    return 1;
}

int QT_RCC_MANGLE_NAMESPACE(qCleanupResources_appAntro_raw_res_0)();
int QT_RCC_MANGLE_NAMESPACE(qCleanupResources_appAntro_raw_res_0)()
{
    int version = 3;
    QT_RCC_PREPEND_NAMESPACE(qUnregisterResourceData)
       (version, qt_resource_struct, qt_resource_name, qt_resource_data);
    return 1;
}

#ifdef __clang__
#   pragma clang diagnostic push
#   pragma clang diagnostic ignored "-Wexit-time-destructors"
#endif

namespace {
   struct initializer {
       initializer() { QT_RCC_MANGLE_NAMESPACE(qInitResources_appAntro_raw_res_0)(); }
       ~initializer() { QT_RCC_MANGLE_NAMESPACE(qCleanupResources_appAntro_raw_res_0)(); }
   } dummy;
}

#ifdef __clang__
#   pragma clang diagnostic pop
#endif
